transaction_id,account_id,amount,currency,status,merchant,payment_method,timestamp
txn_03885faeaa18,acc_00253,894.78,SGD,denied,7-Eleven,googlepay,2026-08-05T00:01:25Z
txn_af50d9a536c6,acc_00190,827.63,SGD,completed,Grab,paynow,2026-08-05T00:01:25Z
txn_7cca162ce3be,acc_00461,38.90,SGD,completed,McDonald's,paynow,2026-08-05T00:02:08Z
txn_7c27ebed9597,acc_00321,276.69,SGD,pending,Grab,card,2026-08-05T00:02:22Z
txn_4b278d254b8a,acc_00300,745.97,SGD,completed,Shopee,applepay,2026-08-05T00:02:22Z
txn_0c494da8b0e3,acc_00234,720.08,SGD,pending,NTUC FairPrice,card,2026-08-05T00:02:36Z
txn_916802b855ed,acc_00386,107.97,SGD,completed,Guardian,googlepay,2026-08-05T00:02:37Z
txn_d80c009ad662,acc_00108,226.46,SGD,completed,Cold Storage,card,2026-08-05T00:02:47Z
txn_3fc42de4f84b,acc_00394,621.44,SGD,pending,Guardian,grabpay,2026-08-05T00:03:11Z
txn_23987d68ab68,acc_00472,651.13,SGD,denied,Grab,grabpay,2026-08-05T00:03:13Z
txn_1237fca98ec4,acc_00381,654.84,SGD,completed,7-Eleven,grabpay,2026-08-05T00:03:15Z
txn_35592ae78263,acc_00383,341.35,SGD,pending,Starbucks,card,2026-08-05T00:03:16Z
txn_221d422aa333,acc_00340,169.05,SGD,denied,Shopee,googlepay,2026-08-05T00:03:31Z
txn_01f91db8791b,acc_00198,809.80,SGD,completed,NTUC FairPrice,applepay,2026-08-05T00:03:41Z
txn_e2189ca259df,acc_00415,163.56,SGD,denied,Lazada,googlepay,2026-08-05T00:04:10Z
txn_dedc735aed71,acc_00092,59.50,SGD,denied,McDonald's,paynow,2026-08-05T00:04:21Z
txn_553a5ae896e3,acc_00077,487.48,SGD,completed,Shopee,card,2026-08-05T00:04:33Z
txn_0a1bcfea4c02,acc_00131,696.56,MYR,completed,Lazada,googlepay,2026-08-05T00:05:36Z
txn_d1f510b2f1f5,acc_00122,698.49,SGD,completed,Guardian,grabpay,2026-08-05T00:05:38Z
txn_a66c387b95ed,acc_00111,732.21,SGD,completed,Shopee,googlepay,2026-08-05T00:06:11Z
txn_a7b2c4cbf8af,acc_00270,521.14,SGD,completed,Lazada,grabpay,2026-08-05T00:06:15Z
txn_3a656fc3150b,acc_00193,56.44,SGD,completed,Shopee,paynow,2026-08-05T00:06:22Z
txn_8a0cc96fe80c,acc_00205,614.56,SGD,completed,Lazada,applepay,2026-08-05T00:07:26Z
txn_225859812dbf,acc_00102,660.66,SGD,pending,Starbucks,paynow,2026-08-05T00:07:39Z
txn_c658ef9c1ce7,acc_00210,780.04,MYR,completed,Grab,card,2026-08-05T00:07:58Z
txn_5a482ae9d19a,acc_00256,778.20,SGD,pending,Cold Storage,googlepay,2026-08-05T00:08:01Z
txn_4b587b1906c7,acc_00138,511.71,SGD,completed,Watsons,paynow,2026-08-05T00:08:05Z
txn_6acb2f600bda,acc_00271,176.21,SGD,pending,Guardian,card,2026-08-05T00:08:28Z
txn_812030efdb8f,acc_00148,507.23,SGD,completed,Cold Storage,card,2026-08-05T00:08:55Z
txn_31b28c449135,acc_00146,242.68,SGD,completed,Starbucks,paynow,2026-08-05T00:09:04Z
txn_e05c4799fe15,acc_00119,681.01,SGD,completed,Guardian,card,2026-08-05T00:09:18Z
txn_f76220dff7af,acc_00169,16.75,SGD,completed,Guardian,applepay,2026-08-05T00:09:20Z
txn_764e915271be,acc_00465,819.56,SGD,denied,Guardian,applepay,2026-08-05T00:09:20Z
txn_5847239ebb02,acc_00477,450.72,SGD,pending,7-Eleven,paynow,2026-08-05T00:09:22Z
txn_e544b02fecf1,acc_00448,467.27,SGD,pending,Grab,paynow,2026-08-05T00:09:39Z
txn_9694e1f32f7b,acc_00205,270.31,SGD,denied,McDonald's,applepay,2026-08-05T00:10:52Z
txn_404ee9c38706,acc_00289,252.57,SGD,pending,Lazada,googlepay,2026-08-05T00:11:38Z
txn_1762234a352d,acc_00306,230.25,SGD,completed,Grab,googlepay,2026-08-05T00:11:56Z
txn_4b198a3742ce,acc_00239,652.89,SGD,pending,McDonald's,googlepay,2026-08-05T00:12:11Z
txn_db07a8a259db,acc_00006,287.62,SGD,completed,McDonald's,card,2026-08-05T00:12:14Z
txn_b0571c459bff,acc_00143,502.04,SGD,completed,Guardian,grabpay,2026-08-05T00:12:19Z
txn_50ced02aefb0,acc_00429,418.65,SGD,denied,Lazada,applepay,2026-08-05T00:12:38Z
txn_681f667a229b,acc_00133,784.77,SGD,pending,Watsons,card,2026-08-05T00:12:46Z
txn_8f8be9acf1f6,acc_00435,742.11,SGD,denied,Lazada,grabpay,2026-08-05T00:13:20Z
txn_b213a69cdf19,acc_00418,860.99,SGD,denied,Starbucks,card,2026-08-05T00:13:22Z
txn_73b46cfd3025,acc_00076,709.20,SGD,pending,McDonald's,googlepay,2026-08-05T00:13:39Z
txn_c5a0662d5784,acc_00254,102.08,SGD,denied,Grab,applepay,2026-08-05T00:13:44Z
txn_5bcf08ba1ff3,acc_00029,246.22,SGD,completed,Grab,paynow,2026-08-05T00:13:47Z
txn_0c4fdb5ef0e7,acc_00230,809.23,SGD,completed,Starbucks,paynow,2026-08-05T00:13:54Z
txn_a0eb65f2e944,acc_00220,494.37,MYR,completed,NTUC FairPrice,paynow,2026-08-05T00:14:06Z
txn_b83cc487f79f,acc_00265,366.74,SGD,pending,McDonald's,googlepay,2026-08-05T00:14:24Z
txn_5df1f1154cd5,acc_00429,299.80,SGD,completed,McDonald's,card,2026-08-05T00:15:02Z
txn_284197269736,acc_00136,565.41,SGD,pending,Starbucks,googlepay,2026-08-05T00:15:06Z
txn_c58009678b9c,acc_00249,606.34,SGD,completed,NTUC FairPrice,grabpay,2026-08-05T00:15:47Z
txn_d0714f2da22b,acc_00341,525.24,SGD,completed,Lazada,googlepay,2026-08-05T00:15:51Z
txn_51da48615437,acc_00081,395.77,SGD,completed,Guardian,googlepay,2026-08-05T00:17:05Z
txn_86c0a2d17f11,acc_00215,363.29,SGD,completed,7-Eleven,grabpay,2026-08-05T00:17:15Z
txn_61c60d9c5159,acc_00295,268.04,SGD,completed,Starbucks,grabpay,2026-08-05T00:17:41Z
txn_8495100edd10,acc_00336,625.50,SGD,denied,NTUC FairPrice,grabpay,2026-08-05T00:17:42Z
txn_aa5c0f24f316,acc_00306,159.44,SGD,pending,McDonald's,paynow,2026-08-05T00:17:53Z
txn_f4b4f63d1245,acc_00304,340.72,SGD,completed,Grab,card,2026-08-05T00:18:32Z
txn_28ace176020f,acc_00047,872.50,SGD,completed,Watsons,paynow,2026-08-05T00:18:55Z
txn_e12624e70fd8,acc_00049,284.27,SGD,completed,Guardian,paynow,2026-08-05T00:18:57Z
txn_b5ae51a3aaba,acc_00405,503.65,SGD,denied,Shopee,grabpay,2026-08-05T00:19:05Z
txn_70e68dfe9e2e,acc_00481,833.61,SGD,pending,7-Eleven,paynow,2026-08-05T00:19:33Z
txn_5f6b280e2ae4,acc_00012,796.53,SGD,completed,Watsons,applepay,2026-08-05T00:19:55Z
txn_28330d994d1a,acc_00203,119.96,SGD,pending,7-Eleven,card,2026-08-05T00:20:20Z
txn_993749daabb4,acc_00392,749.87,SGD,pending,Starbucks,card,2026-08-05T00:20:30Z
txn_287f25ad3422,acc_00146,761.24,SGD,denied,7-Eleven,grabpay,2026-08-05T00:20:35Z
txn_9f21fb5c1cfe,acc_00493,47.88,SGD,completed,Guardian,grabpay,2026-08-05T00:20:43Z
txn_e30f24edc800,acc_00111,592.11,SGD,completed,7-Eleven,card,2026-08-05T00:21:02Z
txn_caf314a6b4dd,acc_00500,688.57,SGD,completed,Shopee,applepay,2026-08-05T00:21:30Z
txn_dabf046b53c8,acc_00293,325.95,SGD,denied,Guardian,card,2026-08-05T00:21:47Z
txn_cc1482e93795,acc_00409,234.37,SGD,denied,Cold Storage,googlepay,2026-08-05T00:22:10Z
txn_aba7d8567ff3,acc_00386,372.97,SGD,completed,NTUC FairPrice,googlepay,2026-08-05T00:22:20Z
txn_b0ae975c2ea5,acc_00165,203.05,SGD,completed,Cold Storage,grabpay,2026-08-05T00:22:25Z
txn_cdb71ac06af4,acc_00194,252.08,SGD,pending,Cold Storage,googlepay,2026-08-05T00:22:47Z
txn_d5925336bac0,acc_00282,637.78,SGD,completed,Cold Storage,googlepay,2026-08-05T00:22:51Z
txn_8a1e49f2a852,acc_00316,504.91,SGD,pending,7-Eleven,paynow,2026-08-05T00:23:18Z
txn_2f5d699f5f6a,acc_00085,518.84,SGD,completed,Watsons,applepay,2026-08-05T00:23:21Z
txn_6952d3c67787,acc_00452,579.10,MYR,completed,Watsons,paynow,2026-08-05T00:23:44Z
txn_1bfa55b2dd26,acc_00076,27.60,SGD,completed,Guardian,applepay,2026-08-05T00:24:04Z
txn_d96c1352ea48,acc_00338,473.14,SGD,completed,7-Eleven,googlepay,2026-08-05T00:24:07Z
txn_b27d180f251b,acc_00021,210.94,SGD,completed,Shopee,applepay,2026-08-05T00:24:27Z
txn_737270b71e3d,acc_00306,605.14,SGD,pending,Starbucks,card,2026-08-05T00:24:28Z
txn_34659ec2b655,acc_00091,266.49,SGD,pending,Shopee,card,2026-08-05T00:24:29Z
txn_a119cac4986b,acc_00316,98.77,SGD,completed,Guardian,card,2026-08-05T00:24:29Z
txn_12e6584a7ac2,acc_00029,280.08,SGD,completed,NTUC FairPrice,paynow,2026-08-05T00:24:47Z
txn_5b37a4963858,acc_00451,735.88,SGD,completed,Lazada,googlepay,2026-08-05T00:24:58Z
txn_8ba5cb679373,acc_00486,291.85,SGD,completed,NTUC FairPrice,applepay,2026-08-05T00:25:12Z
txn_cda0bef1ae07,acc_00083,288.82,MYR,denied,Starbucks,applepay,2026-08-05T00:25:18Z
txn_4f1bc82d2b47,acc_00137,562.65,SGD,completed,Lazada,grabpay,2026-08-05T00:25:48Z
txn_3b17618200b7,acc_00263,856.47,MYR,pending,Guardian,googlepay,2026-08-05T00:26:04Z
txn_922b09dd29f1,acc_00055,322.52,SGD,completed,Starbucks,grabpay,2026-08-05T00:26:10Z
txn_c0053c84cda1,acc_00270,389.88,SGD,completed,NTUC FairPrice,applepay,2026-08-05T00:26:12Z
txn_7c1ebb0d51c7,acc_00204,135.28,SGD,completed,Starbucks,grabpay,2026-08-05T00:26:37Z
txn_68df5751aa63,acc_00428,98.02,SGD,completed,Grab,applepay,2026-08-05T00:26:42Z
txn_e296950c1b98,acc_00020,554.95,SGD,completed,Cold Storage,googlepay,2026-08-05T00:26:57Z
txn_9cc1056d2f0d,acc_00100,435.24,MYR,completed,Starbucks,card,2026-08-05T00:27:48Z
txn_51298cdf27c6,acc_00438,386.59,SGD,pending,7-Eleven,paynow,2026-08-05T00:27:55Z
txn_9921d6aa590e,acc_00070,644.08,SGD,completed,Lazada,card,2026-08-05T00:28:02Z
txn_59d977220e1b,acc_00461,380.17,SGD,pending,Guardian,paynow,2026-08-05T00:28:06Z
txn_86f1a3bfab4a,acc_00034,140.72,SGD,completed,Grab,card,2026-08-05T00:29:22Z
txn_ebb4669ca07f,acc_00448,73.52,MYR,denied,7-Eleven,applepay,2026-08-05T00:29:45Z
txn_0e211f22f8fa,acc_00142,863.55,MYR,completed,Lazada,card,2026-08-05T00:30:03Z
txn_b12c613214a1,acc_00415,103.60,SGD,pending,Cold Storage,paynow,2026-08-05T00:30:46Z
txn_bc4ccb407828,acc_00134,136.45,SGD,completed,Guardian,card,2026-08-05T00:30:50Z
txn_4a004aacbafe,acc_00182,678.77,SGD,pending,Cold Storage,googlepay,2026-08-05T00:30:56Z
txn_54a60ef5b006,acc_00442,896.10,MYR,pending,McDonald's,grabpay,2026-08-05T00:31:41Z
txn_20e4d195e9f2,acc_00023,31.96,SGD,pending,Guardian,grabpay,2026-08-05T00:32:07Z
txn_117dbc0f1035,acc_00414,775.55,SGD,completed,NTUC FairPrice,googlepay,2026-08-05T00:32:14Z
txn_5f4d68fcde81,acc_00474,192.85,SGD,completed,NTUC FairPrice,card,2026-08-05T00:32:33Z
txn_71c98e8a1b88,acc_00476,28.34,SGD,pending,Guardian,applepay,2026-08-05T00:32:39Z
txn_61fe6e26fe96,acc_00113,710.87,SGD,completed,Grab,card,2026-08-05T00:33:16Z
txn_3a8230e88d40,acc_00441,844.52,SGD,pending,Watsons,paynow,2026-08-05T00:33:46Z
txn_f41e722d0a41,acc_00006,273.03,SGD,pending,Guardian,card,2026-08-05T00:33:47Z
txn_47cad05e3769,acc_00234,337.44,MYR,denied,McDonald's,applepay,2026-08-05T00:34:21Z
txn_9a91e301c78e,acc_00440,704.31,SGD,denied,Shopee,googlepay,2026-08-05T00:34:33Z
txn_08d703926dde,acc_00365,714.01,SGD,completed,Guardian,applepay,2026-08-05T00:34:51Z
txn_a1046c8b3ba4,acc_00230,11.91,SGD,completed,Starbucks,applepay,2026-08-05T00:35:01Z
txn_fd5c89c72c19,acc_00200,786.31,SGD,pending,7-Eleven,grabpay,2026-08-05T00:35:28Z
txn_6cb215921c81,acc_00470,564.16,SGD,completed,Guardian,paynow,2026-08-05T00:35:30Z
txn_2018bd08ae89,acc_00404,311.00,SGD,completed,Grab,applepay,2026-08-05T00:35:34Z
txn_e3db95f013d6,acc_00230,863.93,SGD,completed,Cold Storage,googlepay,2026-08-05T00:35:36Z
txn_0751ac669ce7,acc_00024,116.53,SGD,pending,Grab,googlepay,2026-08-05T00:35:47Z
txn_8d1bdbcf5973,acc_00406,487.64,SGD,pending,Watsons,applepay,2026-08-05T00:35:51Z
txn_abbeea62ff86,acc_00500,14.71,SGD,completed,Watsons,grabpay,2026-08-05T00:35:55Z
txn_984daef569fe,acc_00446,428.99,SGD,completed,NTUC FairPrice,grabpay,2026-08-05T00:36:19Z
txn_c0c59c39e9f2,acc_00074,47.64,SGD,completed,Cold Storage,grabpay,2026-08-05T00:36:44Z
txn_689bf1bd1c14,acc_00037,72.05,SGD,completed,Starbucks,grabpay,2026-08-05T00:36:56Z
txn_7fe09d19f4f0,acc_00231,258.36,MYR,completed,Starbucks,grabpay,2026-08-05T00:37:31Z
txn_f592d0b1d28a,acc_00389,419.26,SGD,completed,Shopee,googlepay,2026-08-05T00:37:33Z
txn_dbf467f46699,acc_00498,96.41,SGD,pending,Guardian,card,2026-08-05T00:37:43Z
txn_d67e35047bcf,acc_00122,574.58,SGD,completed,NTUC FairPrice,paynow,2026-08-05T00:37:52Z
txn_01882fb7e658,acc_00088,725.62,SGD,completed,Watsons,googlepay,2026-08-05T00:38:05Z
txn_896896f5dc59,acc_00390,795.85,SGD,pending,Grab,grabpay,2026-08-05T00:38:33Z
txn_81503b435f3e,acc_00237,540.17,SGD,completed,Lazada,paynow,2026-08-05T00:39:28Z
txn_cff828d2605e,acc_00021,358.54,SGD,denied,Guardian,card,2026-08-05T00:39:29Z
txn_d0281c475f01,acc_00397,704.18,SGD,denied,Guardian,applepay,2026-08-05T00:39:31Z
txn_692563fc141a,acc_00336,364.44,SGD,pending,Shopee,paynow,2026-08-05T00:39:31Z
txn_c97193f19352,acc_00450,189.30,SGD,completed,NTUC FairPrice,card,2026-08-05T00:39:42Z
txn_41040c82f8f6,acc_00086,216.40,SGD,pending,NTUC FairPrice,grabpay,2026-08-05T00:39:51Z
txn_7784e0385139,acc_00473,477.64,SGD,pending,Starbucks,paynow,2026-08-05T00:40:08Z
txn_3e9c5076f749,acc_00284,367.85,SGD,completed,Starbucks,paynow,2026-08-05T00:40:40Z
txn_f274964d87f9,acc_00428,470.16,MYR,completed,Watsons,googlepay,2026-08-05T00:40:53Z
txn_4a58807db609,acc_00235,265.24,SGD,pending,Lazada,card,2026-08-05T00:40:53Z
txn_d8871c09873b,acc_00181,527.66,SGD,completed,Shopee,applepay,2026-08-05T00:41:27Z
txn_d4b5f9aa2dda,acc_00229,530.69,SGD,completed,Cold Storage,card,2026-08-05T00:42:55Z
txn_7e73ed2f5fbd,acc_00467,619.97,SGD,completed,7-Eleven,paynow,2026-08-05T00:43:03Z
txn_b111a0d3483f,acc_00168,772.86,SGD,denied,Watsons,applepay,2026-08-05T00:43:11Z
txn_09969fc99446,acc_00378,541.07,SGD,denied,McDonald's,grabpay,2026-08-05T00:43:13Z
txn_c76b9239836b,acc_00429,288.15,SGD,completed,Grab,applepay,2026-08-05T00:43:25Z
txn_46b0d77c024e,acc_00404,430.30,SGD,completed,Lazada,googlepay,2026-08-05T00:43:25Z
txn_7ac62b0a0a6b,acc_00252,36.57,SGD,completed,Guardian,paynow,2026-08-05T00:43:32Z
txn_bf715ddfa14e,acc_00493,674.72,SGD,completed,Shopee,applepay,2026-08-05T00:43:38Z
txn_c042bde6070e,acc_00035,858.17,SGD,denied,Watsons,googlepay,2026-08-05T00:44:25Z
txn_ac81aad18878,acc_00115,586.00,SGD,completed,Lazada,paynow,2026-08-05T00:44:31Z
txn_1f4f1e2ee593,acc_00208,639.27,SGD,completed,Grab,applepay,2026-08-05T00:45:33Z
txn_f4558369b601,acc_00080,221.32,SGD,completed,Watsons,card,2026-08-05T00:46:19Z
txn_32f3f5ea58e4,acc_00092,475.54,SGD,completed,Grab,paynow,2026-08-05T00:46:19Z
txn_bbb074dbdfd5,acc_00469,685.74,SGD,pending,Starbucks,grabpay,2026-08-05T00:47:17Z
txn_55202513a821,acc_00168,516.52,SGD,denied,Watsons,grabpay,2026-08-05T00:47:44Z
txn_3724821dfced,acc_00254,760.54,SGD,pending,Grab,applepay,2026-08-05T00:47:57Z
txn_a15339a555b2,acc_00228,664.59,SGD,completed,Lazada,card,2026-08-05T00:48:08Z
txn_fc0bba1e8c56,acc_00126,192.12,SGD,pending,McDonald's,paynow,2026-08-05T00:48:36Z
txn_7c0135ff0046,acc_00148,674.17,SGD,pending,Watsons,googlepay,2026-08-05T00:48:52Z
txn_e0702ca8fe0a,acc_00032,400.19,SGD,pending,Starbucks,googlepay,2026-08-05T00:48:53Z
txn_162fbe1a4433,acc_00346,432.23,SGD,denied,Shopee,applepay,2026-08-05T00:49:02Z
txn_a022cd9bca9a,acc_00316,531.47,SGD,completed,Cold Storage,applepay,2026-08-05T00:49:16Z
txn_931a1ef6d469,acc_00380,741.40,SGD,completed,Starbucks,googlepay,2026-08-05T00:49:22Z
txn_e573fb2cf12b,acc_00392,707.03,SGD,completed,Grab,grabpay,2026-08-05T00:49:36Z
txn_5af938120404,acc_00405,388.52,SGD,completed,NTUC FairPrice,paynow,2026-08-05T00:50:07Z
txn_d1769718e838,acc_00428,563.94,SGD,completed,Shopee,googlepay,2026-08-05T00:50:09Z
txn_12df3f46814a,acc_00456,314.43,SGD,completed,7-Eleven,card,2026-08-05T00:50:21Z
txn_6231bf3d1312,acc_00336,179.07,SGD,completed,NTUC FairPrice,paynow,2026-08-05T00:50:30Z
txn_68aae37dfe8d,acc_00048,461.72,SGD,denied,7-Eleven,paynow,2026-08-05T00:51:09Z
txn_ce194e32f76d,acc_00075,43.50,SGD,denied,Grab,grabpay,2026-08-05T00:51:22Z
txn_9fa9f1132cfa,acc_00309,157.67,SGD,completed,Starbucks,applepay,2026-08-05T00:51:24Z
txn_c79bc433e8a2,acc_00071,261.48,SGD,denied,Grab,paynow,2026-08-05T00:51:31Z
txn_6b6397ed31be,acc_00163,580.13,SGD,denied,Starbucks,grabpay,2026-08-05T00:51:45Z
txn_6d3a4ef0b5d9,acc_00341,54.17,SGD,completed,7-Eleven,grabpay,2026-08-05T00:51:56Z
txn_94fc3e30b02a,acc_00310,813.98,SGD,pending,Cold Storage,grabpay,2026-08-05T00:52:09Z
txn_26c8174ce08d,acc_00376,810.64,SGD,completed,NTUC FairPrice,applepay,2026-08-05T00:52:13Z
txn_b0c871e53f4f,acc_00061,793.04,SGD,pending,Shopee,grabpay,2026-08-05T00:53:30Z
txn_bf577a148054,acc_00013,495.26,SGD,denied,7-Eleven,googlepay,2026-08-05T00:53:49Z
txn_e0620959a083,acc_00182,469.79,SGD,completed,McDonald's,applepay,2026-08-05T00:53:52Z
txn_6644992c4f38,acc_00222,369.53,SGD,completed,Cold Storage,applepay,2026-08-05T00:53:59Z
txn_031c2d5e2c4c,acc_00263,264.50,SGD,pending,Guardian,grabpay,2026-08-05T00:54:02Z
txn_cb86ac8b28bd,acc_00054,361.91,SGD,denied,Guardian,card,2026-08-05T00:54:25Z
txn_0ca344037b4f,acc_00408,5.59,SGD,completed,Starbucks,googlepay,2026-08-05T00:54:47Z
txn_ec49b1a6d064,acc_00380,363.04,SGD,pending,Watsons,paynow,2026-08-05T00:55:10Z
txn_0b16c769222f,acc_00147,790.03,SGD,completed,Watsons,card,2026-08-05T00:55:12Z
txn_c85adfb8c7b2,acc_00147,496.07,SGD,completed,McDonald's,applepay,2026-08-05T00:56:04Z
txn_55c1df01932b,acc_00045,266.86,MYR,pending,Lazada,card,2026-08-05T00:56:13Z
txn_9b2d0e39b0c0,acc_00084,379.16,SGD,completed,Starbucks,applepay,2026-08-05T00:56:36Z
txn_717860f5aeba,acc_00305,34.58,SGD,completed,Watsons,grabpay,2026-08-05T00:56:40Z
txn_3e08ca095740,acc_00206,404.20,SGD,completed,Watsons,paynow,2026-08-05T00:57:16Z
txn_cd0d89c0d174,acc_00116,726.97,SGD,denied,Guardian,googlepay,2026-08-05T00:57:21Z
txn_cd462025a95a,acc_00115,111.42,SGD,completed,Lazada,applepay,2026-08-05T00:57:25Z
txn_44f44c82a01f,acc_00180,389.78,SGD,completed,NTUC FairPrice,card,2026-08-05T00:57:34Z
txn_9bffa6cdf8eb,acc_00051,438.12,SGD,denied,Shopee,paynow,2026-08-05T00:57:45Z
txn_4564c5d86fbc,acc_00159,169.71,SGD,completed,Grab,applepay,2026-08-05T00:57:49Z
txn_963604341cc0,acc_00030,311.78,SGD,pending,Grab,paynow,2026-08-05T00:57:53Z
txn_9bcd8f160d5a,acc_00156,250.28,SGD,completed,Cold Storage,grabpay,2026-08-05T00:58:46Z
txn_ca4ecf11678a,acc_00478,508.55,MYR,denied,Shopee,googlepay,2026-08-05T00:58:47Z
txn_28b5bf1cd47d,acc_00261,818.59,SGD,pending,Grab,card,2026-08-05T00:59:20Z
txn_b448d253140a,acc_00068,179.07,SGD,completed,Watsons,grabpay,2026-08-05T00:59:21Z
txn_8285a00a54a3,acc_00454,184.85,SGD,pending,Guardian,card,2026-08-05T00:59:34Z
txn_e8a5b30adb38,acc_00395,90.46,MYR,denied,7-Eleven,applepay,2026-08-05T00:59:41Z
txn_068785612ea5,acc_00349,250.49,SGD,completed,NTUC FairPrice,card,2026-08-05T00:59:41Z
txn_a23b8e75c8f2,acc_00395,220.84,SGD,pending,McDonald's,googlepay,2026-08-05T00:59:44Z
txn_9b44441feb64,acc_00476,60.02,MYR,completed,Guardian,card,2026-08-05T00:59:49Z
txn_4bc6fab4a839,acc_00283,316.41,SGD,completed,Grab,grabpay,2026-08-05T00:59:57Z
txn_1ab4edf8e712,acc_00301,320.34,SGD,pending,McDonald's,grabpay,2026-08-05T01:00:04Z
txn_3640ce215129,acc_00206,123.07,SGD,denied,Grab,applepay,2026-08-05T01:00:37Z
txn_a34f70d27690,acc_00498,341.57,SGD,completed,7-Eleven,card,2026-08-05T01:01:29Z
txn_d905d0c84060,acc_00111,553.31,SGD,completed,Shopee,googlepay,2026-08-05T01:01:40Z
txn_313da21938bf,acc_00409,542.74,SGD,completed,McDonald's,applepay,2026-08-05T01:01:51Z
txn_675fdcaffe82,acc_00320,649.26,MYR,completed,Guardian,card,2026-08-05T01:01:58Z
txn_95e6108a883c,acc_00013,568.39,SGD,completed,Cold Storage,applepay,2026-08-05T01:01:59Z
txn_c455158ad8b1,acc_00162,244.50,SGD,completed,Lazada,googlepay,2026-08-05T01:02:25Z
txn_c26ff1aec6c1,acc_00168,808.38,SGD,completed,Cold Storage,applepay,2026-08-05T01:02:57Z
txn_3bebd3f02fb2,acc_00394,288.74,SGD,completed,Watsons,googlepay,2026-08-05T01:03:06Z
txn_91d4fc10df0b,acc_00324,615.97,SGD,completed,Cold Storage,applepay,2026-08-05T01:03:08Z
txn_5ff621719490,acc_00434,139.12,SGD,completed,NTUC FairPrice,card,2026-08-05T01:03:10Z
txn_350ce964c31d,acc_00390,571.28,SGD,pending,Shopee,grabpay,2026-08-05T01:03:14Z
txn_730e1f885385,acc_00119,718.48,SGD,completed,Starbucks,applepay,2026-08-05T01:03:46Z
txn_333b2ea75de5,acc_00201,747.30,SGD,completed,Lazada,paynow,2026-08-05T01:04:00Z
txn_c691e3c48fca,acc_00160,178.47,SGD,completed,Shopee,paynow,2026-08-05T01:04:01Z
txn_0402863cec13,acc_00124,874.05,SGD,completed,Starbucks,grabpay,2026-08-05T01:04:35Z
txn_c269606bb1e6,acc_00175,545.63,MYR,denied,Starbucks,grabpay,2026-08-05T01:04:43Z
txn_d097184e1c93,acc_00191,801.18,SGD,completed,Lazada,grabpay,2026-08-05T01:04:53Z
txn_37e08a577227,acc_00392,630.89,SGD,denied,Starbucks,applepay,2026-08-05T01:04:58Z
txn_806f05f72e62,acc_00499,401.05,SGD,completed,7-Eleven,grabpay,2026-08-05T01:05:14Z
txn_b03c8245cba5,acc_00205,580.08,SGD,completed,NTUC FairPrice,grabpay,2026-08-05T01:05:18Z
txn_be49e8bcb7bf,acc_00105,293.23,SGD,completed,Starbucks,applepay,2026-08-05T01:05:28Z
txn_17f4f6176a77,acc_00380,728.94,SGD,completed,Grab,paynow,2026-08-05T01:05:29Z
txn_9b2009d4398c,acc_00423,890.91,SGD,completed,Grab,grabpay,2026-08-05T01:05:34Z
txn_f7919d61dbb3,acc_00090,587.02,SGD,completed,Watsons,grabpay,2026-08-05T01:05:57Z
txn_0c7924a3ceb0,acc_00457,398.02,SGD,denied,Shopee,applepay,2026-08-05T01:06:16Z
txn_53b10084a094,acc_00333,704.48,MYR,denied,Starbucks,paynow,2026-08-05T01:06:34Z
txn_b4ebd361fa52,acc_00053,730.24,SGD,completed,Watsons,applepay,2026-08-05T01:06:35Z
txn_f321349de145,acc_00141,333.09,SGD,denied,Starbucks,card,2026-08-05T01:06:45Z
txn_35e10a9bff29,acc_00224,366.81,SGD,completed,Starbucks,applepay,2026-08-05T01:06:50Z
txn_ff2068c738ac,acc_00310,255.89,MYR,denied,Lazada,card,2026-08-05T01:06:54Z
txn_430db02ef63c,acc_00423,190.29,SGD,completed,NTUC FairPrice,card,2026-08-05T01:07:56Z
txn_25cc3cfe6a21,acc_00106,342.94,SGD,denied,NTUC FairPrice,grabpay,2026-08-05T01:08:23Z
txn_d61d153307ab,acc_00021,247.37,SGD,completed,7-Eleven,googlepay,2026-08-05T01:08:32Z
txn_07ee229a84ed,acc_00471,431.89,MYR,denied,NTUC FairPrice,applepay,2026-08-05T01:08:51Z
txn_c01598269ca0,acc_00246,155.53,MYR,pending,Shopee,paynow,2026-08-05T01:08:58Z
txn_bdbaa7ee5cca,acc_00098,258.19,SGD,pending,Starbucks,grabpay,2026-08-05T01:09:02Z
txn_06b5ef50a330,acc_00125,784.45,SGD,denied,7-Eleven,googlepay,2026-08-05T01:09:11Z
txn_d88e5fb16169,acc_00347,667.24,SGD,completed,Guardian,applepay,2026-08-05T01:09:25Z
txn_ec9a58521f6b,acc_00183,23.84,SGD,completed,NTUC FairPrice,grabpay,2026-08-05T01:09:38Z
txn_3735608539f5,acc_00489,164.31,SGD,completed,Starbucks,applepay,2026-08-05T01:09:40Z
txn_fb5dece4f25f,acc_00352,618.53,SGD,pending,Guardian,grabpay,2026-08-05T01:09:53Z
txn_e6f5d9f39dee,acc_00072,897.64,SGD,completed,Cold Storage,paynow,2026-08-05T01:10:03Z
txn_987e40e73ca5,acc_00452,709.96,SGD,pending,Shopee,grabpay,2026-08-05T01:10:08Z
txn_df5a86e60113,acc_00127,415.91,SGD,completed,Lazada,card,2026-08-05T01:10:22Z
txn_be3e30adf62b,acc_00350,227.38,SGD,completed,Lazada,googlepay,2026-08-05T01:10:34Z
txn_7acfce4b643f,acc_00164,236.80,SGD,completed,Lazada,grabpay,2026-08-05T01:10:44Z
txn_203b36e01dbc,acc_00026,168.39,SGD,completed,NTUC FairPrice,paynow,2026-08-05T01:10:50Z
txn_7038a4d620df,acc_00310,821.39,SGD,completed,Grab,grabpay,2026-08-05T01:10:51Z
txn_18b4f83f68f9,acc_00243,446.17,SGD,completed,Grab,googlepay,2026-08-05T01:10:57Z
txn_af609f77cddc,acc_00487,68.69,SGD,completed,Cold Storage,grabpay,2026-08-05T01:10:58Z
txn_e31f0f2c7a59,acc_00001,774.68,SGD,pending,7-Eleven,googlepay,2026-08-05T01:11:27Z
txn_85122220eae8,acc_00010,697.78,SGD,completed,Lazada,card,2026-08-05T01:11:38Z
txn_ba849a914f05,acc_00426,793.82,SGD,completed,Starbucks,googlepay,2026-08-05T01:12:02Z
txn_4ce94c81659e,acc_00047,125.04,SGD,completed,McDonald's,card,2026-08-05T01:12:06Z
txn_7cf335ef6a06,acc_00493,224.12,SGD,completed,7-Eleven,paynow,2026-08-05T01:12:31Z
txn_e382b7087197,acc_00365,452.80,SGD,denied,Guardian,grabpay,2026-08-05T01:13:05Z
txn_c11cd94dc345,acc_00153,191.32,SGD,pending,7-Eleven,applepay,2026-08-05T01:14:00Z
txn_341905ef78d7,acc_00333,306.29,SGD,completed,Starbucks,paynow,2026-08-05T01:14:15Z
txn_19bfaff6a828,acc_00062,378.21,SGD,pending,Grab,paynow,2026-08-05T01:14:26Z
txn_0b60906b5f9f,acc_00275,683.39,SGD,pending,Shopee,googlepay,2026-08-05T01:14:52Z
txn_6da8c0696ac9,acc_00347,247.74,SGD,completed,Shopee,paynow,2026-08-05T01:15:14Z
txn_052638d95400,acc_00093,384.57,SGD,completed,Starbucks,applepay,2026-08-05T01:16:04Z
txn_61d6a30ae353,acc_00066,518.63,SGD,completed,Watsons,grabpay,2026-08-05T01:16:28Z
txn_8d4485fff1fe,acc_00077,492.67,SGD,completed,NTUC FairPrice,paynow,2026-08-05T01:16:46Z
txn_f9e4f20d6a50,acc_00227,564.76,SGD,denied,Shopee,card,2026-08-05T01:16:47Z
txn_ec3f44189eea,acc_00137,857.57,SGD,completed,Cold Storage,card,2026-08-05T01:16:52Z
txn_03af0a0953f1,acc_00236,314.77,SGD,completed,Grab,applepay,2026-08-05T01:17:02Z
txn_8a9c1fe692b2,acc_00487,80.14,SGD,completed,Shopee,googlepay,2026-08-05T01:17:58Z
txn_2e2453004412,acc_00044,257.00,SGD,denied,Watsons,applepay,2026-08-05T01:18:12Z
txn_ad431232ae77,acc_00061,882.64,SGD,completed,Starbucks,applepay,2026-08-05T01:18:16Z
txn_46806a1a9fdd,acc_00294,709.10,SGD,pending,Guardian,grabpay,2026-08-05T01:18:17Z
txn_46529baee739,acc_00300,113.16,SGD,pending,Starbucks,googlepay,2026-08-05T01:18:59Z
txn_0565b46ab26c,acc_00434,5.86,SGD,completed,Grab,card,2026-08-05T01:19:22Z
txn_46e18decc421,acc_00395,413.42,SGD,completed,Lazada,card,2026-08-05T01:19:28Z
txn_887c73f2c6e8,acc_00231,849.12,SGD,pending,Guardian,card,2026-08-05T01:19:42Z
txn_f05880b7affe,acc_00340,145.78,SGD,completed,7-Eleven,card,2026-08-05T01:19:44Z
txn_2455654f2a1d,acc_00500,214.48,SGD,pending,NTUC FairPrice,grabpay,2026-08-05T01:19:44Z
txn_5cc67f44c2d0,acc_00393,445.34,SGD,completed,7-Eleven,paynow,2026-08-05T01:19:45Z
txn_4a99878fd7ed,acc_00016,731.84,MYR,pending,Guardian,paynow,2026-08-05T01:20:04Z
txn_690e513b113b,acc_00455,731.11,SGD,completed,Cold Storage,card,2026-08-05T01:20:45Z
txn_715f3e5e64a1,acc_00390,395.27,SGD,completed,Guardian,paynow,2026-08-05T01:20:52Z
txn_0932e88444b6,acc_00174,285.03,SGD,pending,NTUC FairPrice,applepay,2026-08-05T01:21:01Z
txn_13990388c0c4,acc_00147,582.19,SGD,denied,Lazada,googlepay,2026-08-05T01:21:28Z
txn_79aba9a352c5,acc_00089,440.72,MYR,completed,Guardian,grabpay,2026-08-05T01:21:38Z
txn_12afa12b00e8,acc_00136,346.28,SGD,denied,Guardian,applepay,2026-08-05T01:21:50Z
txn_8b63f823eb4c,acc_00471,271.40,SGD,completed,7-Eleven,card,2026-08-05T01:21:51Z
txn_43ac6c72302a,acc_00059,293.56,SGD,denied,Guardian,card,2026-08-05T01:21:51Z
txn_608795981d49,acc_00209,221.72,SGD,completed,McDonald's,paynow,2026-08-05T01:22:12Z
txn_0374cb5c770c,acc_00235,114.33,SGD,denied,Lazada,card,2026-08-05T01:22:12Z
txn_fee0379b5d04,acc_00046,60.01,SGD,completed,Grab,googlepay,2026-08-05T01:22:28Z
txn_0cec30dacc64,acc_00278,261.70,SGD,completed,Shopee,paynow,2026-08-05T01:22:32Z
txn_44d5aeea31bc,acc_00115,27.80,SGD,completed,Shopee,paynow,2026-08-05T01:23:40Z
txn_8129e15241bb,acc_00266,482.01,MYR,completed,7-Eleven,grabpay,2026-08-05T01:23:57Z
txn_a7b4ac009ed2,acc_00263,544.51,SGD,completed,Shopee,applepay,2026-08-05T01:23:59Z
txn_c8a6e1e45295,acc_00448,529.55,SGD,completed,Cold Storage,applepay,2026-08-05T01:24:13Z
txn_b865d6db0680,acc_00089,249.68,SGD,denied,Guardian,applepay,2026-08-05T01:24:43Z
txn_d8d35555b1f8,acc_00303,536.95,SGD,completed,Cold Storage,card,2026-08-05T01:25:13Z
txn_e7353a21156b,acc_00467,513.38,SGD,pending,McDonald's,googlepay,2026-08-05T01:25:22Z
txn_ed39f0602d60,acc_00068,757.87,SGD,completed,Watsons,googlepay,2026-08-05T01:25:27Z
txn_7d83bd500775,acc_00356,163.99,SGD,pending,7-Eleven,card,2026-08-05T01:25:30Z
txn_3743ecb3b7ad,acc_00424,790.29,SGD,denied,Watsons,applepay,2026-08-05T01:25:44Z
txn_270107115a44,acc_00416,624.62,SGD,completed,Shopee,card,2026-08-05T01:26:04Z
txn_65282a4481b9,acc_00358,466.27,SGD,pending,Cold Storage,paynow,2026-08-05T01:26:58Z
txn_90031f5d3606,acc_00373,785.30,SGD,completed,McDonald's,grabpay,2026-08-05T01:27:02Z
txn_4bcf2fdeba7a,acc_00371,337.46,SGD,pending,Starbucks,grabpay,2026-08-05T01:27:39Z
txn_bcaaf9f50888,acc_00296,167.96,MYR,completed,Lazada,paynow,2026-08-05T01:27:49Z
txn_9245e62664da,acc_00387,131.98,MYR,denied,Starbucks,googlepay,2026-08-05T01:27:56Z
txn_80c4db8ae946,acc_00303,180.45,SGD,completed,Lazada,applepay,2026-08-05T01:28:04Z
txn_86b9f4e46c90,acc_00208,502.56,SGD,pending,Starbucks,applepay,2026-08-05T01:28:38Z
txn_847d60b8cd58,acc_00455,48.78,SGD,completed,McDonald's,googlepay,2026-08-05T01:29:17Z
txn_65f076402347,acc_00451,16.66,SGD,denied,Shopee,applepay,2026-08-05T01:29:21Z
txn_ee8658ad6095,acc_00499,159.88,SGD,completed,Lazada,card,2026-08-05T01:29:53Z
txn_a6a75fa40301,acc_00325,700.23,SGD,completed,Cold Storage,googlepay,2026-08-05T01:29:57Z
txn_69e0e5ca2021,acc_00083,86.44,SGD,denied,Starbucks,googlepay,2026-08-05T01:30:07Z
txn_dcb792169d0e,acc_00260,8.45,SGD,completed,7-Eleven,card,2026-08-05T01:30:16Z
txn_e76a351fdfaf,acc_00265,362.65,SGD,completed,Starbucks,paynow,2026-08-05T01:30:43Z
txn_719ea61c6f04,acc_00445,416.68,SGD,completed,Cold Storage,grabpay,2026-08-05T01:30:46Z
txn_47b228d452f5,acc_00058,516.51,SGD,denied,7-Eleven,googlepay,2026-08-05T01:30:53Z
txn_7801940903aa,acc_00060,103.66,SGD,completed,Shopee,paynow,2026-08-05T01:31:25Z
txn_0acbdb1b8506,acc_00339,46.48,SGD,completed,Guardian,applepay,2026-08-05T01:31:28Z
txn_4b0121cf2cdf,acc_00020,167.87,SGD,pending,Guardian,grabpay,2026-08-05T01:31:39Z
txn_12f66896823b,acc_00157,172.89,SGD,pending,NTUC FairPrice,googlepay,2026-08-05T01:31:49Z
txn_1fad7fe96f84,acc_00195,806.44,SGD,completed,Shopee,grabpay,2026-08-05T01:31:53Z
txn_881ce22c70b9,acc_00472,72.94,SGD,denied,NTUC FairPrice,googlepay,2026-08-05T01:32:19Z
txn_7c1b759cb51c,acc_00361,209.02,SGD,completed,Grab,applepay,2026-08-05T01:32:24Z
txn_26bcc759a60b,acc_00036,87.15,MYR,completed,Grab,applepay,2026-08-05T01:32:53Z
txn_dc8cc9a7df5c,acc_00474,324.40,SGD,pending,Watsons,paynow,2026-08-05T01:33:24Z
txn_9cd7c2921b19,acc_00390,440.15,SGD,completed,7-Eleven,paynow,2026-08-05T01:33:30Z
txn_b4f6bf709f72,acc_00408,136.42,SGD,pending,Shopee,paynow,2026-08-05T01:34:11Z
txn_f318ba0124ad,acc_00156,854.84,SGD,completed,Guardian,googlepay,2026-08-05T01:34:30Z
txn_af850902dbb6,acc_00460,844.11,SGD,denied,Starbucks,grabpay,2026-08-05T01:34:53Z
txn_8339b2c14fdd,acc_00050,177.09,SGD,completed,Watsons,card,2026-08-05T01:35:15Z
txn_cd6ce70e4d39,acc_00418,592.09,SGD,completed,Starbucks,card,2026-08-05T01:35:17Z
txn_3f4cc8af9fbf,acc_00244,648.44,SGD,completed,Shopee,paynow,2026-08-05T01:35:39Z
txn_a2df3981cd44,acc_00176,273.07,SGD,completed,Watsons,paynow,2026-08-05T01:35:42Z
txn_2662f653df52,acc_00247,438.90,SGD,pending,Shopee,applepay,2026-08-05T01:35:50Z
txn_c08ddcd440ce,acc_00349,602.88,SGD,completed,Shopee,paynow,2026-08-05T01:36:08Z
txn_d05c9f4b504a,acc_00048,556.14,SGD,pending,Lazada,card,2026-08-05T01:36:08Z
txn_fda35f44e512,acc_00199,643.02,SGD,completed,NTUC FairPrice,grabpay,2026-08-05T01:36:11Z
txn_9f091dce4352,acc_00464,817.56,SGD,completed,Starbucks,grabpay,2026-08-05T01:36:18Z
txn_9d5fa78aa21e,acc_00429,729.55,SGD,pending,NTUC FairPrice,card,2026-08-05T01:36:23Z
txn_f528d292a4e1,acc_00364,478.55,SGD,completed,Grab,grabpay,2026-08-05T01:36:28Z
txn_81120d9b5455,acc_00052,535.56,SGD,denied,NTUC FairPrice,paynow,2026-08-05T01:36:38Z
txn_28a72e93559c,acc_00427,440.29,SGD,completed,Starbucks,applepay,2026-08-05T01:36:47Z
txn_8466d674bc75,acc_00494,647.89,SGD,completed,Watsons,applepay,2026-08-05T01:37:14Z
txn_e6bf7c1c580c,acc_00483,876.21,MYR,completed,Shopee,grabpay,2026-08-05T01:37:27Z
txn_935f089fa10b,acc_00095,335.49,SGD,completed,Shopee,applepay,2026-08-05T01:37:28Z
txn_4a9a32f5ce54,acc_00050,395.75,SGD,completed,Grab,grabpay,2026-08-05T01:37:36Z
txn_3b1ceef26141,acc_00075,550.02,SGD,completed,7-Eleven,paynow,2026-08-05T01:37:38Z
txn_f0372a5b8035,acc_00421,891.16,SGD,denied,Shopee,applepay,2026-08-05T01:38:02Z
txn_fd675d28e171,acc_00193,766.09,SGD,completed,Cold Storage,googlepay,2026-08-05T01:38:15Z
txn_6b0266c6b7a3,acc_00079,824.88,SGD,pending,NTUC FairPrice,paynow,2026-08-05T01:38:47Z
txn_e44eb20a41c3,acc_00146,611.19,MYR,pending,Watsons,grabpay,2026-08-05T01:39:12Z
txn_bbb3464e5d95,acc_00171,838.12,SGD,completed,Guardian,googlepay,2026-08-05T01:39:25Z
txn_a246dbbee6b3,acc_00337,720.59,SGD,denied,Grab,grabpay,2026-08-05T01:39:35Z
txn_2d03054621e0,acc_00050,343.48,MYR,completed,Lazada,grabpay,2026-08-05T01:40:03Z
txn_095d32870742,acc_00317,797.18,SGD,denied,Lazada,card,2026-08-05T01:40:06Z
txn_9d9c33823106,acc_00062,453.08,SGD,completed,Lazada,googlepay,2026-08-05T01:40:19Z
txn_b2bb990d8848,acc_00153,215.59,SGD,denied,Shopee,applepay,2026-08-05T01:40:45Z
txn_b67aa1670792,acc_00247,790.90,SGD,completed,McDonald's,applepay,2026-08-05T01:40:56Z
txn_25279910b821,acc_00464,636.52,SGD,completed,Guardian,applepay,2026-08-05T01:40:58Z
txn_c0689340c391,acc_00038,6.46,SGD,completed,Lazada,grabpay,2026-08-05T01:41:24Z
txn_db24d4e6b489,acc_00343,188.08,SGD,pending,McDonald's,applepay,2026-08-05T01:41:26Z
txn_9af02d6c8af2,acc_00341,644.09,SGD,denied,Shopee,googlepay,2026-08-05T01:41:29Z
txn_9ce3d617d999,acc_00471,40.69,SGD,denied,McDonald's,grabpay,2026-08-05T01:41:42Z
txn_c57602d3563f,acc_00023,786.48,SGD,denied,McDonald's,paynow,2026-08-05T01:43:18Z
txn_f8d37eb9be29,acc_00472,883.29,SGD,pending,Shopee,googlepay,2026-08-05T01:43:37Z
txn_f5199b4bdba4,acc_00270,683.76,SGD,completed,Shopee,paynow,2026-08-05T01:44:17Z
txn_57816adaf9e1,acc_00087,226.43,SGD,completed,7-Eleven,grabpay,2026-08-05T01:44:36Z
txn_888072e845ff,acc_00319,855.92,SGD,denied,Shopee,paynow,2026-08-05T01:46:20Z
txn_ea1542814637,acc_00421,363.44,SGD,completed,Grab,googlepay,2026-08-05T01:46:38Z
txn_5dcd26fa1a5a,acc_00134,895.43,MYR,denied,Watsons,paynow,2026-08-05T01:46:40Z
txn_c47705af3471,acc_00076,84.36,SGD,completed,Starbucks,googlepay,2026-08-05T01:46:56Z
txn_6cd675ba2964,acc_00260,316.63,SGD,pending,Starbucks,card,2026-08-05T01:46:56Z
txn_1ae0d6ec7dd0,acc_00342,521.33,MYR,completed,7-Eleven,card,2026-08-05T01:47:06Z
txn_f9dcb633f4d9,acc_00280,875.34,SGD,completed,Starbucks,googlepay,2026-08-05T01:48:04Z
txn_e5ad64d51ce6,acc_00306,78.75,SGD,completed,Shopee,googlepay,2026-08-05T01:48:42Z
txn_56421d8a092a,acc_00433,783.00,SGD,completed,Guardian,card,2026-08-05T01:48:44Z
txn_ef3416866454,acc_00022,214.04,SGD,denied,Starbucks,googlepay,2026-08-05T01:49:13Z
txn_bb5e239efb7f,acc_00361,622.42,SGD,denied,Watsons,card,2026-08-05T01:49:58Z
txn_3d1e68bf49ea,acc_00039,676.90,SGD,completed,7-Eleven,grabpay,2026-08-05T01:49:59Z
txn_6c9078468349,acc_00160,868.65,MYR,completed,Grab,card,2026-08-05T01:50:29Z
txn_29abb81cea19,acc_00218,433.32,SGD,pending,Lazada,card,2026-08-05T01:50:40Z
txn_3a138091ae31,acc_00183,785.04,SGD,completed,Shopee,applepay,2026-08-05T01:50:55Z
txn_6d15efd312a8,acc_00085,795.37,SGD,completed,Lazada,applepay,2026-08-05T01:51:22Z
txn_60351b41aba5,acc_00490,816.10,SGD,completed,Lazada,applepay,2026-08-05T01:51:54Z
txn_a9422e419b91,acc_00248,246.79,SGD,completed,McDonald's,applepay,2026-08-05T01:52:02Z
txn_bea94fbdf3b0,acc_00468,303.33,SGD,completed,Shopee,paynow,2026-08-05T01:52:05Z
txn_da166b8f4650,acc_00365,420.02,SGD,pending,Shopee,applepay,2026-08-05T01:52:10Z
txn_e67b7a57684e,acc_00039,639.71,SGD,completed,Lazada,grabpay,2026-08-05T01:52:16Z
txn_c81b4b2b15c9,acc_00221,219.54,SGD,completed,Guardian,applepay,2026-08-05T01:52:40Z
txn_f0a7fe34af35,acc_00013,507.15,SGD,pending,Cold Storage,googlepay,2026-08-05T01:53:35Z
txn_c922f3bc3531,acc_00488,160.02,SGD,completed,7-Eleven,grabpay,2026-08-05T01:53:42Z
txn_064e009825db,acc_00181,380.23,SGD,completed,McDonald's,card,2026-08-05T01:53:48Z
txn_83efa2b8c0e7,acc_00377,538.48,SGD,completed,Watsons,card,2026-08-05T01:53:50Z
txn_5e1f334be986,acc_00047,410.16,SGD,completed,Shopee,grabpay,2026-08-05T01:53:51Z
txn_6546c3f764d2,acc_00495,147.95,SGD,denied,Shopee,grabpay,2026-08-05T01:53:59Z
txn_e4d9e27c5b94,acc_00340,645.47,SGD,pending,Cold Storage,applepay,2026-08-05T01:54:30Z
txn_4439d26878a2,acc_00146,148.70,SGD,completed,NTUC FairPrice,card,2026-08-05T01:54:31Z
txn_d3ac707d7fc0,acc_00483,238.79,SGD,completed,Starbucks,card,2026-08-05T01:55:19Z
txn_b2279de8720d,acc_00033,569.82,SGD,completed,Starbucks,grabpay,2026-08-05T01:55:25Z
txn_807643d05bc1,acc_00008,409.83,SGD,completed,Guardian,card,2026-08-05T01:56:12Z
txn_842e152ec4e7,acc_00162,663.83,SGD,completed,Watsons,applepay,2026-08-05T01:56:15Z
txn_4c6f07a68a02,acc_00299,575.88,SGD,denied,McDonald's,googlepay,2026-08-05T01:56:44Z
txn_8d7768ee90f2,acc_00327,731.25,SGD,completed,Grab,paynow,2026-08-05T01:56:48Z
txn_fcd53ee1a447,acc_00143,230.55,SGD,completed,Cold Storage,applepay,2026-08-05T01:56:50Z
txn_8073a8fd0649,acc_00361,30.32,SGD,denied,Starbucks,paynow,2026-08-05T01:56:59Z
txn_5aaebb3f67bb,acc_00204,570.27,MYR,denied,7-Eleven,paynow,2026-08-05T01:57:18Z
txn_8ddb2d1ae821,acc_00487,128.92,SGD,denied,Cold Storage,googlepay,2026-08-05T01:57:27Z
txn_85cdd03dab5f,acc_00396,483.06,SGD,denied,Grab,paynow,2026-08-05T01:57:30Z
txn_56bf32b8230f,acc_00026,119.24,SGD,completed,Grab,applepay,2026-08-05T01:57:31Z
txn_928bcc075c7f,acc_00101,458.75,SGD,pending,Grab,paynow,2026-08-05T01:57:42Z
txn_acb71703a79f,acc_00363,83.07,SGD,completed,Watsons,applepay,2026-08-05T01:58:16Z
txn_05a5944013f8,acc_00015,731.55,SGD,completed,7-Eleven,applepay,2026-08-05T01:58:35Z
txn_53b7f23afafc,acc_00122,595.44,SGD,completed,Guardian,grabpay,2026-08-05T01:58:40Z
txn_c5f83c0ce53e,acc_00165,319.06,SGD,denied,Starbucks,grabpay,2026-08-05T01:58:58Z
txn_8a08285c2fb4,acc_00199,283.54,SGD,completed,Grab,grabpay,2026-08-05T01:59:03Z
txn_2b4b3685e057,acc_00178,598.17,SGD,completed,Watsons,googlepay,2026-08-05T01:59:12Z
txn_f88dd1decaad,acc_00344,7.84,SGD,pending,NTUC FairPrice,card,2026-08-05T01:59:28Z
txn_e7218f5a0872,acc_00400,129.31,SGD,pending,Guardian,googlepay,2026-08-05T01:59:39Z
txn_7e4f6e07198c,acc_00456,763.30,SGD,completed,NTUC FairPrice,applepay,2026-08-05T01:59:41Z
txn_44c5cbbef456,acc_00209,845.03,MYR,completed,7-Eleven,paynow,2026-08-05T02:00:18Z
txn_639efcc1fc6d,acc_00273,686.57,MYR,completed,Watsons,card,2026-08-05T02:01:12Z
txn_6a6403a7edc4,acc_00426,573.56,SGD,completed,Grab,googlepay,2026-08-05T02:01:54Z
txn_009d01672f11,acc_00084,417.37,SGD,denied,Lazada,grabpay,2026-08-05T02:02:11Z
txn_0000ae36fb33,acc_00194,880.18,SGD,completed,Starbucks,googlepay,2026-08-05T02:02:19Z
txn_f5c5eda649d0,acc_00322,415.90,SGD,completed,McDonald's,applepay,2026-08-05T02:02:22Z
txn_b6637354aded,acc_00238,627.99,SGD,completed,Grab,paynow,2026-08-05T02:02:25Z
txn_0479f72d638d,acc_00227,192.22,SGD,pending,Watsons,grabpay,2026-08-05T02:02:47Z
txn_bc71a004a7f4,acc_00169,242.81,SGD,completed,Cold Storage,googlepay,2026-08-05T02:02:57Z
txn_5fb9aab311f6,acc_00348,707.48,SGD,pending,Starbucks,paynow,2026-08-05T02:03:03Z
txn_17105c9578c2,acc_00436,536.38,MYR,completed,7-Eleven,paynow,2026-08-05T02:03:22Z
txn_12daebd9aeff,acc_00042,220.14,MYR,pending,Grab,grabpay,2026-08-05T02:04:18Z
txn_25b4e277dbf6,acc_00111,682.13,SGD,denied,Starbucks,applepay,2026-08-05T02:04:46Z
txn_6d6a11fbdc6b,acc_00136,650.56,SGD,denied,Cold Storage,grabpay,2026-08-05T02:05:05Z
txn_2647e578c5e1,acc_00176,263.73,SGD,denied,Guardian,paynow,2026-08-05T02:05:12Z
txn_c8e1b0a91962,acc_00454,44.71,SGD,pending,Lazada,card,2026-08-05T02:05:28Z
txn_ae2e2fa44be6,acc_00267,708.73,SGD,denied,Shopee,grabpay,2026-08-05T02:05:35Z
txn_75a0a1965a4b,acc_00442,77.98,SGD,completed,Shopee,applepay,2026-08-05T02:05:46Z
txn_3f059dbc1d81,acc_00301,571.77,SGD,completed,Starbucks,paynow,2026-08-05T02:06:29Z
txn_18d27e2c61bd,acc_00169,475.52,SGD,completed,Lazada,googlepay,2026-08-05T02:07:06Z
txn_c4c2b4a0c36c,acc_00411,575.92,SGD,denied,Starbucks,grabpay,2026-08-05T02:07:21Z
txn_0ceedde53314,acc_00084,827.78,MYR,completed,Cold Storage,card,2026-08-05T02:07:36Z
txn_604caea99039,acc_00239,238.98,SGD,completed,Lazada,grabpay,2026-08-05T02:07:40Z
txn_77b5b9a667c0,acc_00094,497.30,SGD,denied,McDonald's,applepay,2026-08-05T02:08:26Z
txn_c4c40aad47bb,acc_00131,692.05,SGD,completed,Starbucks,paynow,2026-08-05T02:08:41Z
txn_bfeac435892b,acc_00207,555.79,SGD,denied,Guardian,paynow,2026-08-05T02:08:44Z
txn_245aa1db8f0f,acc_00486,101.44,MYR,completed,Shopee,paynow,2026-08-05T02:08:50Z
txn_42a6d3786240,acc_00450,757.44,SGD,completed,Guardian,card,2026-08-05T02:08:51Z
txn_9e1910182a75,acc_00231,352.14,SGD,completed,Shopee,grabpay,2026-08-05T02:08:56Z
txn_9dd3b6f49bf1,acc_00449,247.80,SGD,pending,Watsons,paynow,2026-08-05T02:09:41Z
txn_76e6ba9e6b40,acc_00016,31.47,SGD,completed,Lazada,grabpay,2026-08-05T02:09:44Z
txn_2fd6a91c2099,acc_00409,714.71,SGD,completed,Watsons,paynow,2026-08-05T02:09:50Z
txn_02dfcaec3a5a,acc_00111,145.70,SGD,completed,Watsons,card,2026-08-05T02:09:58Z
txn_9398631e6946,acc_00026,228.77,SGD,pending,Shopee,card,2026-08-05T02:10:10Z
txn_9ca3ce9e020b,acc_00100,48.96,SGD,completed,Watsons,card,2026-08-05T02:10:34Z
txn_b9fdc3a90141,acc_00066,706.02,SGD,completed,NTUC FairPrice,googlepay,2026-08-05T02:10:48Z
txn_39220e85037d,acc_00126,724.70,SGD,completed,McDonald's,card,2026-08-05T02:10:52Z
txn_1ec13d8a37c4,acc_00159,214.66,SGD,completed,Guardian,card,2026-08-05T02:10:54Z
txn_7bd6ce4982e7,acc_00401,581.24,SGD,completed,Grab,paynow,2026-08-05T02:11:04Z
txn_bad16d3b2690,acc_00303,290.63,SGD,pending,7-Eleven,paynow,2026-08-05T02:11:30Z
txn_c73d307c4ca3,acc_00297,68.04,SGD,completed,Grab,googlepay,2026-08-05T02:11:37Z
txn_ce973e23470a,acc_00372,559.71,SGD,completed,Shopee,card,2026-08-05T02:12:08Z
txn_d83bcbdd8d35,acc_00381,173.04,SGD,completed,Watsons,grabpay,2026-08-05T02:12:57Z
txn_c49e74b49028,acc_00218,889.37,SGD,denied,Shopee,googlepay,2026-08-05T02:13:05Z
txn_d203419cf022,acc_00080,172.93,SGD,completed,Guardian,googlepay,2026-08-05T02:13:09Z
txn_c0c00bb8ae10,acc_00128,144.03,SGD,denied,McDonald's,paynow,2026-08-05T02:13:42Z
txn_ca07a6b873b3,acc_00376,459.83,SGD,completed,Cold Storage,card,2026-08-05T02:13:48Z
txn_d7f6d76830ed,acc_00335,454.79,SGD,completed,NTUC FairPrice,googlepay,2026-08-05T02:14:18Z
txn_b94c7df19035,acc_00135,397.16,SGD,completed,Cold Storage,googlepay,2026-08-05T02:14:39Z
txn_fb217997ad1e,acc_00299,651.28,SGD,completed,7-Eleven,paynow,2026-08-05T02:15:42Z
txn_c3c6785b79cc,acc_00005,551.31,SGD,pending,Shopee,grabpay,2026-08-05T02:16:20Z
txn_1415d28aeca3,acc_00447,455.94,SGD,completed,Lazada,paynow,2026-08-05T02:16:29Z
txn_c2bf300169ac,acc_00043,300.77,SGD,completed,Lazada,card,2026-08-05T02:17:07Z
txn_a22f840f26ae,acc_00155,111.86,SGD,pending,Guardian,applepay,2026-08-05T02:17:12Z
txn_a4805b1d7697,acc_00019,175.80,MYR,completed,McDonald's,applepay,2026-08-05T02:17:36Z
txn_fe3bd2b207fc,acc_00372,337.58,SGD,completed,Guardian,applepay,2026-08-05T02:17:53Z
txn_265340a93b1d,acc_00479,554.98,SGD,pending,Grab,googlepay,2026-08-05T02:18:40Z
txn_bf0091e59c11,acc_00235,474.56,SGD,denied,7-Eleven,paynow,2026-08-05T02:18:46Z
txn_1ee25719576d,acc_00401,20.37,SGD,completed,Guardian,grabpay,2026-08-05T02:18:53Z
txn_0f14545cc278,acc_00202,265.32,SGD,pending,Lazada,grabpay,2026-08-05T02:18:57Z
txn_19885afcbcc0,acc_00375,793.04,SGD,denied,Cold Storage,grabpay,2026-08-05T02:19:52Z
txn_e83bc8943fe9,acc_00042,126.69,SGD,pending,Shopee,paynow,2026-08-05T02:20:18Z
txn_fd8c9a33f2ad,acc_00492,47.48,SGD,pending,McDonald's,grabpay,2026-08-05T02:20:42Z
txn_d732b49812fe,acc_00479,54.24,SGD,denied,Lazada,grabpay,2026-08-05T02:20:42Z
txn_8588d1fb626e,acc_00076,218.23,SGD,pending,Starbucks,grabpay,2026-08-05T02:20:44Z
txn_530379f53209,acc_00403,898.86,MYR,denied,Shopee,paynow,2026-08-05T02:20:56Z
txn_25f7f81d50b1,acc_00377,218.59,SGD,completed,Cold Storage,paynow,2026-08-05T02:21:14Z
txn_14909110e095,acc_00242,843.57,SGD,completed,Shopee,grabpay,2026-08-05T02:21:35Z
txn_839543910a6b,acc_00232,157.46,SGD,completed,7-Eleven,grabpay,2026-08-05T02:21:51Z
txn_45e5375cf7fc,acc_00352,166.17,MYR,completed,Cold Storage,card,2026-08-05T02:22:33Z
txn_8b9950efd998,acc_00067,94.68,SGD,denied,Cold Storage,paynow,2026-08-05T02:22:37Z
txn_b2f4b65e616c,acc_00381,342.56,SGD,denied,Starbucks,googlepay,2026-08-05T02:22:39Z
txn_70331d233af9,acc_00283,176.41,MYR,denied,Guardian,paynow,2026-08-05T02:22:46Z
txn_4f8e6c9decd3,acc_00313,839.88,MYR,denied,NTUC FairPrice,card,2026-08-05T02:22:46Z
txn_e35b7795cef7,acc_00009,203.67,SGD,pending,7-Eleven,paynow,2026-08-05T02:22:47Z
txn_25effe73f4f3,acc_00024,35.14,SGD,pending,Shopee,paynow,2026-08-05T02:23:33Z
txn_24a4c256f3e8,acc_00328,64.06,SGD,completed,NTUC FairPrice,paynow,2026-08-05T02:24:08Z
txn_5f1f8641b3f2,acc_00336,32.87,SGD,pending,Lazada,grabpay,2026-08-05T02:24:18Z
txn_1883302adf00,acc_00042,602.31,MYR,completed,NTUC FairPrice,card,2026-08-05T02:24:39Z
txn_e8155ec647d8,acc_00183,406.56,SGD,completed,Cold Storage,grabpay,2026-08-05T02:24:48Z
txn_041cc97c1a5e,acc_00204,600.57,SGD,pending,McDonald's,grabpay,2026-08-05T02:24:49Z
txn_c56772d5975b,acc_00351,38.21,SGD,completed,McDonald's,googlepay,2026-08-05T02:24:51Z
txn_df9180ea3fd7,acc_00081,92.35,SGD,completed,Grab,applepay,2026-08-05T02:24:53Z
txn_4e55e2b4538b,acc_00255,696.35,SGD,denied,NTUC FairPrice,applepay,2026-08-05T02:24:54Z
txn_42ad39c0c880,acc_00449,826.89,SGD,completed,Cold Storage,googlepay,2026-08-05T02:24:58Z
txn_61b585dc00df,acc_00484,707.17,SGD,completed,Watsons,grabpay,2026-08-05T02:26:06Z
txn_339a8f3677f8,acc_00165,75.47,SGD,pending,Guardian,grabpay,2026-08-05T02:26:12Z
txn_6bd8fcbeaf02,acc_00350,393.26,SGD,denied,Cold Storage,grabpay,2026-08-05T02:26:23Z
txn_5db8657a1c46,acc_00349,219.66,SGD,pending,Shopee,paynow,2026-08-05T02:26:33Z
txn_b9587db4d600,acc_00161,385.52,SGD,completed,Shopee,applepay,2026-08-05T02:26:39Z
txn_1d64a9252ee6,acc_00449,82.12,SGD,completed,NTUC FairPrice,applepay,2026-08-05T02:26:56Z
txn_bd5b3ce461c9,acc_00368,760.15,SGD,denied,7-Eleven,grabpay,2026-08-05T02:26:57Z
txn_94fd7491cfa7,acc_00415,595.02,MYR,completed,Lazada,paynow,2026-08-05T02:26:59Z
txn_96d9bf79df68,acc_00459,153.21,SGD,completed,Guardian,card,2026-08-05T02:27:11Z
txn_512d608e2c0a,acc_00302,859.78,SGD,denied,Guardian,applepay,2026-08-05T02:27:36Z
txn_26f676098f0d,acc_00070,11.73,SGD,completed,Shopee,applepay,2026-08-05T02:27:40Z
txn_1b031fb0cffe,acc_00012,199.46,SGD,pending,McDonald's,applepay,2026-08-05T02:27:56Z
txn_1964bac1ccf9,acc_00203,122.08,SGD,completed,NTUC FairPrice,grabpay,2026-08-05T02:28:09Z
txn_3cb3cc8a7704,acc_00021,795.22,SGD,completed,McDonald's,card,2026-08-05T02:28:19Z
txn_f2eab28bb5b3,acc_00384,590.45,MYR,completed,Watsons,googlepay,2026-08-05T02:28:25Z
txn_6d717a916b9c,acc_00170,22.73,SGD,completed,Starbucks,grabpay,2026-08-05T02:28:26Z
txn_7719bfb81f75,acc_00256,86.97,SGD,completed,Cold Storage,paynow,2026-08-05T02:28:54Z
txn_9c13a80930ca,acc_00367,773.14,SGD,completed,Cold Storage,applepay,2026-08-05T02:29:00Z
txn_5707c3a04cdc,acc_00438,451.81,MYR,completed,Watsons,googlepay,2026-08-05T02:29:17Z
txn_c34762fb2367,acc_00489,286.70,SGD,denied,NTUC FairPrice,googlepay,2026-08-05T02:29:28Z
txn_e39dc64ae411,acc_00311,455.62,SGD,pending,7-Eleven,grabpay,2026-08-05T02:29:41Z
txn_42517734b16e,acc_00343,357.14,MYR,completed,Watsons,card,2026-08-05T02:29:53Z
txn_26dae2a4a657,acc_00152,161.44,SGD,pending,Cold Storage,grabpay,2026-08-05T02:30:03Z
txn_4573f4fee923,acc_00482,388.64,SGD,denied,Guardian,paynow,2026-08-05T02:30:15Z
txn_c2bfa2ad838c,acc_00233,92.33,SGD,pending,Watsons,paynow,2026-08-05T02:31:11Z
txn_db59c7dd4700,acc_00309,850.17,SGD,completed,Watsons,grabpay,2026-08-05T02:31:18Z
txn_d9ad95ff8607,acc_00171,896.36,SGD,completed,Shopee,applepay,2026-08-05T02:31:36Z
txn_df6375575dc7,acc_00398,865.05,SGD,completed,McDonald's,grabpay,2026-08-05T02:32:20Z
txn_f850b8f8c04f,acc_00358,279.02,SGD,pending,NTUC FairPrice,card,2026-08-05T02:32:34Z
txn_8e14abb45aa8,acc_00267,833.19,SGD,completed,7-Eleven,applepay,2026-08-05T02:32:51Z
txn_acd5cc0f0194,acc_00017,536.11,SGD,pending,Starbucks,paynow,2026-08-05T02:33:05Z
txn_84ae2aeb4814,acc_00384,31.51,SGD,denied,McDonald's,applepay,2026-08-05T02:33:42Z
txn_ee40c36552a8,acc_00055,821.56,SGD,completed,NTUC FairPrice,card,2026-08-05T02:33:49Z
txn_a035f04802a8,acc_00321,624.03,SGD,pending,Shopee,paynow,2026-08-05T02:34:03Z
txn_da59a0cf700e,acc_00352,511.45,SGD,completed,7-Eleven,applepay,2026-08-05T02:34:21Z
txn_f3f3a1287abb,acc_00380,587.72,SGD,completed,Cold Storage,googlepay,2026-08-05T02:34:29Z
txn_3d73e505b4d5,acc_00091,144.34,SGD,pending,Watsons,card,2026-08-05T02:34:47Z
txn_591eccb8f7aa,acc_00495,42.88,SGD,denied,Guardian,googlepay,2026-08-05T02:35:03Z
txn_4eeddee1a2d7,acc_00459,583.74,SGD,completed,Starbucks,grabpay,2026-08-05T02:35:33Z
txn_2f657ef979be,acc_00497,668.61,SGD,pending,Cold Storage,googlepay,2026-08-05T02:35:36Z
txn_ea6eebddd78a,acc_00162,772.68,SGD,completed,Grab,grabpay,2026-08-05T02:35:41Z
txn_5ec7159cc3f2,acc_00358,573.53,SGD,completed,Guardian,applepay,2026-08-05T02:36:03Z
txn_69fec588b5a4,acc_00254,746.36,SGD,pending,Watsons,card,2026-08-05T02:36:05Z
txn_148ef8b0beb4,acc_00338,499.48,SGD,pending,7-Eleven,googlepay,2026-08-05T02:36:21Z
txn_a7daec06e01f,acc_00194,673.11,SGD,completed,Grab,googlepay,2026-08-05T02:37:09Z
txn_0744dbb298e6,acc_00024,124.30,SGD,completed,Watsons,applepay,2026-08-05T02:37:30Z
txn_1bb3e3332cb1,acc_00004,578.17,MYR,completed,Guardian,card,2026-08-05T02:38:34Z
txn_8966a7e3379d,acc_00093,728.61,SGD,completed,7-Eleven,paynow,2026-08-05T02:38:41Z
txn_e235d9f75ac8,acc_00405,429.83,SGD,completed,Cold Storage,googlepay,2026-08-05T02:38:51Z
txn_e676ee9ea816,acc_00480,96.65,SGD,pending,Guardian,paynow,2026-08-05T02:39:10Z
txn_42833a8eda39,acc_00072,185.80,SGD,completed,Lazada,applepay,2026-08-05T02:39:16Z
txn_8cccfc995359,acc_00226,526.91,SGD,completed,Cold Storage,paynow,2026-08-05T02:39:21Z
txn_3acb873976ab,acc_00448,811.25,SGD,completed,Cold Storage,grabpay,2026-08-05T02:39:27Z
txn_b1fd7d37f554,acc_00085,229.36,SGD,completed,McDonald's,card,2026-08-05T02:39:53Z
txn_9778974b84e5,acc_00027,514.32,SGD,completed,Watsons,grabpay,2026-08-05T02:40:37Z
txn_6a57f2c7b130,acc_00051,215.31,SGD,completed,Starbucks,paynow,2026-08-05T02:40:37Z
txn_fa4c809d2ef9,acc_00035,383.86,MYR,completed,Grab,grabpay,2026-08-05T02:41:20Z
txn_6e57fd71ea51,acc_00356,825.03,SGD,completed,Grab,paynow,2026-08-05T02:41:46Z
txn_0477d99edd93,acc_00418,343.17,SGD,completed,7-Eleven,applepay,2026-08-05T02:42:31Z
txn_37fe0b815c5a,acc_00119,721.25,SGD,completed,Guardian,card,2026-08-05T02:42:33Z
txn_cf3af28f1002,acc_00126,18.16,SGD,completed,Starbucks,paynow,2026-08-05T02:42:36Z
txn_df84c14d34b4,acc_00379,544.03,SGD,completed,McDonald's,paynow,2026-08-05T02:42:40Z
txn_8aad975d6771,acc_00352,568.19,SGD,denied,Guardian,grabpay,2026-08-05T02:43:48Z
txn_0a880f7588aa,acc_00488,96.49,SGD,completed,Starbucks,paynow,2026-08-05T02:43:50Z
txn_af22fe00c6c8,acc_00033,898.59,SGD,pending,Watsons,paynow,2026-08-05T02:43:57Z
txn_bac9414fe6b5,acc_00461,841.05,SGD,completed,Cold Storage,paynow,2026-08-05T02:43:58Z
txn_108dbffbcd07,acc_00352,556.98,MYR,completed,Starbucks,grabpay,2026-08-05T02:44:25Z
txn_be540bd020ff,acc_00288,821.43,SGD,completed,NTUC FairPrice,paynow,2026-08-05T02:44:35Z
txn_80f7c10170ea,acc_00341,688.13,SGD,completed,Starbucks,applepay,2026-08-05T02:46:01Z
txn_dc9f54146c44,acc_00382,876.95,SGD,completed,Starbucks,paynow,2026-08-05T02:46:03Z
txn_14d05626bbd6,acc_00034,830.89,SGD,pending,Starbucks,grabpay,2026-08-05T02:46:29Z
txn_a0c9ac3ef6c0,acc_00087,891.70,SGD,completed,Cold Storage,grabpay,2026-08-05T02:46:39Z
txn_936706a4f5d9,acc_00269,699.61,SGD,denied,McDonald's,paynow,2026-08-05T02:46:39Z
txn_2599faa316e4,acc_00203,783.79,SGD,completed,7-Eleven,paynow,2026-08-05T02:46:51Z
txn_ddc5f6cd8ae2,acc_00434,480.05,SGD,completed,Starbucks,applepay,2026-08-05T02:46:53Z
txn_e5f823cdf417,acc_00425,324.25,SGD,completed,NTUC FairPrice,grabpay,2026-08-05T02:47:16Z
txn_2a9f0a6ce08e,acc_00479,317.59,SGD,completed,Shopee,grabpay,2026-08-05T02:47:18Z
txn_1bf4a924cc67,acc_00291,721.56,SGD,pending,Lazada,grabpay,2026-08-05T02:47:28Z
txn_8a93a1fa9f2d,acc_00017,545.57,SGD,completed,7-Eleven,applepay,2026-08-05T02:47:57Z
txn_5f82d537432d,acc_00190,329.65,SGD,completed,Watsons,grabpay,2026-08-05T02:48:17Z
txn_53947f333c2a,acc_00257,728.28,SGD,denied,McDonald's,applepay,2026-08-05T02:48:57Z
txn_bf6619daae1c,acc_00063,98.60,SGD,completed,Shopee,card,2026-08-05T02:49:02Z
txn_22fe9e745fdc,acc_00465,508.62,SGD,completed,NTUC FairPrice,card,2026-08-05T02:49:10Z
txn_df219ade8123,acc_00393,364.43,SGD,denied,Watsons,paynow,2026-08-05T02:49:14Z
txn_198a8aa6703d,acc_00277,647.18,MYR,completed,7-Eleven,card,2026-08-05T02:49:15Z
txn_e0fdd89319b2,acc_00472,443.78,SGD,denied,Cold Storage,paynow,2026-08-05T02:49:40Z
txn_65ce8d134372,acc_00158,115.00,SGD,completed,Starbucks,card,2026-08-05T02:49:48Z
txn_5a8322fbc005,acc_00237,25.29,MYR,pending,Grab,card,2026-08-05T02:50:01Z
txn_0b1ec7a964fc,acc_00422,556.19,SGD,completed,Grab,grabpay,2026-08-05T02:50:15Z
txn_c4cb51a68149,acc_00448,709.16,SGD,pending,Watsons,grabpay,2026-08-05T02:50:37Z
txn_92d46f2063ef,acc_00073,657.83,SGD,completed,McDonald's,googlepay,2026-08-05T02:50:54Z
txn_5b0004df222f,acc_00422,105.61,SGD,pending,Starbucks,applepay,2026-08-05T02:50:56Z
txn_2733fb4a7905,acc_00498,192.67,SGD,completed,NTUC FairPrice,applepay,2026-08-05T02:51:11Z
txn_4f8a2a052073,acc_00433,97.51,SGD,denied,Starbucks,googlepay,2026-08-05T02:51:48Z
txn_f5e07a0e43d4,acc_00116,222.85,SGD,completed,Lazada,card,2026-08-05T02:51:53Z
txn_dfdebe8af60a,acc_00322,693.60,SGD,completed,Guardian,googlepay,2026-08-05T02:52:04Z
txn_3a3279a2d7ef,acc_00307,630.11,SGD,denied,Cold Storage,paynow,2026-08-05T02:52:16Z
txn_1f5997a40b9c,acc_00355,449.02,SGD,completed,Grab,applepay,2026-08-05T02:52:25Z
txn_40f1cee7866e,acc_00473,230.66,SGD,pending,Starbucks,paynow,2026-08-05T02:52:25Z
txn_82537b608747,acc_00166,462.15,SGD,completed,Grab,card,2026-08-05T02:53:35Z
txn_b0fec2e1500e,acc_00299,372.31,SGD,completed,7-Eleven,googlepay,2026-08-05T02:54:10Z
txn_acf2a22b1258,acc_00383,670.60,SGD,denied,Lazada,googlepay,2026-08-05T02:54:22Z
txn_7f3a0c99aea5,acc_00111,69.09,SGD,pending,McDonald's,paynow,2026-08-05T02:54:33Z
txn_0bd978b82daf,acc_00032,58.85,SGD,completed,Guardian,applepay,2026-08-05T02:54:39Z
txn_f1c121eb487b,acc_00403,61.81,SGD,completed,McDonald's,card,2026-08-05T02:54:41Z
txn_d61f64152073,acc_00086,167.54,SGD,completed,Lazada,grabpay,2026-08-05T02:54:54Z
txn_c4d994881bf7,acc_00020,512.41,SGD,completed,Guardian,applepay,2026-08-05T02:54:54Z
txn_9a3ef7eaf3ff,acc_00410,606.79,SGD,completed,McDonald's,card,2026-08-05T02:55:08Z
txn_3676a59f3115,acc_00315,267.90,SGD,completed,Guardian,card,2026-08-05T02:55:22Z
txn_334eed8d447d,acc_00235,8.26,SGD,completed,Grab,googlepay,2026-08-05T02:55:51Z
txn_64c51bcbeb96,acc_00439,760.26,MYR,completed,McDonald's,applepay,2026-08-05T02:55:53Z
txn_77ec301b34f8,acc_00082,821.05,MYR,completed,NTUC FairPrice,applepay,2026-08-05T02:55:58Z
txn_89edee3063e2,acc_00247,167.81,SGD,completed,7-Eleven,paynow,2026-08-05T02:56:29Z
txn_7830f07977d7,acc_00210,888.49,SGD,completed,7-Eleven,paynow,2026-08-05T02:56:32Z
txn_987f650b0101,acc_00318,56.56,SGD,completed,Lazada,grabpay,2026-08-05T02:57:21Z
txn_7b30f328e8cc,acc_00224,192.26,SGD,completed,Watsons,googlepay,2026-08-05T02:58:09Z
txn_65ca45ea3c9f,acc_00426,670.95,MYR,completed,Lazada,applepay,2026-08-05T02:58:34Z
txn_c10f39437ddc,acc_00273,405.35,SGD,pending,Lazada,grabpay,2026-08-05T02:58:42Z
txn_c9ab34e68d3c,acc_00070,447.49,SGD,completed,Watsons,card,2026-08-05T02:59:40Z
txn_08144bfb39b4,acc_00229,439.40,SGD,completed,7-Eleven,googlepay,2026-08-05T02:59:53Z
txn_556b53c90bf2,acc_00391,180.24,SGD,pending,Starbucks,applepay,2026-08-05T02:59:58Z
txn_dd7d6a4f8847,acc_00147,566.64,SGD,pending,Starbucks,applepay,2026-08-05T03:00:03Z
txn_a2ac253f0eb6,acc_00378,9.71,SGD,completed,Cold Storage,applepay,2026-08-05T03:00:28Z
txn_e3d2e3127591,acc_00315,32.70,SGD,pending,Lazada,applepay,2026-08-05T03:01:05Z
txn_99b45bc282fa,acc_00065,786.28,SGD,pending,Starbucks,googlepay,2026-08-05T03:01:14Z
txn_31f54d54c6a5,acc_00148,162.05,SGD,completed,Guardian,card,2026-08-05T03:01:16Z
txn_73ce095b2fb0,acc_00202,432.64,SGD,pending,McDonald's,paynow,2026-08-05T03:01:30Z
txn_a48a8e9c1cb1,acc_00454,893.75,MYR,pending,Shopee,card,2026-08-05T03:02:24Z
txn_28d477d2206c,acc_00488,683.35,SGD,completed,Cold Storage,paynow,2026-08-05T03:02:36Z
txn_08b11a02dce6,acc_00026,755.86,SGD,denied,Shopee,applepay,2026-08-05T03:02:47Z
txn_93fcc219e396,acc_00029,757.31,SGD,completed,Grab,googlepay,2026-08-05T03:02:49Z
txn_7ab1095ffa77,acc_00319,481.87,SGD,denied,Guardian,card,2026-08-05T03:03:23Z
txn_42b733b869f5,acc_00231,336.88,SGD,completed,McDonald's,card,2026-08-05T03:03:30Z
txn_aa30147d1c4a,acc_00060,879.80,SGD,pending,7-Eleven,googlepay,2026-08-05T03:03:34Z
txn_01b0d5281a99,acc_00076,534.48,SGD,completed,NTUC FairPrice,applepay,2026-08-05T03:04:27Z
txn_3d3368538253,acc_00484,29.21,SGD,completed,Watsons,card,2026-08-05T03:05:12Z
txn_58c1051278b1,acc_00161,154.59,SGD,completed,Shopee,grabpay,2026-08-05T03:05:16Z
txn_0d731e11c30c,acc_00029,595.96,SGD,completed,Cold Storage,googlepay,2026-08-05T03:05:33Z
txn_b8391c97d5ab,acc_00148,660.15,SGD,denied,NTUC FairPrice,paynow,2026-08-05T03:05:41Z
txn_73f22d6f3536,acc_00235,630.99,SGD,pending,Guardian,card,2026-08-05T03:05:41Z
txn_eb8652d9d0e2,acc_00043,429.57,SGD,denied,Starbucks,grabpay,2026-08-05T03:05:51Z
txn_49d15be64ef5,acc_00391,225.56,MYR,pending,NTUC FairPrice,applepay,2026-08-05T03:06:16Z
txn_5fa74a24265a,acc_00317,407.25,SGD,completed,Guardian,applepay,2026-08-05T03:07:17Z
txn_d5b94890979e,acc_00071,316.82,SGD,denied,Watsons,paynow,2026-08-05T03:07:52Z
txn_be5a0502ae0d,acc_00427,634.95,MYR,completed,Cold Storage,card,2026-08-05T03:07:53Z
txn_9bc35a6e018d,acc_00341,47.04,SGD,pending,NTUC FairPrice,grabpay,2026-08-05T03:07:54Z
txn_dc62fbe61aa2,acc_00333,132.77,SGD,pending,Watsons,paynow,2026-08-05T03:08:04Z
txn_2314c9e88f46,acc_00431,155.92,SGD,completed,7-Eleven,paynow,2026-08-05T03:08:16Z
txn_e8f2e976073e,acc_00410,873.91,SGD,denied,Lazada,grabpay,2026-08-05T03:08:17Z
txn_b514340a1b52,acc_00489,362.33,SGD,completed,Cold Storage,grabpay,2026-08-05T03:08:42Z
txn_96f1cc6bd33f,acc_00199,726.42,SGD,completed,NTUC FairPrice,googlepay,2026-08-05T03:08:47Z
txn_3b3a617db516,acc_00184,835.41,SGD,completed,Cold Storage,googlepay,2026-08-05T03:08:58Z
txn_b9e79d821c5a,acc_00384,138.36,SGD,denied,McDonald's,paynow,2026-08-05T03:09:22Z
txn_89cb2343e49d,acc_00439,575.75,SGD,pending,Watsons,grabpay,2026-08-05T03:09:28Z
txn_d6b16d0979c0,acc_00385,224.66,SGD,pending,Cold Storage,grabpay,2026-08-05T03:10:01Z
txn_d3be291d0e46,acc_00401,320.25,SGD,completed,Starbucks,applepay,2026-08-05T03:10:17Z
txn_04950a472467,acc_00255,89.92,SGD,completed,Cold Storage,googlepay,2026-08-05T03:10:25Z
txn_1eb3c7a9994c,acc_00146,760.96,SGD,completed,Guardian,card,2026-08-05T03:11:24Z
txn_a0fe11b2252c,acc_00475,214.48,SGD,denied,7-Eleven,card,2026-08-05T03:11:45Z
txn_db969f69d63c,acc_00364,91.89,SGD,pending,Guardian,googlepay,2026-08-05T03:12:17Z
txn_64e233f0cd0c,acc_00141,190.42,SGD,denied,Shopee,applepay,2026-08-05T03:12:19Z
txn_f4d6e450bcc6,acc_00148,597.16,SGD,denied,NTUC FairPrice,applepay,2026-08-05T03:12:22Z
txn_7780d20d998a,acc_00068,536.67,SGD,pending,Grab,applepay,2026-08-05T03:12:26Z
txn_41fb17a48f71,acc_00329,373.71,SGD,completed,Guardian,applepay,2026-08-05T03:13:10Z
txn_f074679844c4,acc_00443,687.81,SGD,pending,Guardian,card,2026-08-05T03:13:14Z
txn_12ad4e347f17,acc_00312,370.94,SGD,denied,Watsons,card,2026-08-05T03:13:43Z
txn_c507896c2516,acc_00495,306.64,MYR,completed,McDonald's,grabpay,2026-08-05T03:14:01Z
txn_c3a9f4ed05f9,acc_00127,548.59,SGD,pending,Guardian,grabpay,2026-08-05T03:14:20Z
txn_388aed17ce77,acc_00196,85.56,SGD,completed,Lazada,applepay,2026-08-05T03:14:50Z
txn_3f5390f65662,acc_00210,421.23,SGD,completed,Grab,googlepay,2026-08-05T03:14:56Z
txn_eadafc8b095a,acc_00185,344.42,SGD,pending,McDonald's,applepay,2026-08-05T03:15:25Z
txn_3f6a7a8db2c9,acc_00127,219.98,SGD,pending,7-Eleven,googlepay,2026-08-05T03:15:43Z
txn_6b01d6fa47a3,acc_00145,43.32,SGD,denied,Grab,grabpay,2026-08-05T03:15:59Z
txn_a80309dd9ab3,acc_00228,10.90,SGD,completed,7-Eleven,paynow,2026-08-05T03:16:32Z
txn_e4676cfe518e,acc_00434,35.07,SGD,completed,NTUC FairPrice,paynow,2026-08-05T03:16:32Z
txn_dc8a3701cdb7,acc_00449,338.10,SGD,denied,NTUC FairPrice,googlepay,2026-08-05T03:16:39Z
txn_d8ea3a61152d,acc_00080,776.80,SGD,completed,Shopee,googlepay,2026-08-05T03:17:07Z
txn_e6baa25c7a44,acc_00169,118.47,SGD,completed,NTUC FairPrice,applepay,2026-08-05T03:17:09Z
txn_1f05e364b25c,acc_00494,70.08,SGD,pending,Watsons,grabpay,2026-08-05T03:17:16Z
txn_7c699edc7bd5,acc_00337,870.02,SGD,completed,Grab,googlepay,2026-08-05T03:17:19Z
txn_bf7018f23403,acc_00379,725.12,SGD,completed,Cold Storage,card,2026-08-05T03:17:33Z
txn_fa54414f82fc,acc_00314,827.32,SGD,completed,McDonald's,applepay,2026-08-05T03:17:34Z
txn_3f6bee4488d0,acc_00488,808.01,SGD,completed,Watsons,applepay,2026-08-05T03:17:34Z
txn_08e85f458224,acc_00418,62.91,MYR,pending,Cold Storage,paynow,2026-08-05T03:17:35Z
txn_9d32b8acbca8,acc_00007,138.52,SGD,completed,Guardian,grabpay,2026-08-05T03:17:47Z
txn_650e7d7cc9ea,acc_00283,371.54,MYR,completed,Shopee,card,2026-08-05T03:18:00Z
txn_bd6aa06a789b,acc_00031,825.15,SGD,denied,Grab,googlepay,2026-08-05T03:18:41Z
txn_3ab17f9dbb19,acc_00093,374.90,SGD,completed,Starbucks,grabpay,2026-08-05T03:18:50Z
txn_9ad81982982d,acc_00253,541.44,SGD,completed,Cold Storage,googlepay,2026-08-05T03:19:06Z
txn_f639cb598edc,acc_00452,410.57,SGD,completed,Shopee,card,2026-08-05T03:19:12Z
txn_4937ab1b3f50,acc_00230,101.21,SGD,denied,Cold Storage,card,2026-08-05T03:19:15Z
txn_9bfbf80a4f8c,acc_00091,38.61,MYR,completed,Watsons,grabpay,2026-08-05T03:19:34Z
txn_dde843671c54,acc_00004,434.61,SGD,completed,Watsons,card,2026-08-05T03:19:48Z
txn_8b5c3f2ea17e,acc_00029,634.47,SGD,completed,Shopee,card,2026-08-05T03:20:04Z
txn_ef9349ec959a,acc_00184,56.84,SGD,completed,Grab,applepay,2026-08-05T03:20:15Z
txn_84d9ffe7dcac,acc_00339,442.36,SGD,completed,McDonald's,paynow,2026-08-05T03:20:32Z
txn_ce4f33e76da4,acc_00136,45.16,MYR,pending,Lazada,googlepay,2026-08-05T03:20:53Z
txn_cadf987e9fcc,acc_00241,850.80,SGD,completed,7-Eleven,applepay,2026-08-05T03:21:01Z
txn_40391ed17689,acc_00073,838.89,SGD,completed,Watsons,applepay,2026-08-05T03:21:48Z
txn_033c1d56d117,acc_00158,24.75,MYR,completed,McDonald's,grabpay,2026-08-05T03:22:01Z
txn_6687846408f9,acc_00269,273.83,SGD,completed,NTUC FairPrice,paynow,2026-08-05T03:22:17Z
txn_962868d83745,acc_00389,273.12,SGD,completed,7-Eleven,paynow,2026-08-05T03:22:49Z
txn_1bc7aad88029,acc_00281,77.54,SGD,completed,7-Eleven,applepay,2026-08-05T03:23:01Z
txn_147dd9c03ea6,acc_00389,218.19,SGD,pending,McDonald's,card,2026-08-05T03:23:16Z
txn_5aa9a208ef34,acc_00403,370.80,SGD,denied,Cold Storage,grabpay,2026-08-05T03:23:29Z
txn_7210bad01c20,acc_00290,42.77,SGD,completed,NTUC FairPrice,grabpay,2026-08-05T03:23:37Z
txn_405ceddf21dd,acc_00104,896.13,SGD,completed,Shopee,grabpay,2026-08-05T03:23:54Z
txn_b64d9d05dfc9,acc_00490,496.87,SGD,completed,Guardian,googlepay,2026-08-05T03:24:05Z
txn_6090843603ed,acc_00236,509.58,SGD,completed,Grab,card,2026-08-05T03:24:15Z
txn_457c3c90a279,acc_00458,190.15,SGD,completed,Guardian,card,2026-08-05T03:24:16Z
txn_bc21af119095,acc_00059,780.70,SGD,completed,Guardian,grabpay,2026-08-05T03:24:25Z
txn_d00dd3abb431,acc_00395,283.18,SGD,completed,Grab,paynow,2026-08-05T03:24:32Z
txn_06f0751b1984,acc_00422,818.19,SGD,denied,Lazada,grabpay,2026-08-05T03:24:50Z
txn_af96dc1d0975,acc_00114,802.26,SGD,completed,Guardian,card,2026-08-05T03:24:52Z
txn_24c7c99ef665,acc_00248,380.40,SGD,completed,Starbucks,paynow,2026-08-05T03:24:55Z
txn_9a9a8949700c,acc_00395,877.53,SGD,completed,Lazada,applepay,2026-08-05T03:25:15Z
txn_3ba02f233e30,acc_00002,304.66,SGD,completed,Grab,googlepay,2026-08-05T03:25:26Z
txn_7bed4da9d956,acc_00428,165.16,SGD,completed,7-Eleven,card,2026-08-05T03:25:41Z
txn_feac694c49ee,acc_00023,817.28,SGD,pending,Shopee,googlepay,2026-08-05T03:25:45Z
txn_10ae4848822c,acc_00452,886.92,SGD,denied,Shopee,card,2026-08-05T03:25:53Z
txn_ed1eefbb1352,acc_00208,257.36,SGD,pending,NTUC FairPrice,grabpay,2026-08-05T03:25:59Z
txn_9ee28749db4f,acc_00241,447.46,SGD,completed,Starbucks,grabpay,2026-08-05T03:26:35Z
txn_e42f248d4556,acc_00487,77.29,SGD,pending,Watsons,applepay,2026-08-05T03:26:59Z
txn_e8644aa28b51,acc_00280,768.66,SGD,pending,7-Eleven,googlepay,2026-08-05T03:27:21Z
txn_73f54e981489,acc_00455,207.57,SGD,pending,Starbucks,applepay,2026-08-05T03:27:43Z
txn_24bea541f7b3,acc_00477,473.64,MYR,completed,7-Eleven,card,2026-08-05T03:27:52Z
txn_e00de5027ac5,acc_00131,95.72,SGD,completed,McDonald's,grabpay,2026-08-05T03:28:02Z
txn_debeb6a66a55,acc_00388,155.21,MYR,denied,Starbucks,grabpay,2026-08-05T03:28:07Z
txn_991cf0d16096,acc_00289,100.28,SGD,completed,Shopee,card,2026-08-05T03:28:22Z
txn_875127c84019,acc_00341,160.55,SGD,pending,Shopee,card,2026-08-05T03:28:51Z
txn_220d76f02a8e,acc_00125,272.90,MYR,completed,Shopee,googlepay,2026-08-05T03:28:51Z
txn_879c26871218,acc_00174,419.69,MYR,completed,NTUC FairPrice,card,2026-08-05T03:29:14Z
txn_c13abb45b7b9,acc_00500,144.57,SGD,completed,Guardian,applepay,2026-08-05T03:29:55Z
txn_80c51bb713eb,acc_00377,726.19,SGD,denied,Shopee,grabpay,2026-08-05T03:29:57Z
txn_c1afb497b86a,acc_00223,109.07,SGD,completed,McDonald's,card,2026-08-05T03:29:58Z
txn_fe021c0972a4,acc_00404,577.38,SGD,completed,7-Eleven,card,2026-08-05T03:30:06Z
txn_0d73896c055d,acc_00048,181.72,SGD,pending,Starbucks,card,2026-08-05T03:30:15Z
txn_cd0b1392676c,acc_00079,552.70,SGD,pending,7-Eleven,card,2026-08-05T03:30:16Z
txn_14ea8c886029,acc_00365,651.93,SGD,pending,Watsons,googlepay,2026-08-05T03:30:16Z
txn_6b8da637c0ca,acc_00268,773.97,SGD,pending,Shopee,googlepay,2026-08-05T03:30:22Z
txn_143479f141b4,acc_00191,538.56,MYR,pending,7-Eleven,paynow,2026-08-05T03:30:33Z
txn_4056d839f97a,acc_00080,195.74,SGD,completed,Grab,applepay,2026-08-05T03:31:16Z
txn_9838a49ceffa,acc_00188,558.39,SGD,pending,McDonald's,googlepay,2026-08-05T03:32:43Z
txn_f878c048783b,acc_00428,761.60,SGD,pending,NTUC FairPrice,grabpay,2026-08-05T03:32:56Z
txn_6381b12bcc8c,acc_00281,11.99,SGD,completed,NTUC FairPrice,applepay,2026-08-05T03:33:25Z
txn_0889a916839a,acc_00054,296.74,MYR,completed,7-Eleven,applepay,2026-08-05T03:34:03Z
txn_9a57980ed36e,acc_00473,436.41,SGD,completed,7-Eleven,paynow,2026-08-05T03:34:38Z
txn_41fc036e1a4c,acc_00107,206.76,MYR,denied,McDonald's,applepay,2026-08-05T03:34:40Z
txn_bfbdc502010f,acc_00012,893.77,SGD,completed,NTUC FairPrice,grabpay,2026-08-05T03:34:49Z
txn_7cdd063a7248,acc_00432,452.83,SGD,completed,Cold Storage,paynow,2026-08-05T03:34:58Z
txn_983b13505f47,acc_00121,568.96,SGD,completed,Grab,applepay,2026-08-05T03:35:03Z
txn_725973b8f437,acc_00356,202.13,SGD,completed,Lazada,googlepay,2026-08-05T03:35:24Z
txn_f28d58cd4954,acc_00309,501.99,SGD,completed,Starbucks,applepay,2026-08-05T03:37:31Z
txn_9c7a9fa65cac,acc_00497,363.74,SGD,completed,NTUC FairPrice,googlepay,2026-08-05T03:37:51Z
txn_c87aacb6a33e,acc_00359,280.25,SGD,denied,Grab,paynow,2026-08-05T03:37:51Z
txn_c200b0fad77a,acc_00295,602.93,SGD,denied,Guardian,grabpay,2026-08-05T03:37:55Z
txn_aa80f8bf98e9,acc_00020,91.06,SGD,completed,Shopee,applepay,2026-08-05T03:37:57Z
txn_8b44376b420b,acc_00119,412.43,SGD,completed,McDonald's,card,2026-08-05T03:38:02Z
txn_97a6b60e3a50,acc_00433,698.60,SGD,pending,Shopee,grabpay,2026-08-05T03:38:15Z
txn_955980d6ab50,acc_00198,140.71,SGD,completed,7-Eleven,paynow,2026-08-05T03:38:20Z
txn_72e4225f1701,acc_00426,433.74,SGD,completed,Guardian,googlepay,2026-08-05T03:38:34Z
txn_33c05d99fd15,acc_00186,486.66,SGD,completed,7-Eleven,paynow,2026-08-05T03:38:45Z
txn_82d87bcaf217,acc_00017,54.18,SGD,pending,Starbucks,applepay,2026-08-05T03:38:49Z
txn_a53bd2d30fae,acc_00058,374.46,SGD,denied,Guardian,googlepay,2026-08-05T03:38:53Z
txn_4ac1d4290bfb,acc_00182,11.41,SGD,completed,Lazada,paynow,2026-08-05T03:39:15Z
txn_cfee45b81c11,acc_00322,841.87,SGD,denied,Starbucks,applepay,2026-08-05T03:39:33Z
txn_2ec1e9ae0d90,acc_00242,738.82,SGD,completed,NTUC FairPrice,googlepay,2026-08-05T03:39:34Z
txn_a921d391d287,acc_00162,621.06,SGD,completed,Starbucks,googlepay,2026-08-05T03:40:05Z
txn_70a935183d84,acc_00099,205.82,SGD,completed,Grab,grabpay,2026-08-05T03:40:56Z
txn_6fcd9401fb19,acc_00052,249.72,MYR,pending,Starbucks,applepay,2026-08-05T03:41:18Z
txn_0ae09b3c76e9,acc_00128,253.93,MYR,denied,Starbucks,card,2026-08-05T03:41:35Z
txn_9ca92379f677,acc_00449,334.55,SGD,completed,NTUC FairPrice,googlepay,2026-08-05T03:41:57Z
txn_08b6aca5400e,acc_00146,895.44,SGD,pending,Lazada,grabpay,2026-08-05T03:41:58Z
txn_cd271605702e,acc_00009,697.10,MYR,completed,NTUC FairPrice,card,2026-08-05T03:42:06Z
txn_6d6a4913932c,acc_00347,78.79,SGD,pending,Starbucks,googlepay,2026-08-05T03:42:12Z
txn_b948e57b2605,acc_00003,634.99,SGD,completed,Grab,googlepay,2026-08-05T03:42:16Z
txn_402590f7746c,acc_00013,239.16,SGD,denied,Guardian,card,2026-08-05T03:42:40Z
txn_a8b4002827bd,acc_00112,724.40,SGD,completed,7-Eleven,googlepay,2026-08-05T03:42:42Z
txn_135d78855da7,acc_00162,795.41,SGD,pending,Lazada,paynow,2026-08-05T03:43:12Z
txn_bcaa6fb8b4a9,acc_00047,7.16,SGD,pending,7-Eleven,grabpay,2026-08-05T03:43:19Z
txn_f69476ce9548,acc_00262,735.45,SGD,pending,Watsons,paynow,2026-08-05T03:43:22Z
txn_7c15306d8bbe,acc_00165,19.91,SGD,denied,NTUC FairPrice,paynow,2026-08-05T03:43:25Z
txn_da7b94f9b51f,acc_00145,337.28,SGD,pending,7-Eleven,paynow,2026-08-05T03:43:44Z
txn_fc9138210543,acc_00109,212.29,SGD,denied,Grab,card,2026-08-05T03:43:51Z
txn_51e74f944454,acc_00328,102.42,SGD,completed,Lazada,paynow,2026-08-05T03:43:54Z
txn_ca69e9bca24b,acc_00376,225.71,SGD,completed,NTUC FairPrice,googlepay,2026-08-05T03:43:57Z
txn_ba84872c5bda,acc_00221,543.20,SGD,denied,Cold Storage,grabpay,2026-08-05T03:44:07Z
txn_dafe6de8f9d9,acc_00022,279.16,SGD,completed,Lazada,paynow,2026-08-05T03:44:33Z
txn_d72e8f58abdc,acc_00164,138.15,SGD,pending,Cold Storage,applepay,2026-08-05T03:44:45Z
txn_10fa7889d815,acc_00352,763.68,SGD,completed,McDonald's,card,2026-08-05T03:45:13Z
txn_c57a7d92a96e,acc_00305,179.55,SGD,completed,McDonald's,googlepay,2026-08-05T03:45:34Z
txn_03b73b6a1b21,acc_00356,34.86,SGD,denied,Shopee,grabpay,2026-08-05T03:46:14Z
txn_517bd27c1747,acc_00413,753.91,SGD,completed,Guardian,applepay,2026-08-05T03:46:28Z
txn_88072b44f35a,acc_00458,601.37,SGD,denied,Cold Storage,grabpay,2026-08-05T03:47:01Z
txn_21005e3fa137,acc_00125,528.24,SGD,denied,Starbucks,grabpay,2026-08-05T03:47:06Z
txn_f828efc5e255,acc_00279,376.89,SGD,pending,Cold Storage,card,2026-08-05T03:47:09Z
txn_d9ff89bacde5,acc_00169,513.63,SGD,completed,Grab,paynow,2026-08-05T03:47:52Z
txn_97be4ccf5821,acc_00007,604.27,SGD,pending,Lazada,applepay,2026-08-05T03:48:21Z
txn_aa899886263e,acc_00050,246.17,SGD,completed,Starbucks,googlepay,2026-08-05T03:48:28Z
txn_6a5411a7bcb9,acc_00494,489.24,SGD,completed,Starbucks,applepay,2026-08-05T03:48:50Z
txn_5942e1cf9d6d,acc_00050,882.95,SGD,pending,Watsons,grabpay,2026-08-05T03:48:57Z
txn_d5470a5e0d60,acc_00494,303.75,SGD,pending,7-Eleven,paynow,2026-08-05T03:49:02Z
txn_ea09ed296ddb,acc_00121,291.35,SGD,denied,Watsons,card,2026-08-05T03:49:28Z
txn_9276b8b1b5ff,acc_00039,405.72,SGD,completed,Cold Storage,paynow,2026-08-05T03:49:53Z
txn_3701ac44ca93,acc_00296,12.69,SGD,denied,Guardian,paynow,2026-08-05T03:50:10Z
txn_6802b306513a,acc_00401,550.48,SGD,denied,NTUC FairPrice,googlepay,2026-08-05T03:50:16Z
txn_b7a24bfd63e9,acc_00036,456.59,SGD,completed,Starbucks,applepay,2026-08-05T03:50:33Z
txn_c854b0df0371,acc_00039,849.33,SGD,denied,Grab,paynow,2026-08-05T03:50:48Z
txn_9b02cace7e58,acc_00455,178.90,SGD,denied,Watsons,card,2026-08-05T03:50:48Z
txn_30646110ec98,acc_00487,862.92,SGD,completed,Shopee,googlepay,2026-08-05T03:51:15Z
txn_772477466442,acc_00310,603.36,SGD,pending,McDonald's,card,2026-08-05T03:51:19Z
txn_1e31cc544f69,acc_00332,552.37,MYR,pending,7-Eleven,applepay,2026-08-05T03:51:26Z
txn_cafdb17d8613,acc_00174,754.15,SGD,pending,Starbucks,googlepay,2026-08-05T03:51:39Z
txn_f6344fd3d7ef,acc_00349,883.24,SGD,pending,7-Eleven,googlepay,2026-08-05T03:51:42Z
txn_a91160902bd1,acc_00379,759.12,SGD,pending,Starbucks,paynow,2026-08-05T03:52:12Z
txn_e361d539ea0b,acc_00277,317.30,SGD,completed,Shopee,card,2026-08-05T03:52:13Z
txn_6dcc911b2232,acc_00182,747.31,SGD,denied,Watsons,grabpay,2026-08-05T03:52:15Z
txn_6847813c0784,acc_00395,77.53,SGD,denied,NTUC FairPrice,card,2026-08-05T03:52:18Z
txn_94699790a307,acc_00315,278.22,SGD,completed,McDonald's,grabpay,2026-08-05T03:52:20Z
txn_e4c00424df5d,acc_00122,586.09,SGD,denied,Starbucks,card,2026-08-05T03:52:21Z
txn_eb27d31011a6,acc_00031,636.28,SGD,completed,McDonald's,card,2026-08-05T03:52:28Z
txn_ca80ec36dfc0,acc_00276,551.13,SGD,pending,NTUC FairPrice,applepay,2026-08-05T03:52:38Z
txn_4c39abc49cf1,acc_00183,66.48,SGD,completed,Cold Storage,grabpay,2026-08-05T03:52:40Z
txn_5333559aa8b8,acc_00130,466.29,SGD,completed,Lazada,applepay,2026-08-05T03:52:42Z
txn_61ea4f9d7570,acc_00365,706.03,SGD,pending,7-Eleven,grabpay,2026-08-05T03:52:45Z
txn_e651b637b21a,acc_00004,339.09,SGD,completed,Starbucks,grabpay,2026-08-05T03:52:50Z
txn_afc8dcadef47,acc_00284,37.80,SGD,completed,Cold Storage,applepay,2026-08-05T03:53:14Z
txn_d4dcd2a866eb,acc_00481,14.35,SGD,pending,Grab,paynow,2026-08-05T03:53:36Z
txn_9767233f84fd,acc_00275,879.78,SGD,denied,Starbucks,paynow,2026-08-05T03:53:46Z
txn_aaf97bd196e9,acc_00188,43.96,SGD,denied,Shopee,paynow,2026-08-05T03:53:53Z
txn_74d6d6398483,acc_00436,637.70,SGD,denied,Shopee,applepay,2026-08-05T03:54:27Z
txn_c4f603216fa3,acc_00022,491.07,SGD,completed,7-Eleven,applepay,2026-08-05T03:54:37Z
txn_a9f87113a7f7,acc_00169,200.55,SGD,completed,Grab,applepay,2026-08-05T03:54:41Z
txn_2d3b7ccf6bb7,acc_00152,512.76,SGD,completed,NTUC FairPrice,googlepay,2026-08-05T03:55:07Z
txn_d02511b3ce62,acc_00319,37.30,SGD,completed,Cold Storage,grabpay,2026-08-05T03:55:26Z
txn_e35f111b5c61,acc_00328,580.40,SGD,completed,NTUC FairPrice,googlepay,2026-08-05T03:55:29Z
txn_dedf52385b8c,acc_00222,727.72,MYR,completed,Cold Storage,paynow,2026-08-05T03:55:34Z
txn_17305b637430,acc_00008,240.35,SGD,completed,Starbucks,card,2026-08-05T03:55:40Z
txn_67039e492bc8,acc_00321,592.76,SGD,completed,Starbucks,card,2026-08-05T03:56:22Z
txn_41002c85cc3c,acc_00345,674.73,SGD,denied,Starbucks,grabpay,2026-08-05T03:56:41Z
txn_7403ff26a69b,acc_00438,571.09,SGD,completed,Cold Storage,card,2026-08-05T03:56:48Z
txn_21a388c2a55d,acc_00486,353.09,SGD,pending,Lazada,applepay,2026-08-05T03:57:19Z
txn_d0d082d1e615,acc_00474,776.16,SGD,denied,Shopee,paynow,2026-08-05T03:57:29Z
txn_9f0fdf6c34c2,acc_00419,388.24,SGD,completed,Starbucks,googlepay,2026-08-05T03:57:37Z
txn_58d2991aec62,acc_00310,66.14,SGD,denied,Guardian,grabpay,2026-08-05T03:57:47Z
txn_80196889eabd,acc_00060,517.98,SGD,denied,Shopee,applepay,2026-08-05T03:58:34Z
txn_be0fee2f9940,acc_00338,798.26,MYR,completed,Starbucks,card,2026-08-05T03:58:42Z
txn_192eb08771ed,acc_00163,28.82,SGD,completed,Grab,applepay,2026-08-05T03:58:54Z
txn_a83586803872,acc_00497,427.76,SGD,pending,Lazada,applepay,2026-08-05T03:58:57Z
txn_9172cc495ea4,acc_00190,811.21,SGD,completed,Watsons,grabpay,2026-08-05T03:59:38Z
txn_ca2fbe32deb9,acc_00185,535.38,SGD,completed,NTUC FairPrice,card,2026-08-05T03:59:50Z
txn_31c85626c19d,acc_00497,511.81,SGD,pending,Watsons,grabpay,2026-08-05T03:59:59Z
txn_bc007c2a1fb8,acc_00494,544.23,SGD,completed,Grab,googlepay,2026-08-05T04:00:16Z
txn_e978a05232e9,acc_00304,420.69,SGD,completed,7-Eleven,grabpay,2026-08-05T04:00:33Z
txn_a3a6c3e662bc,acc_00212,171.23,SGD,completed,Shopee,grabpay,2026-08-05T04:01:04Z
txn_593ace3826d8,acc_00072,319.98,SGD,completed,7-Eleven,paynow,2026-08-05T04:01:45Z
txn_5d6d20cb9fd9,acc_00085,876.29,SGD,completed,McDonald's,grabpay,2026-08-05T04:01:49Z
txn_6e46eb057a9d,acc_00041,254.61,SGD,completed,Watsons,card,2026-08-05T04:02:11Z
txn_4af1436cc43f,acc_00213,247.66,SGD,completed,7-Eleven,applepay,2026-08-05T04:02:14Z
txn_e5126697228a,acc_00073,9.42,SGD,completed,Lazada,googlepay,2026-08-05T04:03:11Z
txn_21b03436d2c4,acc_00415,60.15,SGD,completed,Shopee,googlepay,2026-08-05T04:03:40Z
txn_15f856078bdf,acc_00385,443.59,SGD,completed,Grab,card,2026-08-05T04:03:57Z
txn_0c873404b75f,acc_00062,24.89,SGD,completed,Cold Storage,applepay,2026-08-05T04:04:23Z
txn_3a2afc60c957,acc_00388,335.49,SGD,denied,7-Eleven,paynow,2026-08-05T04:04:54Z
txn_aba6bd6d1c2e,acc_00171,571.84,SGD,denied,Grab,googlepay,2026-08-05T04:05:23Z
txn_cbf23238a7a4,acc_00474,736.80,SGD,completed,Shopee,card,2026-08-05T04:05:28Z
txn_fd88d5e34926,acc_00183,889.95,SGD,pending,McDonald's,applepay,2026-08-05T04:05:44Z
txn_a4feaff99927,acc_00260,199.30,SGD,completed,NTUC FairPrice,paynow,2026-08-05T04:06:09Z
txn_ae0d6cdf074f,acc_00229,544.02,SGD,pending,Lazada,paynow,2026-08-05T04:06:10Z
txn_f6d709994d40,acc_00084,470.51,SGD,denied,Grab,paynow,2026-08-05T04:06:15Z
txn_ba18d9b5c3f9,acc_00247,575.57,SGD,completed,NTUC FairPrice,paynow,2026-08-05T04:06:41Z
txn_814b3d480f2d,acc_00157,566.24,SGD,denied,Guardian,card,2026-08-05T04:07:16Z
txn_429a6c0551f0,acc_00137,77.27,SGD,completed,7-Eleven,googlepay,2026-08-05T04:07:59Z
txn_f90550de4759,acc_00401,220.07,SGD,completed,Starbucks,grabpay,2026-08-05T04:08:47Z
txn_40a3c175abe6,acc_00246,397.82,SGD,completed,Cold Storage,applepay,2026-08-05T04:09:13Z
txn_1ae0ed50a4c5,acc_00246,113.86,SGD,completed,Grab,googlepay,2026-08-05T04:09:30Z
txn_af0f4aafdaba,acc_00034,287.26,MYR,pending,Lazada,applepay,2026-08-05T04:09:44Z
txn_12f04e3f8de0,acc_00041,137.97,MYR,pending,Grab,paynow,2026-08-05T04:10:09Z
txn_7d71d25206c9,acc_00239,630.26,SGD,completed,Guardian,googlepay,2026-08-05T04:10:12Z
txn_cc58170498d3,acc_00310,744.44,SGD,completed,Starbucks,card,2026-08-05T04:10:27Z
txn_2b754c564afb,acc_00222,100.49,SGD,completed,Grab,paynow,2026-08-05T04:11:37Z
txn_2832b0ba66a1,acc_00364,585.95,SGD,denied,Watsons,grabpay,2026-08-05T04:12:06Z
txn_83346056caaa,acc_00125,719.60,SGD,completed,McDonald's,grabpay,2026-08-05T04:12:07Z
txn_912e04cd09e8,acc_00342,735.84,SGD,completed,Shopee,grabpay,2026-08-05T04:12:09Z
txn_8db00590f1a6,acc_00413,35.18,SGD,denied,7-Eleven,grabpay,2026-08-05T04:12:23Z
txn_fc5b66cf842b,acc_00177,656.36,SGD,pending,Guardian,googlepay,2026-08-05T04:12:37Z
txn_ffbb42f7f788,acc_00025,535.54,SGD,completed,NTUC FairPrice,card,2026-08-05T04:12:56Z
txn_72558fe52f20,acc_00475,121.84,SGD,completed,Lazada,googlepay,2026-08-05T04:13:48Z
txn_c702ec309fb0,acc_00155,693.32,SGD,pending,Starbucks,card,2026-08-05T04:14:24Z
txn_863a9cfab3a5,acc_00480,357.45,SGD,completed,Watsons,card,2026-08-05T04:14:31Z
txn_11ed1bd21309,acc_00117,578.46,SGD,completed,Watsons,applepay,2026-08-05T04:15:01Z
txn_b93d6ed40de2,acc_00085,272.54,SGD,pending,Shopee,paynow,2026-08-05T04:15:13Z
txn_fcd57aaf165d,acc_00353,103.30,SGD,completed,Shopee,googlepay,2026-08-05T04:15:19Z
txn_2e93bf865b78,acc_00368,721.18,SGD,completed,Lazada,googlepay,2026-08-05T04:15:31Z
txn_87765ff8f3c3,acc_00006,530.07,SGD,completed,7-Eleven,grabpay,2026-08-05T04:16:05Z
txn_c2398c0348a7,acc_00457,845.51,MYR,completed,McDonald's,applepay,2026-08-05T04:16:23Z
txn_e9babeb09357,acc_00098,118.70,SGD,pending,Shopee,applepay,2026-08-05T04:16:37Z
txn_bdb9ad3c74fe,acc_00286,435.96,SGD,denied,Shopee,card,2026-08-05T04:16:38Z
txn_d92ea1fd2fc4,acc_00357,509.63,SGD,completed,Cold Storage,googlepay,2026-08-05T04:17:03Z
txn_273a812dfb13,acc_00077,633.65,SGD,completed,NTUC FairPrice,googlepay,2026-08-05T04:17:09Z
txn_e08d9117b07d,acc_00088,337.52,SGD,completed,Lazada,googlepay,2026-08-05T04:17:28Z
txn_53ad486f0fe6,acc_00259,116.59,SGD,completed,Watsons,googlepay,2026-08-05T04:17:54Z
txn_36348700cf72,acc_00340,576.90,SGD,completed,7-Eleven,paynow,2026-08-05T04:18:21Z
txn_4b8d1f92b47b,acc_00193,262.44,SGD,completed,McDonald's,card,2026-08-05T04:18:21Z
txn_7788e1bdcbe4,acc_00424,440.88,SGD,pending,Guardian,card,2026-08-05T04:18:41Z
txn_a9894704ae01,acc_00198,455.06,SGD,completed,Guardian,googlepay,2026-08-05T04:19:32Z
txn_402fd241134a,acc_00130,889.68,MYR,completed,Starbucks,paynow,2026-08-05T04:20:08Z
txn_05b4a2ffa0ba,acc_00026,722.94,SGD,completed,Cold Storage,applepay,2026-08-05T04:20:31Z
txn_bea8a7852e58,acc_00439,559.75,SGD,completed,Lazada,applepay,2026-08-05T04:20:40Z
txn_84217bf4dfed,acc_00021,774.88,SGD,denied,Watsons,paynow,2026-08-05T04:20:41Z
txn_536a31c30e49,acc_00139,277.69,SGD,completed,Lazada,grabpay,2026-08-05T04:21:10Z
txn_2bc52a94213c,acc_00171,426.36,SGD,completed,Cold Storage,googlepay,2026-08-05T04:21:29Z
txn_6763fd1a6818,acc_00428,226.60,MYR,completed,Shopee,card,2026-08-05T04:21:52Z
txn_d3f78ca65d42,acc_00494,693.87,SGD,completed,McDonald's,grabpay,2026-08-05T04:21:57Z
txn_1cdae7c888aa,acc_00375,401.73,SGD,pending,Cold Storage,card,2026-08-05T04:22:00Z
txn_cc47f5613499,acc_00485,192.08,SGD,completed,Cold Storage,grabpay,2026-08-05T04:22:06Z
txn_4868120e4794,acc_00260,822.16,SGD,completed,Shopee,paynow,2026-08-05T04:22:55Z
txn_187b24678406,acc_00116,463.63,SGD,denied,NTUC FairPrice,googlepay,2026-08-05T04:23:50Z
txn_02eebd63da39,acc_00487,436.69,SGD,pending,McDonald's,card,2026-08-05T04:24:02Z
txn_82bfef6c7a29,acc_00051,289.73,SGD,completed,Cold Storage,applepay,2026-08-05T04:24:15Z
txn_f5448129bea5,acc_00354,747.93,SGD,completed,Cold Storage,googlepay,2026-08-05T04:24:26Z
txn_1e8474be9f60,acc_00342,824.87,SGD,pending,Starbucks,googlepay,2026-08-05T04:24:49Z
txn_157d29d551d7,acc_00287,502.84,SGD,completed,NTUC FairPrice,applepay,2026-08-05T04:24:50Z
txn_590d8fc66fa1,acc_00290,454.38,MYR,denied,Starbucks,googlepay,2026-08-05T04:24:51Z
txn_1d098de3fc4e,acc_00316,16.34,SGD,completed,Lazada,grabpay,2026-08-05T04:24:52Z
txn_1312d25e9fcf,acc_00068,422.28,SGD,denied,7-Eleven,applepay,2026-08-05T04:24:54Z
txn_1d538ca5f5ce,acc_00231,550.79,SGD,pending,NTUC FairPrice,grabpay,2026-08-05T04:25:14Z
txn_01cbebec6c14,acc_00384,496.23,SGD,pending,Grab,paynow,2026-08-05T04:25:19Z
txn_8e2bfcdab126,acc_00420,633.63,SGD,completed,Starbucks,card,2026-08-05T04:25:27Z
txn_ad2c3ea62beb,acc_00017,694.42,SGD,completed,Starbucks,googlepay,2026-08-05T04:25:32Z
txn_15b06196c1fb,acc_00495,784.53,SGD,completed,Grab,googlepay,2026-08-05T04:26:27Z
txn_ccc2556ce877,acc_00398,320.09,SGD,pending,Guardian,googlepay,2026-08-05T04:26:32Z
txn_13fb325b75e1,acc_00335,401.99,SGD,completed,Grab,card,2026-08-05T04:26:37Z
txn_89b6f055ece0,acc_00253,662.17,SGD,completed,Watsons,applepay,2026-08-05T04:26:43Z
txn_61ff6eaa4058,acc_00174,826.64,SGD,denied,Lazada,grabpay,2026-08-05T04:26:46Z
txn_6c6e53d51cbd,acc_00365,197.03,SGD,completed,Starbucks,card,2026-08-05T04:27:57Z
txn_b5458251b507,acc_00033,337.10,SGD,pending,Watsons,googlepay,2026-08-05T04:28:03Z
txn_84a079bf5aed,acc_00276,75.33,SGD,denied,NTUC FairPrice,applepay,2026-08-05T04:29:36Z
txn_a55518c9ece9,acc_00403,156.93,SGD,completed,Cold Storage,card,2026-08-05T04:30:16Z
txn_63c081034e24,acc_00047,87.38,MYR,pending,Watsons,applepay,2026-08-05T04:30:23Z
txn_9ecbef83400b,acc_00301,634.90,SGD,completed,NTUC FairPrice,googlepay,2026-08-05T04:31:00Z
txn_596f02c8cbdc,acc_00301,165.81,SGD,pending,Watsons,card,2026-08-05T04:31:14Z
txn_6df019c8ad6b,acc_00374,881.21,MYR,pending,Lazada,grabpay,2026-08-05T04:31:56Z
txn_c7672a822aca,acc_00489,146.45,MYR,denied,Cold Storage,applepay,2026-08-05T04:32:06Z
txn_b1f0d122c15f,acc_00329,433.83,SGD,denied,Grab,googlepay,2026-08-05T04:32:21Z
txn_90f3edcad48e,acc_00016,858.54,MYR,completed,Shopee,paynow,2026-08-05T04:32:23Z
txn_7f478c0c08ec,acc_00365,298.61,MYR,denied,Watsons,paynow,2026-08-05T04:33:09Z
txn_bc21743637d1,acc_00390,220.73,SGD,completed,Watsons,googlepay,2026-08-05T04:33:11Z
txn_07b2f6a441f8,acc_00052,431.22,SGD,completed,McDonald's,googlepay,2026-08-05T04:33:42Z
txn_a5bcfa1c48d0,acc_00404,156.78,SGD,completed,Starbucks,applepay,2026-08-05T04:33:47Z
txn_ce42a8dc93d6,acc_00163,64.99,SGD,completed,Shopee,grabpay,2026-08-05T04:34:46Z
txn_17b78f3e51ea,acc_00066,260.96,SGD,pending,Starbucks,paynow,2026-08-05T04:35:00Z
txn_678fe9b98791,acc_00263,6.78,SGD,completed,Grab,applepay,2026-08-05T04:35:17Z
txn_433a6d075cce,acc_00385,228.16,SGD,completed,Watsons,applepay,2026-08-05T04:35:46Z
txn_49cc13b56327,acc_00463,288.01,SGD,pending,Lazada,card,2026-08-05T04:35:58Z
txn_894bb42ef119,acc_00223,702.10,SGD,completed,Guardian,paynow,2026-08-05T04:35:58Z
txn_24214f84b12b,acc_00152,206.66,SGD,completed,NTUC FairPrice,googlepay,2026-08-05T04:36:31Z
txn_bff8b7eab4f3,acc_00333,826.54,SGD,completed,McDonald's,paynow,2026-08-05T04:36:41Z
txn_354b89c8a17a,acc_00475,82.50,MYR,completed,Starbucks,applepay,2026-08-05T04:37:12Z
txn_e9c72c5b5ea5,acc_00324,40.83,SGD,pending,NTUC FairPrice,grabpay,2026-08-05T04:37:23Z
txn_c3915d260c8a,acc_00142,845.31,SGD,pending,Shopee,paynow,2026-08-05T04:37:48Z
txn_e442f69aa814,acc_00232,700.74,SGD,completed,NTUC FairPrice,paynow,2026-08-05T04:38:17Z
txn_5371d129cd79,acc_00019,751.54,MYR,denied,Shopee,applepay,2026-08-05T04:38:24Z
txn_d49b737224b7,acc_00249,28.55,SGD,pending,Shopee,applepay,2026-08-05T04:38:48Z
txn_f3bd17f192a6,acc_00099,462.60,SGD,completed,Shopee,googlepay,2026-08-05T04:39:00Z
txn_f9ae6bd10508,acc_00365,130.99,SGD,denied,Watsons,card,2026-08-05T04:39:19Z
txn_ff91f7bfda07,acc_00001,880.08,SGD,denied,Lazada,grabpay,2026-08-05T04:40:02Z
txn_93f02ccccc74,acc_00417,49.66,SGD,pending,Lazada,applepay,2026-08-05T04:40:08Z
txn_5486ac6a3535,acc_00231,768.01,SGD,completed,Shopee,googlepay,2026-08-05T04:40:22Z
txn_d880481a6532,acc_00485,73.18,SGD,completed,Watsons,paynow,2026-08-05T04:40:28Z
txn_2085d508568c,acc_00419,507.30,SGD,pending,Cold Storage,card,2026-08-05T04:40:37Z
txn_7c676789effc,acc_00291,571.41,SGD,pending,Cold Storage,paynow,2026-08-05T04:40:49Z
txn_2946b36b460d,acc_00491,624.64,SGD,completed,Watsons,googlepay,2026-08-05T04:41:17Z
txn_3bbb6a148948,acc_00357,443.79,SGD,denied,Watsons,paynow,2026-08-05T04:41:17Z
txn_681c688ff97f,acc_00344,366.33,SGD,completed,Starbucks,grabpay,2026-08-05T04:41:31Z
txn_b0cb1a898c9a,acc_00171,75.65,SGD,completed,Cold Storage,applepay,2026-08-05T04:41:41Z
txn_a7641082ef70,acc_00250,38.03,SGD,pending,Starbucks,googlepay,2026-08-05T04:41:46Z
txn_bfc637520a9c,acc_00222,447.97,SGD,completed,NTUC FairPrice,googlepay,2026-08-05T04:42:04Z
txn_4866b043ab46,acc_00088,295.77,SGD,pending,Shopee,card,2026-08-05T04:42:06Z
txn_82db535e8b54,acc_00225,256.06,SGD,completed,McDonald's,paynow,2026-08-05T04:42:06Z
txn_c087d23b621a,acc_00203,357.74,SGD,completed,7-Eleven,card,2026-08-05T04:42:23Z
txn_7a3478924525,acc_00485,783.51,SGD,completed,Guardian,applepay,2026-08-05T04:42:27Z
txn_659af82e580d,acc_00006,312.37,SGD,completed,7-Eleven,applepay,2026-08-05T04:42:54Z
txn_82e103c68a26,acc_00257,408.08,SGD,denied,Cold Storage,card,2026-08-05T04:43:02Z
txn_8ba1aa080b5e,acc_00209,563.86,SGD,completed,Starbucks,googlepay,2026-08-05T04:43:08Z
txn_1e8269a1892c,acc_00322,170.89,MYR,completed,Shopee,card,2026-08-05T04:43:58Z
txn_557e7c81a532,acc_00030,643.59,SGD,completed,Starbucks,applepay,2026-08-05T04:44:03Z
txn_03d8a9273a8e,acc_00204,27.10,SGD,completed,Lazada,googlepay,2026-08-05T04:44:07Z
txn_3ef9451479ff,acc_00047,749.01,SGD,pending,Grab,grabpay,2026-08-05T04:44:14Z
txn_c762183312ef,acc_00098,851.57,SGD,completed,McDonald's,applepay,2026-08-05T04:44:25Z
txn_d7dc41539bde,acc_00107,880.85,SGD,completed,Lazada,paynow,2026-08-05T04:45:15Z
txn_31b70aa14156,acc_00218,119.94,SGD,completed,Starbucks,applepay,2026-08-05T04:45:45Z
txn_155563a0bbe3,acc_00373,256.53,SGD,denied,Starbucks,card,2026-08-05T04:45:57Z
txn_7efe06f8bdc6,acc_00131,248.56,SGD,completed,Shopee,card,2026-08-05T04:46:01Z
txn_7872b6c4bccc,acc_00260,694.35,SGD,completed,7-Eleven,googlepay,2026-08-05T04:46:16Z
txn_f5a6c84e907a,acc_00494,452.70,MYR,denied,7-Eleven,applepay,2026-08-05T04:46:36Z
txn_d8b0ab6f2f10,acc_00085,853.40,SGD,completed,Lazada,paynow,2026-08-05T04:46:37Z
txn_a70dee51d228,acc_00215,278.98,SGD,completed,Shopee,card,2026-08-05T04:47:25Z
txn_e6ed4533e86b,acc_00041,535.37,SGD,completed,7-Eleven,card,2026-08-05T04:47:28Z
txn_f60fc52a0528,acc_00357,533.58,SGD,denied,NTUC FairPrice,googlepay,2026-08-05T04:47:33Z
txn_f8f7d38c31c0,acc_00219,873.55,MYR,completed,McDonald's,googlepay,2026-08-05T04:47:51Z
txn_84c5384082dc,acc_00418,440.15,SGD,completed,Lazada,grabpay,2026-08-05T04:47:56Z
txn_045c0666e0ea,acc_00414,631.44,SGD,completed,Shopee,paynow,2026-08-05T04:48:21Z
txn_d4aa8caf642f,acc_00029,367.58,SGD,denied,NTUC FairPrice,paynow,2026-08-05T04:48:27Z
txn_0d209959aee9,acc_00037,463.95,SGD,pending,Lazada,googlepay,2026-08-05T04:49:02Z
txn_2dbe33e51756,acc_00138,587.29,SGD,completed,NTUC FairPrice,applepay,2026-08-05T04:49:02Z
txn_cf4ad7511448,acc_00337,205.66,SGD,completed,Shopee,grabpay,2026-08-05T04:49:40Z
txn_5fb5fb24eaa6,acc_00324,197.56,SGD,denied,Cold Storage,grabpay,2026-08-05T04:49:49Z
txn_2a7dbefb5180,acc_00012,624.65,SGD,completed,NTUC FairPrice,card,2026-08-05T04:49:53Z
txn_fe2045e7f3f3,acc_00328,610.26,MYR,completed,Starbucks,googlepay,2026-08-05T04:50:43Z
txn_2df8557703bf,acc_00327,652.65,SGD,completed,Starbucks,applepay,2026-08-05T04:51:07Z
txn_edbe9a8fadcc,acc_00235,877.15,SGD,denied,Grab,googlepay,2026-08-05T04:51:39Z
txn_f5b3832851fb,acc_00362,220.36,SGD,pending,Shopee,grabpay,2026-08-05T04:51:41Z
txn_239e22c38b90,acc_00090,257.64,SGD,completed,Starbucks,googlepay,2026-08-05T04:51:44Z
txn_5af239428608,acc_00105,894.52,SGD,completed,Watsons,applepay,2026-08-05T04:51:50Z
txn_dca75a590781,acc_00454,360.93,SGD,completed,Shopee,googlepay,2026-08-05T04:52:20Z
txn_780303d66dbf,acc_00385,539.60,SGD,denied,Guardian,googlepay,2026-08-05T04:52:30Z
txn_5a07d25ee773,acc_00345,424.85,SGD,completed,Grab,applepay,2026-08-05T04:52:35Z
txn_a3188c501918,acc_00089,732.82,SGD,denied,Guardian,card,2026-08-05T04:52:36Z
txn_c46e00383ba5,acc_00031,805.91,SGD,completed,Shopee,grabpay,2026-08-05T04:52:43Z
txn_fa899aa237f4,acc_00174,375.44,SGD,completed,McDonald's,card,2026-08-05T04:52:54Z
txn_20a9ea552b26,acc_00285,628.42,SGD,completed,Cold Storage,grabpay,2026-08-05T04:53:16Z
txn_a4b08ca694f9,acc_00432,832.21,SGD,completed,Cold Storage,paynow,2026-08-05T04:53:20Z
txn_ef886badde85,acc_00005,239.49,SGD,pending,Lazada,applepay,2026-08-05T04:53:25Z
txn_b57d1b0fe374,acc_00293,143.59,SGD,completed,Watsons,card,2026-08-05T04:53:26Z
txn_d6c6331ea3e2,acc_00058,871.93,SGD,pending,Watsons,applepay,2026-08-05T04:53:36Z
txn_76faa6e0e47b,acc_00079,562.18,SGD,completed,Shopee,card,2026-08-05T04:53:41Z
txn_c553c0e4fbf9,acc_00434,384.52,MYR,completed,Starbucks,card,2026-08-05T04:53:45Z
txn_73a2dfb8d2e4,acc_00068,267.26,SGD,pending,Lazada,googlepay,2026-08-05T04:53:51Z
txn_9f48da3fad27,acc_00399,808.27,SGD,completed,Cold Storage,applepay,2026-08-05T04:53:59Z
txn_fd70d3c2cf02,acc_00354,607.23,SGD,completed,Grab,paynow,2026-08-05T04:55:09Z
txn_3f77561e009b,acc_00404,433.79,SGD,pending,Grab,paynow,2026-08-05T04:55:25Z
txn_4917acf0e5f1,acc_00314,487.28,SGD,pending,Cold Storage,paynow,2026-08-05T04:55:51Z
txn_523ed0fd7ff9,acc_00264,712.85,SGD,completed,Watsons,applepay,2026-08-05T04:56:19Z
txn_dd235ebc801a,acc_00274,896.36,SGD,completed,Watsons,applepay,2026-08-05T04:56:29Z
txn_b3b6de8a540a,acc_00432,88.64,SGD,denied,Grab,googlepay,2026-08-05T04:56:35Z
txn_a870170fbe39,acc_00006,66.89,SGD,completed,McDonald's,applepay,2026-08-05T04:56:36Z
txn_99ab98874175,acc_00462,470.76,SGD,pending,McDonald's,grabpay,2026-08-05T04:57:21Z
txn_c895895d2830,acc_00269,484.96,SGD,completed,7-Eleven,googlepay,2026-08-05T04:57:29Z
txn_55c955700b0d,acc_00217,583.11,SGD,completed,Shopee,grabpay,2026-08-05T04:58:02Z
txn_eb3d6dfd3f74,acc_00115,543.10,SGD,completed,McDonald's,grabpay,2026-08-05T04:58:11Z
txn_1045516fbdf6,acc_00311,722.23,SGD,completed,Guardian,grabpay,2026-08-05T04:58:47Z
txn_689a32fda749,acc_00432,157.30,SGD,completed,McDonald's,card,2026-08-05T04:58:58Z
txn_35c3adf39534,acc_00471,790.46,SGD,completed,Cold Storage,card,2026-08-05T04:59:02Z
txn_13361aee6f4e,acc_00166,819.36,MYR,denied,Starbucks,applepay,2026-08-05T04:59:07Z
txn_094106dace75,acc_00074,150.42,SGD,completed,Grab,card,2026-08-05T04:59:13Z
txn_3d89fdd43261,acc_00479,267.51,SGD,completed,Cold Storage,googlepay,2026-08-05T04:59:25Z
txn_36e78859e120,acc_00452,496.74,SGD,completed,Cold Storage,applepay,2026-08-05T04:59:47Z
txn_f78f534eb00b,acc_00110,183.85,SGD,completed,Watsons,grabpay,2026-08-05T04:59:52Z
txn_2a2613c4e603,acc_00218,891.92,SGD,completed,7-Eleven,card,2026-08-05T04:59:57Z
txn_243720e04f57,acc_00493,419.30,SGD,completed,Guardian,grabpay,2026-08-05T05:00:03Z
txn_ed45f9387f15,acc_00012,25.97,SGD,completed,Shopee,card,2026-08-05T05:00:12Z
txn_8e585174d4c0,acc_00046,267.72,SGD,completed,Lazada,applepay,2026-08-05T05:00:15Z
txn_d0984fe33972,acc_00273,627.77,SGD,denied,NTUC FairPrice,applepay,2026-08-05T05:00:17Z
txn_68836fbf9422,acc_00018,755.56,SGD,completed,NTUC FairPrice,applepay,2026-08-05T05:00:21Z
txn_3d1b0d55985e,acc_00187,640.77,SGD,pending,NTUC FairPrice,googlepay,2026-08-05T05:00:33Z
txn_72d22339b2c3,acc_00271,609.20,SGD,denied,NTUC FairPrice,applepay,2026-08-05T05:00:35Z
txn_2b48b6a60bea,acc_00391,456.54,SGD,completed,7-Eleven,grabpay,2026-08-05T05:00:58Z
txn_3448df5b069e,acc_00346,297.99,SGD,completed,Lazada,googlepay,2026-08-05T05:01:10Z
txn_4f6f39e5b787,acc_00409,894.84,SGD,completed,Cold Storage,googlepay,2026-08-05T05:01:34Z
txn_d0733464d47b,acc_00383,527.16,MYR,pending,7-Eleven,paynow,2026-08-05T05:02:11Z
txn_1ce2fccdb41a,acc_00351,259.95,SGD,completed,Watsons,grabpay,2026-08-05T05:02:12Z
txn_2a86463f530c,acc_00188,331.37,SGD,completed,Watsons,paynow,2026-08-05T05:02:21Z
txn_192d5ff691bb,acc_00009,18.18,SGD,completed,Shopee,grabpay,2026-08-05T05:02:21Z
txn_c065bc0f1918,acc_00485,364.69,SGD,pending,Starbucks,applepay,2026-08-05T05:02:34Z
txn_a0b7c5745242,acc_00298,274.23,MYR,pending,NTUC FairPrice,grabpay,2026-08-05T05:04:18Z
txn_a06b1c94ebbf,acc_00114,583.76,SGD,completed,Starbucks,card,2026-08-05T05:05:20Z
txn_22f2b0a07c46,acc_00434,767.23,SGD,completed,NTUC FairPrice,paynow,2026-08-05T05:05:22Z
txn_6e1f71b14035,acc_00392,218.17,SGD,denied,Starbucks,grabpay,2026-08-05T05:05:40Z
txn_1044325820fb,acc_00323,620.73,SGD,completed,McDonald's,paynow,2026-08-05T05:05:42Z
txn_f0b4dba07c10,acc_00040,13.70,SGD,completed,Shopee,applepay,2026-08-05T05:06:04Z
txn_b8b70972ca26,acc_00249,416.56,SGD,denied,Lazada,applepay,2026-08-05T05:06:23Z
txn_67038cdaef6c,acc_00347,874.36,SGD,completed,Guardian,card,2026-08-05T05:06:25Z
txn_4a98918ded4e,acc_00479,472.41,SGD,denied,Starbucks,paynow,2026-08-05T05:06:36Z
txn_05efbb9ecc90,acc_00304,46.64,SGD,denied,7-Eleven,card,2026-08-05T05:07:41Z
txn_22ead9086ec6,acc_00288,154.41,SGD,denied,Lazada,card,2026-08-05T05:08:44Z
txn_5f9f69a331e8,acc_00161,108.28,SGD,completed,Shopee,grabpay,2026-08-05T05:08:48Z
txn_0a6ab9c97a07,acc_00062,705.31,SGD,denied,Guardian,card,2026-08-05T05:08:48Z
txn_197e0aa2a25c,acc_00121,396.67,SGD,denied,Watsons,applepay,2026-08-05T05:08:49Z
txn_c605afc73050,acc_00074,270.00,SGD,completed,Watsons,googlepay,2026-08-05T05:08:50Z
txn_4275bca6ec69,acc_00385,127.74,SGD,completed,Grab,grabpay,2026-08-05T05:09:01Z
txn_e9f703f9df00,acc_00005,399.72,SGD,completed,Grab,card,2026-08-05T05:09:14Z
txn_8543a359cfd0,acc_00041,473.91,SGD,pending,Shopee,grabpay,2026-08-05T05:09:24Z
txn_0121f186b47e,acc_00386,238.23,SGD,completed,Lazada,paynow,2026-08-05T05:09:24Z
txn_91f93bc3d1ff,acc_00353,91.36,SGD,completed,NTUC FairPrice,paynow,2026-08-05T05:09:28Z
txn_17dce2e66c59,acc_00200,744.34,SGD,pending,NTUC FairPrice,paynow,2026-08-05T05:09:28Z
txn_1dcb24ab3e29,acc_00162,614.09,SGD,completed,7-Eleven,applepay,2026-08-05T05:09:50Z
txn_002ce90847f7,acc_00386,712.97,SGD,completed,Starbucks,grabpay,2026-08-05T05:10:05Z
txn_8816b2ea352d,acc_00224,558.71,SGD,completed,Guardian,grabpay,2026-08-05T05:10:17Z
txn_9c0424e53219,acc_00443,532.40,SGD,completed,Starbucks,paynow,2026-08-05T05:10:53Z
txn_c2ca779e82d2,acc_00054,186.66,SGD,pending,McDonald's,card,2026-08-05T05:11:01Z
txn_5a52f04568cf,acc_00261,81.06,SGD,completed,Starbucks,googlepay,2026-08-05T05:11:30Z
txn_cd50f8a1aa94,acc_00301,184.67,SGD,completed,Lazada,card,2026-08-05T05:11:42Z
txn_5faa36c228ea,acc_00297,775.83,SGD,pending,Cold Storage,applepay,2026-08-05T05:11:46Z
txn_84e01f965324,acc_00170,685.48,SGD,pending,Watsons,card,2026-08-05T05:11:55Z
txn_39758f003f38,acc_00293,335.79,SGD,completed,Starbucks,grabpay,2026-08-05T05:12:33Z
txn_631afbe775cc,acc_00290,817.30,SGD,completed,Grab,paynow,2026-08-05T05:12:49Z
txn_cb224701e7ff,acc_00378,122.52,SGD,completed,Lazada,googlepay,2026-08-05T05:12:51Z
txn_ec04cbe75988,acc_00065,851.03,SGD,denied,NTUC FairPrice,paynow,2026-08-05T05:13:23Z
txn_2a500fccb5d8,acc_00374,807.04,SGD,denied,Guardian,card,2026-08-05T05:13:47Z
txn_217a4c01152a,acc_00405,339.96,SGD,completed,Cold Storage,paynow,2026-08-05T05:14:42Z
txn_5590a8988614,acc_00319,435.74,MYR,completed,Grab,paynow,2026-08-05T05:15:00Z
txn_0903ef7c0dee,acc_00169,749.51,SGD,completed,Starbucks,paynow,2026-08-05T05:15:10Z
txn_6f18821df28e,acc_00326,382.52,SGD,pending,Starbucks,paynow,2026-08-05T05:15:19Z
txn_f0efac32353d,acc_00015,705.48,SGD,completed,McDonald's,card,2026-08-05T05:15:19Z
txn_61f470d95322,acc_00233,165.65,SGD,completed,Cold Storage,paynow,2026-08-05T05:15:19Z
txn_dd3929872d4c,acc_00198,548.96,SGD,completed,Watsons,googlepay,2026-08-05T05:16:22Z
txn_891b47db64df,acc_00022,493.16,SGD,pending,McDonald's,googlepay,2026-08-05T05:17:45Z
txn_09b36ddccb3e,acc_00301,811.30,SGD,completed,NTUC FairPrice,card,2026-08-05T05:17:58Z
txn_68ff654ba711,acc_00423,768.05,SGD,completed,7-Eleven,applepay,2026-08-05T05:18:06Z
txn_7e541e094c72,acc_00390,121.57,SGD,completed,Lazada,paynow,2026-08-05T05:18:26Z
txn_f6d03c037317,acc_00170,176.15,SGD,completed,NTUC FairPrice,card,2026-08-05T05:18:48Z
txn_0e8e70cdd345,acc_00363,524.63,SGD,pending,Grab,applepay,2026-08-05T05:19:25Z
txn_a870c58dc7ed,acc_00087,4.90,SGD,completed,Grab,googlepay,2026-08-05T05:20:00Z
txn_515625949118,acc_00248,109.03,SGD,completed,NTUC FairPrice,applepay,2026-08-05T05:21:17Z
txn_20f5ca46dc1c,acc_00318,303.33,SGD,completed,Lazada,paynow,2026-08-05T05:21:53Z
txn_1700f4a16115,acc_00146,77.78,SGD,completed,McDonald's,googlepay,2026-08-05T05:21:53Z
txn_471107bd4cfa,acc_00244,600.84,SGD,pending,Watsons,grabpay,2026-08-05T05:21:56Z
txn_43c30138802d,acc_00075,293.05,SGD,completed,Shopee,applepay,2026-08-05T05:22:11Z
txn_601ab5b5234f,acc_00214,754.34,SGD,completed,Lazada,googlepay,2026-08-05T05:22:14Z
txn_476645c12d1c,acc_00330,868.46,SGD,denied,Starbucks,grabpay,2026-08-05T05:22:24Z
txn_909537383b6a,acc_00152,25.19,SGD,completed,7-Eleven,applepay,2026-08-05T05:22:28Z
txn_153ca81f5fc6,acc_00298,801.78,SGD,pending,Starbucks,applepay,2026-08-05T05:23:54Z
txn_b5da3a6391f6,acc_00182,195.21,SGD,completed,Cold Storage,applepay,2026-08-05T05:24:41Z
txn_6e098cab96f4,acc_00139,824.81,SGD,completed,Grab,card,2026-08-05T05:24:42Z
txn_a2c9bd851756,acc_00392,679.49,SGD,completed,Lazada,googlepay,2026-08-05T05:25:03Z
txn_75945481ab2d,acc_00122,8.64,SGD,completed,Cold Storage,applepay,2026-08-05T05:25:16Z
txn_b25d30151431,acc_00024,37.42,SGD,pending,Watsons,applepay,2026-08-05T05:25:21Z
txn_80f3f54a583e,acc_00068,686.34,SGD,pending,McDonald's,applepay,2026-08-05T05:25:27Z
txn_a7e7817c3444,acc_00002,13.94,SGD,completed,Guardian,applepay,2026-08-05T05:25:48Z
txn_ab5abbd44c76,acc_00191,735.28,MYR,denied,NTUC FairPrice,card,2026-08-05T05:25:49Z
txn_2ab2ca45bd62,acc_00071,522.67,SGD,denied,Lazada,paynow,2026-08-05T05:26:01Z
txn_5c785ed006d1,acc_00282,652.12,SGD,completed,Lazada,paynow,2026-08-05T05:26:21Z
txn_21d32d87b00f,acc_00276,231.15,MYR,completed,Shopee,googlepay,2026-08-05T05:26:28Z
txn_06c5cd6067b3,acc_00277,250.47,SGD,completed,Guardian,googlepay,2026-08-05T05:26:49Z
txn_517d6b9c73cc,acc_00007,595.15,SGD,completed,Watsons,card,2026-08-05T05:26:52Z
txn_94e6b053f5e4,acc_00092,387.19,SGD,denied,Shopee,applepay,2026-08-05T05:28:09Z
txn_9a5419dfe600,acc_00049,503.27,SGD,completed,Cold Storage,googlepay,2026-08-05T05:28:29Z
txn_52a8763a9e4f,acc_00119,92.58,SGD,pending,McDonald's,applepay,2026-08-05T05:28:31Z
txn_25a358da7340,acc_00057,425.97,SGD,completed,Starbucks,paynow,2026-08-05T05:28:35Z
txn_460676ed89d3,acc_00139,712.83,MYR,pending,Watsons,googlepay,2026-08-05T05:28:38Z
txn_ae9e72c8a97d,acc_00014,788.77,SGD,completed,NTUC FairPrice,card,2026-08-05T05:28:51Z
txn_0e18bfea8fe3,acc_00061,834.41,SGD,completed,Starbucks,paynow,2026-08-05T05:29:02Z
txn_f77c4ad9a04e,acc_00145,244.10,SGD,completed,Lazada,card,2026-08-05T05:29:10Z
txn_62030e22919c,acc_00181,744.95,SGD,completed,Shopee,paynow,2026-08-05T05:29:22Z
txn_ce527b72b0eb,acc_00316,302.01,SGD,completed,NTUC FairPrice,googlepay,2026-08-05T05:30:05Z
txn_c967734d658b,acc_00257,43.03,SGD,completed,NTUC FairPrice,paynow,2026-08-05T05:30:21Z
txn_fb023c6fb765,acc_00471,746.29,SGD,denied,7-Eleven,grabpay,2026-08-05T05:30:31Z
txn_087185c50bfb,acc_00213,741.36,SGD,completed,Shopee,googlepay,2026-08-05T05:30:41Z
txn_e5139f07cd5b,acc_00193,785.21,SGD,completed,Cold Storage,applepay,2026-08-05T05:30:48Z
txn_2284f9d2491f,acc_00408,345.44,MYR,completed,Cold Storage,paynow,2026-08-05T05:31:02Z
txn_751744719d66,acc_00421,61.15,SGD,completed,Guardian,card,2026-08-05T05:31:27Z
txn_c89c13512b90,acc_00494,854.26,SGD,pending,Grab,googlepay,2026-08-05T05:31:42Z
txn_273c9c3759c5,acc_00451,875.66,SGD,completed,McDonald's,grabpay,2026-08-05T05:31:57Z
txn_3801a19791bd,acc_00370,16.89,SGD,denied,Grab,googlepay,2026-08-05T05:32:30Z
txn_ce574d6ee317,acc_00412,530.01,SGD,completed,Cold Storage,paynow,2026-08-05T05:32:43Z
txn_02267e41b766,acc_00080,598.28,SGD,completed,Lazada,googlepay,2026-08-05T05:32:49Z
txn_dc3d1f6da26d,acc_00473,717.13,SGD,pending,McDonald's,applepay,2026-08-05T05:33:32Z
txn_aec139e7072c,acc_00425,196.09,SGD,pending,NTUC FairPrice,grabpay,2026-08-05T05:33:34Z
txn_a5f0bf136d69,acc_00394,191.36,SGD,completed,Guardian,card,2026-08-05T05:33:36Z
txn_2ce99f49f469,acc_00348,26.51,SGD,pending,Guardian,grabpay,2026-08-05T05:33:39Z
txn_361145e3a45b,acc_00492,610.99,SGD,pending,Lazada,googlepay,2026-08-05T05:33:41Z
txn_577bd580b7d3,acc_00232,461.75,SGD,completed,McDonald's,card,2026-08-05T05:34:07Z
txn_90dc69ecf118,acc_00214,401.27,SGD,denied,Cold Storage,applepay,2026-08-05T05:34:30Z
txn_a11fb68fea72,acc_00164,487.08,SGD,completed,Watsons,paynow,2026-08-05T05:34:39Z
txn_f5774c75414e,acc_00144,550.44,SGD,pending,Lazada,grabpay,2026-08-05T05:35:28Z
txn_60ae79ccdd3e,acc_00017,108.29,SGD,completed,Cold Storage,applepay,2026-08-05T05:36:15Z
txn_34ab00c448b2,acc_00004,861.76,SGD,completed,Grab,card,2026-08-05T05:36:20Z
txn_be4376a550e7,acc_00242,94.87,SGD,denied,Lazada,googlepay,2026-08-05T05:37:43Z
txn_bd1da8de2d7e,acc_00180,68.57,SGD,completed,Grab,googlepay,2026-08-05T05:38:01Z
txn_23a04a5c95df,acc_00054,895.01,SGD,denied,Cold Storage,applepay,2026-08-05T05:38:06Z
txn_1557a85bc5f9,acc_00052,470.87,SGD,completed,Shopee,grabpay,2026-08-05T05:39:02Z
txn_0371f8454cd4,acc_00473,606.04,SGD,completed,Shopee,applepay,2026-08-05T05:39:26Z
txn_ba58f6824f3a,acc_00475,515.52,SGD,completed,McDonald's,grabpay,2026-08-05T05:41:01Z
txn_13ce6b74b312,acc_00463,366.97,SGD,completed,Watsons,card,2026-08-05T05:42:17Z
txn_a9eeb5381273,acc_00385,32.13,SGD,completed,Lazada,googlepay,2026-08-05T05:42:44Z
txn_1f7c0d0ce231,acc_00146,797.96,SGD,completed,Starbucks,applepay,2026-08-05T05:42:45Z
txn_3e6225b33421,acc_00500,532.45,SGD,completed,Shopee,card,2026-08-05T05:42:51Z
txn_2b0f06ea55d2,acc_00116,773.49,SGD,pending,Cold Storage,applepay,2026-08-05T05:42:54Z
txn_5920a968cfae,acc_00166,142.86,SGD,completed,Shopee,googlepay,2026-08-05T05:43:15Z
txn_415ef78d7870,acc_00012,571.10,SGD,completed,Lazada,applepay,2026-08-05T05:43:35Z
txn_6cc1bd156221,acc_00262,325.71,SGD,denied,Shopee,grabpay,2026-08-05T05:43:38Z
txn_4b9f067d9f95,acc_00015,29.34,SGD,completed,Lazada,grabpay,2026-08-05T05:43:49Z
txn_0b214c680d53,acc_00192,34.03,SGD,pending,Grab,card,2026-08-05T05:44:08Z
txn_b83ce463e280,acc_00430,26.17,SGD,pending,Lazada,paynow,2026-08-05T05:44:27Z
txn_2d7d7ce8ec71,acc_00417,300.93,SGD,completed,McDonald's,applepay,2026-08-05T05:44:30Z
txn_5a60c923d219,acc_00201,167.48,MYR,denied,Grab,applepay,2026-08-05T05:45:00Z
txn_7a03dabb9deb,acc_00114,792.44,MYR,completed,Cold Storage,grabpay,2026-08-05T05:45:49Z
txn_19a8cc3d0179,acc_00415,690.38,SGD,completed,Guardian,googlepay,2026-08-05T05:45:53Z
txn_482b1dc3412b,acc_00372,155.86,MYR,completed,Starbucks,grabpay,2026-08-05T05:46:27Z
txn_7ae87adea5b4,acc_00302,811.39,SGD,completed,7-Eleven,card,2026-08-05T05:46:47Z
txn_5e18e7d4f6e6,acc_00241,729.02,SGD,denied,Grab,grabpay,2026-08-05T05:46:55Z
txn_225fd32b9078,acc_00259,108.74,MYR,pending,Cold Storage,googlepay,2026-08-05T05:47:27Z
txn_0eda13553a70,acc_00357,464.08,SGD,completed,Guardian,applepay,2026-08-05T05:47:43Z
txn_8aac02d8a456,acc_00345,105.85,SGD,completed,Cold Storage,grabpay,2026-08-05T05:47:56Z
txn_c932ce15080a,acc_00410,381.01,SGD,completed,Shopee,card,2026-08-05T05:48:12Z
txn_52cd394207d6,acc_00096,234.31,SGD,pending,Lazada,googlepay,2026-08-05T05:48:19Z
txn_14c53fb091f3,acc_00117,711.22,SGD,completed,Starbucks,grabpay,2026-08-05T05:49:01Z
txn_5e93d7f84e4f,acc_00470,253.49,MYR,completed,Grab,applepay,2026-08-05T05:49:19Z
txn_814592bcba55,acc_00039,434.30,SGD,denied,7-Eleven,grabpay,2026-08-05T05:49:38Z
txn_e2f852bd117b,acc_00359,144.31,SGD,completed,Watsons,card,2026-08-05T05:49:40Z
txn_ef5d4e56a5a3,acc_00386,849.92,SGD,completed,Starbucks,card,2026-08-05T05:50:02Z
txn_7699f69d16ae,acc_00179,293.00,SGD,completed,Guardian,googlepay,2026-08-05T05:50:16Z
txn_f25b364e697f,acc_00258,397.49,SGD,completed,Grab,paynow,2026-08-05T05:50:26Z
txn_54565472de2c,acc_00434,672.21,SGD,denied,7-Eleven,grabpay,2026-08-05T05:50:44Z
txn_7384d0784376,acc_00142,402.79,SGD,completed,McDonald's,grabpay,2026-08-05T05:50:49Z
txn_d97ea2921bd2,acc_00350,418.13,SGD,completed,Lazada,paynow,2026-08-05T05:51:48Z
txn_c94571f166d6,acc_00036,759.46,MYR,denied,Cold Storage,googlepay,2026-08-05T05:51:55Z
txn_c61c3ce7ce1d,acc_00298,553.83,MYR,denied,NTUC FairPrice,grabpay,2026-08-05T05:52:12Z
txn_8ff5e9499632,acc_00123,583.75,SGD,completed,McDonald's,grabpay,2026-08-05T05:53:27Z
txn_3fafdc93f0b6,acc_00457,166.01,SGD,completed,McDonald's,applepay,2026-08-05T05:53:31Z
txn_d08d2691abdf,acc_00206,457.63,SGD,completed,Grab,card,2026-08-05T05:53:53Z
txn_9fb1d1d6c146,acc_00206,596.25,MYR,completed,Shopee,paynow,2026-08-05T05:54:00Z
txn_9de16d971eff,acc_00459,447.00,SGD,denied,Cold Storage,applepay,2026-08-05T05:54:34Z
txn_651334b30377,acc_00182,702.65,SGD,denied,Shopee,paynow,2026-08-05T05:54:59Z
txn_e3f5b0b65c7b,acc_00311,804.08,SGD,completed,Guardian,grabpay,2026-08-05T05:54:59Z
txn_65932ba51b24,acc_00180,492.55,SGD,pending,Guardian,paynow,2026-08-05T05:55:19Z
txn_ba5fd020d4a3,acc_00309,701.46,SGD,completed,Lazada,grabpay,2026-08-05T05:55:33Z
txn_13403183b3d2,acc_00209,353.20,SGD,completed,Grab,applepay,2026-08-05T05:55:46Z
txn_810efeb417ee,acc_00187,856.78,SGD,denied,Guardian,googlepay,2026-08-05T05:56:17Z
txn_29b4f59dceb7,acc_00168,783.82,SGD,completed,Lazada,grabpay,2026-08-05T05:56:42Z
txn_89a756c10877,acc_00006,186.41,SGD,completed,Grab,googlepay,2026-08-05T05:56:54Z
txn_2300b22f5cba,acc_00021,169.47,SGD,completed,7-Eleven,paynow,2026-08-05T05:57:58Z
txn_8116de847053,acc_00397,244.25,MYR,pending,Guardian,card,2026-08-05T05:58:19Z
txn_192070f7d9e3,acc_00301,338.99,SGD,denied,Grab,grabpay,2026-08-05T05:58:25Z
txn_188ed2022fd8,acc_00477,722.21,SGD,completed,Starbucks,grabpay,2026-08-05T05:58:30Z
txn_2969be8a09b1,acc_00143,2.58,SGD,completed,McDonald's,googlepay,2026-08-05T05:58:54Z
txn_f93a99e36c6e,acc_00217,649.52,SGD,completed,7-Eleven,applepay,2026-08-05T05:59:38Z
txn_12219f3a24c7,acc_00397,599.23,SGD,completed,Grab,grabpay,2026-08-05T06:00:16Z
txn_7829d1506f3a,acc_00314,747.05,SGD,denied,7-Eleven,applepay,2026-08-05T06:00:24Z
txn_ed304c42f38f,acc_00485,648.64,SGD,pending,Starbucks,googlepay,2026-08-05T06:01:00Z
txn_ce57cc7a23bb,acc_00006,579.94,SGD,denied,McDonald's,applepay,2026-08-05T06:01:19Z
txn_16f092941f05,acc_00380,733.54,SGD,denied,Watsons,card,2026-08-05T06:01:34Z
txn_168ed6a9f97a,acc_00332,136.22,SGD,completed,Grab,card,2026-08-05T06:02:27Z
txn_568aca092ee7,acc_00109,68.21,SGD,completed,Starbucks,paynow,2026-08-05T06:03:02Z
txn_769824e60cbf,acc_00305,575.26,SGD,completed,Lazada,grabpay,2026-08-05T06:03:22Z
txn_cd95a40a3cd7,acc_00440,393.71,SGD,completed,Starbucks,grabpay,2026-08-05T06:04:00Z
txn_98d0d597625f,acc_00274,27.59,SGD,completed,NTUC FairPrice,googlepay,2026-08-05T06:04:05Z
txn_78c00c63a931,acc_00232,607.86,SGD,completed,Guardian,googlepay,2026-08-05T06:04:14Z
txn_05ac7b5c4385,acc_00254,570.28,SGD,completed,McDonald's,card,2026-08-05T06:04:19Z
txn_f53a29c6e237,acc_00073,217.00,SGD,denied,NTUC FairPrice,grabpay,2026-08-05T06:04:31Z
txn_f23660e88e2f,acc_00263,254.02,SGD,completed,McDonald's,grabpay,2026-08-05T06:04:33Z
txn_30ad40b3c14a,acc_00065,797.68,SGD,pending,Lazada,googlepay,2026-08-05T06:04:38Z
txn_9b703a90dc1b,acc_00084,448.03,SGD,denied,Watsons,grabpay,2026-08-05T06:04:44Z
txn_1ce5e9dbe537,acc_00139,19.11,SGD,pending,7-Eleven,googlepay,2026-08-05T06:04:49Z
txn_57afce13ad43,acc_00331,618.41,SGD,pending,Watsons,grabpay,2026-08-05T06:04:50Z
txn_64ca5f40553e,acc_00347,884.51,SGD,completed,McDonald's,paynow,2026-08-05T06:05:10Z
txn_2acf664c390b,acc_00220,181.75,SGD,completed,Grab,applepay,2026-08-05T06:05:21Z
txn_0d69a93a17ca,acc_00335,446.73,SGD,pending,McDonald's,applepay,2026-08-05T06:05:22Z
txn_0278ab518039,acc_00461,835.85,SGD,completed,Shopee,googlepay,2026-08-05T06:05:51Z
txn_084b8983bab8,acc_00374,530.71,SGD,denied,McDonald's,applepay,2026-08-05T06:05:51Z
txn_d2311b805a7e,acc_00442,703.70,SGD,completed,Starbucks,applepay,2026-08-05T06:06:29Z
txn_556efcf62310,acc_00073,299.72,SGD,completed,7-Eleven,grabpay,2026-08-05T06:06:45Z
txn_3fdf0ee2b5cc,acc_00113,402.15,SGD,completed,Grab,applepay,2026-08-05T06:07:28Z
txn_50bfe40563f5,acc_00448,288.69,SGD,completed,Guardian,applepay,2026-08-05T06:08:41Z
txn_76ec99893367,acc_00126,852.04,SGD,completed,Shopee,grabpay,2026-08-05T06:09:14Z
txn_758c4b81c498,acc_00391,739.87,SGD,pending,Shopee,grabpay,2026-08-05T06:09:45Z
txn_2de313025d16,acc_00399,78.52,SGD,completed,Guardian,googlepay,2026-08-05T06:10:27Z
txn_f077945e86f3,acc_00188,706.47,SGD,denied,NTUC FairPrice,card,2026-08-05T06:10:45Z
txn_d032beedfd1e,acc_00468,368.37,SGD,pending,Guardian,googlepay,2026-08-05T06:10:48Z
txn_69f6a7171362,acc_00390,310.86,SGD,denied,Shopee,googlepay,2026-08-05T06:11:13Z
txn_a9005ed9309b,acc_00352,482.33,SGD,completed,Watsons,grabpay,2026-08-05T06:11:20Z
txn_2e6b9071a3a5,acc_00314,33.21,SGD,completed,7-Eleven,card,2026-08-05T06:11:35Z
txn_7f0163cc24ac,acc_00427,49.23,SGD,completed,Guardian,card,2026-08-05T06:11:51Z
txn_95a40e356abd,acc_00258,817.23,MYR,pending,Cold Storage,paynow,2026-08-05T06:11:52Z
txn_3323e867f071,acc_00382,783.53,SGD,pending,McDonald's,googlepay,2026-08-05T06:12:15Z
txn_f8c61fad74c3,acc_00489,106.32,SGD,completed,Lazada,paynow,2026-08-05T06:12:18Z
txn_fea8f7149e2f,acc_00203,102.07,SGD,denied,Watsons,applepay,2026-08-05T06:12:24Z
txn_871a4e08c8e6,acc_00120,243.03,SGD,pending,McDonald's,grabpay,2026-08-05T06:12:27Z
txn_5b203b8e4dd6,acc_00474,115.54,SGD,pending,7-Eleven,applepay,2026-08-05T06:12:27Z
txn_b68830fdc8b2,acc_00485,79.46,SGD,denied,McDonald's,applepay,2026-08-05T06:12:36Z
txn_50c4f17f5715,acc_00397,627.44,SGD,pending,Cold Storage,applepay,2026-08-05T06:12:45Z
txn_f4c394877416,acc_00324,47.34,SGD,completed,McDonald's,googlepay,2026-08-05T06:12:52Z
txn_8d523fe619ee,acc_00228,665.64,SGD,denied,7-Eleven,card,2026-08-05T06:12:55Z
txn_db88e316a43d,acc_00295,601.50,SGD,denied,Guardian,card,2026-08-05T06:12:57Z
txn_920b9fba6400,acc_00444,255.59,SGD,denied,Grab,card,2026-08-05T06:13:00Z
txn_2d6beb92a524,acc_00354,402.86,SGD,pending,Lazada,card,2026-08-05T06:13:08Z
txn_20dd8e7719c4,acc_00208,613.64,MYR,pending,Cold Storage,grabpay,2026-08-05T06:13:08Z
txn_d3e15e83eb94,acc_00314,854.89,SGD,denied,Starbucks,card,2026-08-05T06:13:18Z
txn_fcfab3bca37e,acc_00156,767.59,SGD,completed,Watsons,card,2026-08-05T06:13:47Z
txn_64916b61563b,acc_00068,787.31,SGD,completed,Grab,grabpay,2026-08-05T06:13:48Z
txn_0f093fc45aef,acc_00080,520.04,MYR,denied,Lazada,applepay,2026-08-05T06:13:58Z
txn_d57dfaf79d8c,acc_00031,254.34,SGD,pending,McDonald's,applepay,2026-08-05T06:13:59Z
txn_d4f07132338d,acc_00353,59.28,SGD,pending,Starbucks,card,2026-08-05T06:14:22Z
txn_c45404e4ca14,acc_00208,342.89,SGD,pending,NTUC FairPrice,card,2026-08-05T06:14:23Z
txn_a19d1bbbf7bb,acc_00044,881.98,SGD,completed,7-Eleven,googlepay,2026-08-05T06:14:52Z
txn_011170ac40a1,acc_00111,554.76,SGD,completed,NTUC FairPrice,applepay,2026-08-05T06:15:00Z
txn_69b1a232ced6,acc_00092,822.76,SGD,pending,Shopee,googlepay,2026-08-05T06:15:25Z
txn_102058d1f567,acc_00108,503.73,SGD,completed,Starbucks,grabpay,2026-08-05T06:15:51Z
txn_bcc8d5432d34,acc_00014,665.66,MYR,completed,Cold Storage,paynow,2026-08-05T06:15:53Z
txn_a8aeac8b0690,acc_00094,319.02,SGD,completed,Cold Storage,applepay,2026-08-05T06:15:57Z
txn_24e5c05bd00c,acc_00465,826.41,SGD,completed,Shopee,card,2026-08-05T06:16:17Z
txn_86b8bd30576f,acc_00243,455.87,SGD,completed,Starbucks,grabpay,2026-08-05T06:16:17Z
txn_504a54a9b755,acc_00157,27.32,MYR,denied,7-Eleven,card,2026-08-05T06:16:35Z
txn_343a7d087868,acc_00097,598.47,SGD,pending,Lazada,card,2026-08-05T06:16:39Z
txn_640f9dbec2ad,acc_00023,70.28,SGD,denied,Shopee,applepay,2026-08-05T06:16:52Z
txn_4e61321322e6,acc_00336,525.34,SGD,completed,7-Eleven,paynow,2026-08-05T06:16:55Z
txn_c5cb2458204f,acc_00419,533.44,SGD,completed,McDonald's,grabpay,2026-08-05T06:17:06Z
txn_77af6d67c757,acc_00421,652.67,SGD,completed,Starbucks,applepay,2026-08-05T06:17:30Z
txn_a607e7b1c96c,acc_00155,253.74,SGD,pending,McDonald's,applepay,2026-08-05T06:18:03Z
txn_4f9ea6e52041,acc_00206,235.96,MYR,completed,Guardian,paynow,2026-08-05T06:18:12Z
txn_3287c47077b4,acc_00167,898.31,SGD,denied,Starbucks,grabpay,2026-08-05T06:18:19Z
txn_6f84abd7e107,acc_00469,610.26,SGD,pending,Lazada,card,2026-08-05T06:18:27Z
txn_5b6454b46864,acc_00196,640.73,SGD,denied,Starbucks,googlepay,2026-08-05T06:18:30Z
txn_3caba964e7d7,acc_00496,813.98,SGD,completed,Guardian,grabpay,2026-08-05T06:18:35Z
txn_582c47391d6a,acc_00089,809.12,SGD,completed,Lazada,paynow,2026-08-05T06:18:36Z
txn_df7511a113f2,acc_00009,725.89,SGD,completed,Watsons,card,2026-08-05T06:19:01Z
txn_dae40d81ebc0,acc_00233,99.00,SGD,completed,Grab,paynow,2026-08-05T06:19:02Z
txn_488fc7c3507c,acc_00027,571.84,SGD,completed,Shopee,card,2026-08-05T06:19:24Z
txn_dc790ddd4032,acc_00129,721.78,SGD,denied,7-Eleven,applepay,2026-08-05T06:19:24Z
txn_e3c8cb7a7364,acc_00494,382.30,SGD,pending,Cold Storage,card,2026-08-05T06:19:40Z
txn_ddb7c9db5867,acc_00051,213.43,SGD,completed,7-Eleven,paynow,2026-08-05T06:19:41Z
txn_0258c1462d49,acc_00479,612.18,SGD,completed,Lazada,card,2026-08-05T06:20:06Z
txn_87bcadfced5c,acc_00166,124.96,SGD,pending,McDonald's,grabpay,2026-08-05T06:20:33Z
txn_0ef38a1c59b1,acc_00117,452.02,SGD,completed,McDonald's,grabpay,2026-08-05T06:20:56Z
txn_a1db6f24fd80,acc_00142,772.91,SGD,completed,Watsons,grabpay,2026-08-05T06:21:11Z
txn_6fb50208bf76,acc_00288,293.25,SGD,completed,Lazada,applepay,2026-08-05T06:21:14Z
txn_ea4affd47bf2,acc_00477,839.18,SGD,completed,NTUC FairPrice,applepay,2026-08-05T06:21:22Z
txn_026db67b91ef,acc_00144,249.50,SGD,completed,Grab,googlepay,2026-08-05T06:21:26Z
txn_d07cf7f002b6,acc_00025,899.33,SGD,completed,7-Eleven,paynow,2026-08-05T06:21:40Z
txn_2104b38f18fd,acc_00242,592.37,SGD,completed,Starbucks,googlepay,2026-08-05T06:21:41Z
txn_8bab10950b1c,acc_00180,876.39,SGD,completed,Cold Storage,googlepay,2026-08-05T06:21:55Z
txn_cf4dbeafb437,acc_00005,626.07,SGD,completed,Shopee,card,2026-08-05T06:22:05Z
txn_973a6f16f7f1,acc_00019,729.67,MYR,denied,Starbucks,grabpay,2026-08-05T06:22:21Z
txn_349d88a8911b,acc_00075,221.66,SGD,denied,Shopee,paynow,2026-08-05T06:22:26Z
txn_01bf35ad7237,acc_00205,180.78,SGD,denied,Grab,card,2026-08-05T06:22:30Z
txn_3b4840078cb0,acc_00262,777.43,SGD,pending,7-Eleven,paynow,2026-08-05T06:22:45Z
txn_6f9fc5aae43e,acc_00363,871.94,MYR,completed,Lazada,googlepay,2026-08-05T06:23:03Z
txn_3225f1609903,acc_00192,341.73,SGD,completed,Watsons,applepay,2026-08-05T06:23:08Z
txn_452e1b5de17f,acc_00163,662.35,SGD,pending,Grab,paynow,2026-08-05T06:23:23Z
txn_e3498c209b92,acc_00281,229.81,SGD,completed,Shopee,grabpay,2026-08-05T06:23:23Z
txn_ec3af7359ace,acc_00201,50.15,SGD,pending,Grab,applepay,2026-08-05T06:23:29Z
txn_c602d4829f10,acc_00289,130.04,SGD,pending,Watsons,grabpay,2026-08-05T06:23:30Z
txn_08cd901e6c63,acc_00187,659.79,SGD,completed,7-Eleven,applepay,2026-08-05T06:23:41Z
txn_dcc6ce42594d,acc_00076,591.31,SGD,completed,Starbucks,paynow,2026-08-05T06:24:13Z
txn_443950d82e80,acc_00343,553.89,SGD,completed,Grab,grabpay,2026-08-05T06:25:20Z
txn_7e1b71fd4ea0,acc_00372,421.69,SGD,completed,Lazada,applepay,2026-08-05T06:25:25Z
txn_54c2d9337c50,acc_00437,864.92,SGD,pending,Cold Storage,paynow,2026-08-05T06:25:49Z
txn_b4daff827051,acc_00304,334.46,SGD,pending,7-Eleven,applepay,2026-08-05T06:26:03Z
txn_6cf0824780f2,acc_00140,517.57,SGD,completed,Grab,card,2026-08-05T06:26:10Z
txn_98c308c0645f,acc_00050,785.20,SGD,denied,7-Eleven,googlepay,2026-08-05T06:26:30Z
txn_9dd42fa68355,acc_00085,690.82,SGD,denied,Grab,applepay,2026-08-05T06:26:32Z
txn_aeb25132cd6f,acc_00461,621.22,SGD,completed,Lazada,grabpay,2026-08-05T06:26:47Z
txn_9d956b317512,acc_00181,874.90,SGD,denied,7-Eleven,applepay,2026-08-05T06:27:04Z
txn_16a08532dc4d,acc_00311,68.16,SGD,completed,McDonald's,applepay,2026-08-05T06:27:04Z
txn_c8f65865f903,acc_00377,46.09,SGD,denied,McDonald's,googlepay,2026-08-05T06:27:06Z
txn_da5308f633f9,acc_00400,106.49,SGD,pending,Watsons,grabpay,2026-08-05T06:27:10Z
txn_98aebd719571,acc_00493,13.93,SGD,pending,7-Eleven,card,2026-08-05T06:27:47Z
txn_17dee2c2cb34,acc_00037,313.81,MYR,completed,Lazada,googlepay,2026-08-05T06:29:11Z
txn_266248ea89f3,acc_00193,74.52,SGD,completed,7-Eleven,card,2026-08-05T06:29:52Z
txn_57c66b383c71,acc_00454,237.64,SGD,completed,Watsons,paynow,2026-08-05T06:30:01Z
txn_59bd85903cfb,acc_00130,302.27,SGD,pending,NTUC FairPrice,card,2026-08-05T06:30:15Z
txn_d849412bba85,acc_00325,817.69,SGD,completed,Cold Storage,card,2026-08-05T06:30:19Z
txn_7e672389556d,acc_00142,810.18,SGD,completed,Lazada,applepay,2026-08-05T06:30:19Z
txn_6ab5c491ce5e,acc_00130,384.56,SGD,completed,Watsons,grabpay,2026-08-05T06:30:26Z
txn_c8f477effea2,acc_00158,204.75,MYR,completed,Watsons,googlepay,2026-08-05T06:30:31Z
txn_5795c832a831,acc_00078,710.34,SGD,completed,Shopee,applepay,2026-08-05T06:30:31Z
txn_6140cb1ddf1e,acc_00400,427.50,SGD,denied,7-Eleven,card,2026-08-05T06:30:40Z
txn_dbc32ba7d826,acc_00351,151.34,SGD,completed,McDonald's,paynow,2026-08-05T06:31:20Z
txn_18a83f055d9b,acc_00033,477.97,SGD,completed,Lazada,googlepay,2026-08-05T06:31:46Z
txn_29a503ed45c3,acc_00497,316.27,SGD,pending,Grab,googlepay,2026-08-05T06:31:46Z
txn_dcdbd35eb20d,acc_00474,69.23,SGD,denied,Guardian,card,2026-08-05T06:31:48Z
txn_e6b0f803593e,acc_00490,577.39,SGD,completed,Cold Storage,applepay,2026-08-05T06:31:50Z
txn_40c65e37ce81,acc_00399,144.08,SGD,completed,NTUC FairPrice,card,2026-08-05T06:31:56Z
txn_bca4a8762204,acc_00131,528.04,SGD,completed,Grab,applepay,2026-08-05T06:32:14Z
txn_cc87ca45e94e,acc_00277,44.52,SGD,completed,McDonald's,card,2026-08-05T06:32:50Z
txn_9e857cda7b92,acc_00479,805.05,SGD,completed,Cold Storage,applepay,2026-08-05T06:33:10Z
txn_8ccabf5982c8,acc_00245,191.02,SGD,completed,McDonald's,paynow,2026-08-05T06:33:47Z
txn_ec0eec3d29ca,acc_00239,422.96,SGD,pending,Grab,card,2026-08-05T06:33:48Z
txn_bc05bbf3da61,acc_00095,734.49,SGD,completed,Guardian,applepay,2026-08-05T06:34:06Z
txn_29a53053733d,acc_00417,725.18,SGD,completed,Lazada,googlepay,2026-08-05T06:34:49Z
txn_24bbbbfef4a9,acc_00361,776.72,SGD,denied,Cold Storage,paynow,2026-08-05T06:35:14Z
txn_020320059244,acc_00421,67.92,SGD,denied,7-Eleven,applepay,2026-08-05T06:35:32Z
txn_94be3e3646ca,acc_00330,181.67,SGD,completed,Guardian,grabpay,2026-08-05T06:35:55Z
txn_802f3e266fc5,acc_00054,375.88,MYR,pending,Guardian,applepay,2026-08-05T06:35:58Z
txn_07e9a783ad7a,acc_00203,739.03,SGD,denied,Grab,card,2026-08-05T06:36:32Z
txn_ebe25d822484,acc_00098,709.74,SGD,pending,Cold Storage,googlepay,2026-08-05T06:36:50Z
txn_0826abfbc31d,acc_00371,341.20,SGD,pending,Guardian,applepay,2026-08-05T06:36:59Z
txn_d1d35c38e86e,acc_00144,848.83,SGD,completed,7-Eleven,card,2026-08-05T06:37:02Z
txn_facc9e0f4fe5,acc_00290,523.80,SGD,completed,Cold Storage,googlepay,2026-08-05T06:37:06Z
txn_41aa26f1624c,acc_00339,132.83,SGD,pending,NTUC FairPrice,paynow,2026-08-05T06:37:57Z
txn_1b4f09403b28,acc_00234,860.69,MYR,completed,Watsons,grabpay,2026-08-05T06:38:11Z
txn_7e00d89ecee1,acc_00076,421.41,SGD,completed,McDonald's,paynow,2026-08-05T06:38:11Z
txn_a1f9b6c88a9e,acc_00461,488.73,SGD,completed,Cold Storage,grabpay,2026-08-05T06:38:47Z
txn_5e831648f283,acc_00059,881.85,SGD,completed,Cold Storage,paynow,2026-08-05T06:39:02Z
txn_1da339a78d36,acc_00130,729.21,SGD,denied,Guardian,googlepay,2026-08-05T06:39:39Z
txn_cef4d728cac0,acc_00441,167.76,SGD,pending,NTUC FairPrice,applepay,2026-08-05T06:39:51Z
txn_c8f98addae4b,acc_00024,140.47,SGD,denied,Starbucks,paynow,2026-08-05T06:40:09Z
txn_3be3687ba30f,acc_00205,529.76,SGD,completed,Lazada,googlepay,2026-08-05T06:40:15Z
txn_be3132fcb9fb,acc_00274,154.24,SGD,completed,Shopee,applepay,2026-08-05T06:40:21Z
txn_ed7171686c0a,acc_00078,670.60,SGD,denied,Starbucks,paynow,2026-08-05T06:40:29Z
txn_f65f6d9057e0,acc_00419,365.58,SGD,denied,Shopee,paynow,2026-08-05T06:40:39Z
txn_19457d5e5c3e,acc_00323,406.15,SGD,completed,McDonald's,paynow,2026-08-05T06:40:45Z
txn_8db8926f49fb,acc_00250,78.56,SGD,completed,NTUC FairPrice,card,2026-08-05T06:41:31Z
txn_0e3babbc534e,acc_00475,573.97,SGD,pending,Starbucks,card,2026-08-05T06:41:48Z
txn_41442bacfd01,acc_00204,705.91,MYR,completed,McDonald's,applepay,2026-08-05T06:41:49Z
txn_69ee134461a3,acc_00279,429.00,SGD,completed,Watsons,applepay,2026-08-05T06:41:51Z
txn_d13f41215806,acc_00020,30.78,SGD,completed,Guardian,paynow,2026-08-05T06:42:22Z
txn_3b25a9bf386f,acc_00377,692.09,SGD,pending,Lazada,applepay,2026-08-05T06:42:29Z
txn_735db337f792,acc_00241,432.24,SGD,completed,NTUC FairPrice,applepay,2026-08-05T06:42:59Z
txn_e164eb3df36c,acc_00076,182.36,SGD,completed,Cold Storage,card,2026-08-05T06:43:15Z
txn_3a290ec1f6a4,acc_00145,798.50,SGD,completed,Lazada,grabpay,2026-08-05T06:43:19Z
txn_0793f4ecf7dc,acc_00225,316.00,SGD,completed,Watsons,grabpay,2026-08-05T06:43:23Z
txn_fc32a921e9d2,acc_00440,367.96,SGD,denied,NTUC FairPrice,card,2026-08-05T06:43:45Z
txn_9fba28f641fa,acc_00451,713.23,SGD,completed,Starbucks,paynow,2026-08-05T06:43:45Z
txn_d8e532af6e7a,acc_00362,169.49,SGD,denied,NTUC FairPrice,applepay,2026-08-05T06:43:58Z
txn_0e9a655bdf85,acc_00178,574.11,MYR,completed,NTUC FairPrice,card,2026-08-05T06:44:18Z
txn_f2c3eddc81b7,acc_00303,845.83,SGD,completed,7-Eleven,paynow,2026-08-05T06:44:25Z
txn_134d097f6910,acc_00399,89.34,SGD,completed,Grab,grabpay,2026-08-05T06:45:22Z
txn_d1396c543d37,acc_00381,459.61,SGD,pending,McDonald's,paynow,2026-08-05T06:45:31Z
txn_6b65bcf78902,acc_00477,418.04,SGD,completed,Shopee,card,2026-08-05T06:45:34Z
txn_6744e4569de9,acc_00360,211.32,SGD,completed,Shopee,googlepay,2026-08-05T06:46:10Z
txn_9f959bdd4062,acc_00068,519.03,SGD,pending,7-Eleven,card,2026-08-05T06:46:25Z
txn_0ed011ba9130,acc_00302,665.85,SGD,denied,Starbucks,googlepay,2026-08-05T06:47:21Z
txn_532a0d6f53ef,acc_00353,409.74,SGD,pending,Shopee,applepay,2026-08-05T06:47:21Z
txn_9bc54bde7444,acc_00346,498.73,SGD,denied,McDonald's,card,2026-08-05T06:47:50Z
txn_5651c05afc23,acc_00430,68.90,SGD,completed,Watsons,googlepay,2026-08-05T06:49:40Z
txn_4da22a794160,acc_00278,98.05,SGD,denied,NTUC FairPrice,grabpay,2026-08-05T06:50:07Z
txn_9fbd3fe71bf9,acc_00327,411.17,SGD,completed,Guardian,applepay,2026-08-05T06:50:13Z
txn_10935ed15e77,acc_00397,743.67,SGD,pending,Guardian,card,2026-08-05T06:50:33Z
txn_7451b3e41d11,acc_00307,677.13,SGD,completed,Shopee,applepay,2026-08-05T06:50:37Z
txn_1bb02cdd5320,acc_00086,236.88,SGD,completed,Shopee,card,2026-08-05T06:50:38Z
txn_2cca53dbe10f,acc_00200,277.04,SGD,completed,Watsons,card,2026-08-05T06:50:51Z
txn_7862d6f2eb01,acc_00104,105.97,SGD,pending,7-Eleven,grabpay,2026-08-05T06:51:30Z
txn_3557c64cca7e,acc_00173,391.71,SGD,completed,McDonald's,grabpay,2026-08-05T06:51:37Z
txn_cc0da35153e3,acc_00422,14.14,SGD,pending,McDonald's,grabpay,2026-08-05T06:51:50Z
txn_9dc5e09d7b06,acc_00409,265.40,SGD,completed,Watsons,grabpay,2026-08-05T06:51:56Z
txn_efeb7c085d59,acc_00362,704.98,SGD,denied,Guardian,paynow,2026-08-05T06:52:09Z
txn_bde358befe88,acc_00045,752.71,SGD,denied,Guardian,googlepay,2026-08-05T06:52:24Z
txn_62299443ab02,acc_00365,825.39,SGD,denied,Grab,googlepay,2026-08-05T06:52:29Z
txn_fc61f1a46e36,acc_00335,599.69,MYR,completed,Guardian,paynow,2026-08-05T06:52:32Z
txn_33f51f5838ef,acc_00225,665.16,SGD,denied,NTUC FairPrice,googlepay,2026-08-05T06:52:48Z
txn_d883f3c04690,acc_00190,90.29,SGD,pending,Lazada,grabpay,2026-08-05T06:53:51Z
txn_c44acf47297b,acc_00417,224.20,SGD,completed,Guardian,googlepay,2026-08-05T06:54:11Z
txn_873ba7c590f9,acc_00387,145.40,SGD,completed,NTUC FairPrice,card,2026-08-05T06:54:36Z
txn_76b5ce8e5e4a,acc_00215,225.32,SGD,completed,Guardian,grabpay,2026-08-05T06:54:41Z
txn_6b0d4c21c956,acc_00127,392.06,SGD,completed,NTUC FairPrice,card,2026-08-05T06:54:46Z
txn_81459e2ae5b4,acc_00370,214.96,SGD,completed,Lazada,card,2026-08-05T06:54:47Z
txn_3e625499b2b9,acc_00307,382.90,SGD,denied,Shopee,grabpay,2026-08-05T06:54:59Z
txn_f9dc7d678c7b,acc_00107,782.84,SGD,completed,NTUC FairPrice,paynow,2026-08-05T06:55:06Z
txn_a8bf5cf6158c,acc_00357,870.81,SGD,completed,Guardian,card,2026-08-05T06:55:28Z
txn_76b0df7a7aeb,acc_00457,832.44,SGD,completed,Watsons,grabpay,2026-08-05T06:55:55Z
txn_75bb208c47bc,acc_00313,178.34,SGD,pending,Lazada,applepay,2026-08-05T06:56:19Z
txn_aa2ed0e3925d,acc_00349,825.62,SGD,denied,7-Eleven,paynow,2026-08-05T06:56:39Z
txn_485f456b82c8,acc_00482,441.47,MYR,completed,7-Eleven,applepay,2026-08-05T06:57:12Z
txn_e41c32f24f84,acc_00329,611.46,SGD,pending,Shopee,card,2026-08-05T06:58:37Z
txn_444ad2abcb3e,acc_00450,640.56,SGD,completed,Shopee,paynow,2026-08-05T06:58:44Z
txn_4dc0c836c235,acc_00352,542.10,SGD,completed,Grab,paynow,2026-08-05T06:59:14Z
txn_d00ef0ab7386,acc_00319,802.21,SGD,completed,7-Eleven,grabpay,2026-08-05T06:59:28Z
txn_3c888b39813a,acc_00261,60.27,SGD,completed,Guardian,applepay,2026-08-05T06:59:40Z
txn_d51fe0eac144,acc_00103,84.52,SGD,completed,NTUC FairPrice,grabpay,2026-08-05T06:59:45Z
txn_ba5655b9b74f,acc_00137,698.64,SGD,denied,McDonald's,paynow,2026-08-05T06:59:51Z
txn_2790112fc294,acc_00132,481.93,SGD,completed,Guardian,card,2026-08-05T07:00:23Z
txn_eb8d5b6fbaa4,acc_00165,167.23,SGD,completed,McDonald's,card,2026-08-05T07:00:26Z
txn_3ee6ebc38c17,acc_00031,677.75,SGD,completed,Starbucks,card,2026-08-05T07:00:45Z
txn_a5e75f1f7ba9,acc_00253,800.60,SGD,denied,McDonald's,grabpay,2026-08-05T07:01:12Z
txn_97906ab925d3,acc_00430,691.74,SGD,completed,McDonald's,grabpay,2026-08-05T07:01:35Z
txn_403e03c90d49,acc_00359,68.23,SGD,pending,Shopee,paynow,2026-08-05T07:01:51Z
txn_06154a46c593,acc_00255,444.52,SGD,denied,Lazada,grabpay,2026-08-05T07:02:49Z
txn_2ae58da48eea,acc_00099,99.43,SGD,denied,Grab,googlepay,2026-08-05T07:02:57Z
txn_e9d78a77e42e,acc_00156,13.37,SGD,completed,Starbucks,googlepay,2026-08-05T07:03:03Z
txn_7f4dd6cef326,acc_00380,626.98,SGD,completed,Lazada,card,2026-08-05T07:03:27Z
txn_e6fbec9c301c,acc_00091,493.86,SGD,pending,Lazada,googlepay,2026-08-05T07:03:29Z
txn_a93da61a9856,acc_00133,242.18,SGD,completed,Grab,applepay,2026-08-05T07:03:47Z
txn_438a2241668f,acc_00231,419.43,SGD,completed,Grab,applepay,2026-08-05T07:03:50Z
txn_cf41beab8095,acc_00371,531.65,SGD,denied,Cold Storage,card,2026-08-05T07:04:03Z
txn_4cbb3da5f8d2,acc_00388,440.27,SGD,completed,Lazada,card,2026-08-05T07:04:08Z
txn_242068e986eb,acc_00033,148.16,SGD,completed,Watsons,googlepay,2026-08-05T07:04:10Z
txn_1734c010ffe9,acc_00210,796.78,SGD,pending,Guardian,paynow,2026-08-05T07:04:17Z
txn_99492b3382b6,acc_00328,625.79,SGD,pending,7-Eleven,applepay,2026-08-05T07:04:40Z
txn_77097abc106b,acc_00053,266.73,SGD,completed,Guardian,googlepay,2026-08-05T07:04:47Z
txn_72f20d5ef7b0,acc_00408,615.73,SGD,completed,Starbucks,paynow,2026-08-05T07:04:49Z
txn_fddfd27d5bd5,acc_00241,40.16,MYR,completed,7-Eleven,googlepay,2026-08-05T07:05:12Z
txn_9c0df18fdb69,acc_00484,279.47,SGD,completed,Starbucks,googlepay,2026-08-05T07:05:43Z
txn_c662a00d1cfd,acc_00495,780.59,SGD,completed,Starbucks,googlepay,2026-08-05T07:05:43Z
txn_bdb8ec631913,acc_00338,771.74,SGD,pending,Cold Storage,googlepay,2026-08-05T07:06:09Z
txn_20448989e248,acc_00122,457.62,SGD,completed,Starbucks,grabpay,2026-08-05T07:06:52Z
txn_40f04417d38e,acc_00379,561.38,SGD,completed,Guardian,applepay,2026-08-05T07:06:54Z
txn_d08fa6a49026,acc_00196,765.36,SGD,completed,NTUC FairPrice,googlepay,2026-08-05T07:07:04Z
txn_a9c5e6bc2b7c,acc_00081,153.76,MYR,denied,Guardian,googlepay,2026-08-05T07:07:32Z
txn_5ec0fb2438e7,acc_00262,351.10,SGD,denied,Cold Storage,grabpay,2026-08-05T07:07:40Z
txn_cefd5c5067d9,acc_00148,516.74,SGD,denied,NTUC FairPrice,applepay,2026-08-05T07:07:52Z
txn_8b4f1ccc7887,acc_00265,883.82,SGD,pending,Watsons,paynow,2026-08-05T07:07:54Z
txn_6c6d6081029b,acc_00368,761.34,SGD,completed,Watsons,googlepay,2026-08-05T07:08:30Z
txn_6d96b3946ee8,acc_00383,100.96,SGD,completed,Guardian,googlepay,2026-08-05T07:08:47Z
txn_0b4f211e4c1d,acc_00170,595.40,SGD,completed,Shopee,paynow,2026-08-05T07:08:53Z
txn_de0f8d9d671c,acc_00102,431.47,SGD,completed,NTUC FairPrice,googlepay,2026-08-05T07:08:53Z
txn_c49001f88941,acc_00061,66.53,SGD,denied,Lazada,grabpay,2026-08-05T07:09:34Z
txn_ece01ee35bfb,acc_00157,588.40,SGD,pending,7-Eleven,paynow,2026-08-05T07:09:56Z
txn_431914bdf881,acc_00458,582.52,SGD,completed,7-Eleven,paynow,2026-08-05T07:10:37Z
txn_89178e3fee8c,acc_00284,236.86,SGD,completed,Lazada,grabpay,2026-08-05T07:11:24Z
txn_77b12aaf6e7b,acc_00246,156.73,SGD,completed,Lazada,grabpay,2026-08-05T07:11:33Z
txn_22d7e0aafd27,acc_00422,143.36,SGD,completed,Lazada,paynow,2026-08-05T07:11:45Z
txn_8fa461bc3773,acc_00049,17.21,SGD,completed,Cold Storage,grabpay,2026-08-05T07:12:00Z
txn_aca3833755a0,acc_00342,157.17,MYR,completed,Starbucks,googlepay,2026-08-05T07:12:07Z
txn_ae1b9ec3057f,acc_00488,53.16,SGD,completed,McDonald's,applepay,2026-08-05T07:12:43Z
txn_4ab35dc4835b,acc_00205,452.88,SGD,completed,McDonald's,googlepay,2026-08-05T07:12:46Z
txn_b267ba129965,acc_00423,384.48,SGD,completed,Grab,paynow,2026-08-05T07:13:02Z
txn_dccf41805095,acc_00085,27.54,SGD,completed,Watsons,paynow,2026-08-05T07:13:15Z
txn_6f4dc9e046e8,acc_00413,565.72,SGD,pending,Shopee,card,2026-08-05T07:13:32Z
txn_37100652dc04,acc_00095,290.83,SGD,pending,7-Eleven,grabpay,2026-08-05T07:14:41Z
txn_515e1725b8ce,acc_00429,54.22,SGD,pending,NTUC FairPrice,grabpay,2026-08-05T07:14:57Z
txn_8ef30846e7a9,acc_00149,542.00,SGD,completed,Shopee,card,2026-08-05T07:14:59Z
txn_b6d180cfcb80,acc_00143,518.89,SGD,completed,Shopee,googlepay,2026-08-05T07:15:04Z
txn_4e04a80e21fa,acc_00301,270.99,SGD,completed,McDonald's,grabpay,2026-08-05T07:15:11Z
txn_33df8dce3b2a,acc_00222,170.77,SGD,completed,Grab,paynow,2026-08-05T07:15:22Z
txn_f477c4fa05bb,acc_00170,716.96,SGD,denied,Cold Storage,grabpay,2026-08-05T07:15:31Z
txn_072efc569cbe,acc_00381,328.04,SGD,completed,Guardian,paynow,2026-08-05T07:16:03Z
txn_52ca4cec25e3,acc_00061,256.23,SGD,pending,Lazada,googlepay,2026-08-05T07:16:21Z
txn_a794c404a0ed,acc_00329,578.32,SGD,completed,NTUC FairPrice,applepay,2026-08-05T07:17:04Z
txn_db449d39ab3d,acc_00013,603.50,SGD,denied,Grab,card,2026-08-05T07:17:10Z
txn_1e0a2ea41b42,acc_00346,343.42,SGD,completed,McDonald's,googlepay,2026-08-05T07:17:32Z
txn_a10e20ce9c4b,acc_00012,168.36,SGD,completed,Watsons,googlepay,2026-08-05T07:17:40Z
txn_894d85b53fea,acc_00101,367.77,SGD,completed,Watsons,applepay,2026-08-05T07:17:54Z
txn_a115fec44b2c,acc_00451,228.68,SGD,completed,Cold Storage,applepay,2026-08-05T07:18:13Z
txn_cd5a04f3448c,acc_00175,773.88,SGD,completed,7-Eleven,applepay,2026-08-05T07:18:19Z
txn_7dd1695864bb,acc_00400,766.53,MYR,completed,Shopee,paynow,2026-08-05T07:18:29Z
txn_e96c807b32e7,acc_00034,528.86,SGD,completed,Lazada,applepay,2026-08-05T07:18:55Z
txn_b2bd654805c1,acc_00159,62.36,SGD,completed,Watsons,paynow,2026-08-05T07:20:06Z
txn_0c74950c207b,acc_00345,161.96,SGD,completed,Starbucks,paynow,2026-08-05T07:20:20Z
txn_381621648447,acc_00302,551.42,SGD,completed,Shopee,paynow,2026-08-05T07:20:22Z
txn_df21f7460cf7,acc_00030,851.27,SGD,pending,McDonald's,card,2026-08-05T07:20:38Z
txn_3e47f451e8f0,acc_00070,656.74,SGD,completed,Cold Storage,card,2026-08-05T07:20:48Z
txn_0f7e66e02da9,acc_00212,292.80,SGD,completed,McDonald's,googlepay,2026-08-05T07:21:07Z
txn_53c6ff4dc8f5,acc_00268,593.85,SGD,completed,Shopee,card,2026-08-05T07:21:26Z
txn_405fd2e39463,acc_00146,770.31,SGD,completed,Grab,applepay,2026-08-05T07:21:33Z
txn_3ce4ddff8aa8,acc_00328,366.94,MYR,pending,Shopee,applepay,2026-08-05T07:21:36Z
txn_d243ba477c47,acc_00070,280.59,SGD,pending,Lazada,card,2026-08-05T07:21:42Z
txn_d0b5defd4fff,acc_00036,208.76,SGD,completed,Grab,card,2026-08-05T07:22:02Z
txn_a24f77aae818,acc_00378,181.70,SGD,completed,Lazada,paynow,2026-08-05T07:22:57Z
txn_2d9ddc6ae394,acc_00138,524.11,MYR,completed,Lazada,paynow,2026-08-05T07:23:27Z
txn_83e8e8694554,acc_00318,349.92,SGD,completed,Guardian,card,2026-08-05T07:23:30Z
txn_78bd540eb0fd,acc_00368,474.43,SGD,pending,Grab,paynow,2026-08-05T07:23:46Z
txn_3b792c8fb9b2,acc_00433,423.18,SGD,denied,McDonald's,googlepay,2026-08-05T07:24:07Z
txn_d1be33f8ebbb,acc_00113,661.19,SGD,pending,Lazada,paynow,2026-08-05T07:24:43Z
txn_de1140abd329,acc_00080,372.50,SGD,completed,McDonald's,card,2026-08-05T07:24:44Z
txn_bbafe50463e5,acc_00060,777.95,SGD,completed,McDonald's,card,2026-08-05T07:24:47Z
txn_fdcd69f26d29,acc_00498,811.40,SGD,pending,Guardian,paynow,2026-08-05T07:25:02Z
txn_e1a37d099822,acc_00434,648.48,SGD,completed,7-Eleven,card,2026-08-05T07:25:03Z
txn_6a1f62753def,acc_00212,280.81,SGD,pending,Cold Storage,card,2026-08-05T07:25:10Z
txn_a7423cfcf0b3,acc_00073,807.76,SGD,completed,Shopee,card,2026-08-05T07:25:43Z
txn_44cd7418c92f,acc_00337,264.85,SGD,pending,Shopee,applepay,2026-08-05T07:25:50Z
txn_033fdf123004,acc_00446,320.12,SGD,completed,7-Eleven,applepay,2026-08-05T07:25:57Z
txn_aaefd4ea6456,acc_00323,719.73,MYR,denied,Starbucks,applepay,2026-08-05T07:26:05Z
txn_90d69ec1c84c,acc_00071,338.63,SGD,completed,Shopee,applepay,2026-08-05T07:26:29Z
txn_c714d8fe7df5,acc_00053,578.28,SGD,completed,Guardian,googlepay,2026-08-05T07:26:33Z
txn_fab9c7c77cfd,acc_00139,475.14,SGD,completed,NTUC FairPrice,applepay,2026-08-05T07:27:03Z
txn_d55376810dca,acc_00404,353.40,SGD,completed,McDonald's,applepay,2026-08-05T07:27:22Z
txn_39ff2e652cf3,acc_00307,223.44,SGD,pending,Guardian,grabpay,2026-08-05T07:27:33Z
txn_9ee25532bde3,acc_00163,518.13,SGD,completed,7-Eleven,paynow,2026-08-05T07:28:10Z
txn_bfe415296334,acc_00275,136.99,SGD,denied,McDonald's,card,2026-08-05T07:28:42Z
txn_55551c4d4bbf,acc_00023,61.96,SGD,completed,Grab,googlepay,2026-08-05T07:28:42Z
txn_6993d7dc9546,acc_00308,541.00,MYR,completed,NTUC FairPrice,grabpay,2026-08-05T07:28:48Z
txn_dfa4e6774f67,acc_00011,450.38,MYR,pending,McDonald's,googlepay,2026-08-05T07:28:51Z
txn_5297136d8d46,acc_00303,454.72,SGD,completed,Watsons,applepay,2026-08-05T07:29:01Z
txn_c3ce7e257de0,acc_00275,378.02,SGD,pending,Lazada,paynow,2026-08-05T07:29:18Z
txn_c2fac2c53cd7,acc_00460,19.25,SGD,completed,NTUC FairPrice,grabpay,2026-08-05T07:29:35Z
txn_6da9d92d61e0,acc_00290,129.65,SGD,pending,Starbucks,paynow,2026-08-05T07:29:35Z
txn_07b4f097de44,acc_00293,352.79,MYR,completed,McDonald's,card,2026-08-05T07:29:48Z
txn_baa3fbddb383,acc_00238,328.79,SGD,pending,Shopee,googlepay,2026-08-05T07:29:49Z
txn_770280f799ca,acc_00357,884.32,MYR,denied,Lazada,card,2026-08-05T07:30:01Z
txn_947e5d46733f,acc_00106,515.10,MYR,completed,NTUC FairPrice,applepay,2026-08-05T07:30:04Z
txn_84bd6fc85021,acc_00135,156.52,MYR,completed,Shopee,card,2026-08-05T07:30:33Z
txn_4fd4f6c17de5,acc_00059,16.19,MYR,denied,Watsons,card,2026-08-05T07:31:16Z
txn_3ffcfca2a72c,acc_00441,640.39,SGD,completed,Guardian,paynow,2026-08-05T07:31:22Z
txn_4975efbb4f8e,acc_00198,47.06,MYR,completed,Lazada,paynow,2026-08-05T07:31:36Z
txn_5f540c989ca3,acc_00213,368.32,SGD,pending,Starbucks,card,2026-08-05T07:31:50Z
txn_7c9258351014,acc_00152,384.74,SGD,denied,Watsons,googlepay,2026-08-05T07:32:31Z
txn_aa11a9d620d4,acc_00285,55.81,SGD,denied,Grab,card,2026-08-05T07:32:40Z
txn_817e2a3bd988,acc_00206,835.89,SGD,completed,McDonald's,card,2026-08-05T07:32:55Z
txn_2d728b81ff95,acc_00340,265.04,MYR,completed,Lazada,grabpay,2026-08-05T07:33:15Z
txn_4fab55657c05,acc_00308,8.40,SGD,completed,Guardian,googlepay,2026-08-05T07:33:35Z
txn_5b8beef2e081,acc_00325,350.13,SGD,completed,Shopee,card,2026-08-05T07:33:39Z
txn_d07e8159f4dc,acc_00492,597.76,MYR,completed,Grab,card,2026-08-05T07:33:48Z
txn_405e6dde12da,acc_00364,792.12,SGD,pending,Shopee,grabpay,2026-08-05T07:34:36Z
txn_950a9ae48e7f,acc_00438,365.82,SGD,denied,Watsons,grabpay,2026-08-05T07:34:42Z
txn_cbd616113810,acc_00281,145.22,SGD,pending,Grab,grabpay,2026-08-05T07:34:54Z
txn_99bf9bf483e9,acc_00388,346.91,SGD,completed,Lazada,grabpay,2026-08-05T07:34:57Z
txn_2ab889a6f7e0,acc_00473,688.80,SGD,completed,Lazada,grabpay,2026-08-05T07:35:12Z
txn_d617bcef1e9f,acc_00331,725.31,SGD,completed,NTUC FairPrice,paynow,2026-08-05T07:35:42Z
txn_f227bd71ca50,acc_00130,487.93,SGD,denied,Guardian,grabpay,2026-08-05T07:36:12Z
txn_8dc15465720e,acc_00497,646.07,SGD,denied,Starbucks,applepay,2026-08-05T07:36:14Z
txn_a320c7323071,acc_00294,404.41,SGD,denied,McDonald's,googlepay,2026-08-05T07:36:16Z
txn_fa5194fbc844,acc_00030,893.82,SGD,completed,Lazada,paynow,2026-08-05T07:36:25Z
txn_9df5b0f4b305,acc_00354,315.44,MYR,pending,Guardian,paynow,2026-08-05T07:36:32Z
txn_63d72d4c709e,acc_00067,331.25,SGD,completed,7-Eleven,grabpay,2026-08-05T07:36:53Z
txn_2ce9141155c1,acc_00165,620.87,MYR,pending,NTUC FairPrice,grabpay,2026-08-05T07:37:03Z
txn_325f33a4ea83,acc_00396,768.42,MYR,completed,Guardian,applepay,2026-08-05T07:37:14Z
txn_a394182f8c37,acc_00143,409.43,SGD,completed,7-Eleven,grabpay,2026-08-05T07:37:40Z
txn_f14841c70656,acc_00084,520.49,SGD,pending,Cold Storage,paynow,2026-08-05T07:38:14Z
txn_e6efaa75291b,acc_00356,283.36,SGD,denied,Watsons,googlepay,2026-08-05T07:38:24Z
txn_61b2c4927b3b,acc_00335,462.60,SGD,pending,Lazada,paynow,2026-08-05T07:38:28Z
txn_f3ef0702b5c6,acc_00351,218.56,SGD,pending,Starbucks,googlepay,2026-08-05T07:38:34Z
txn_176e795a21d0,acc_00250,365.91,SGD,completed,Grab,grabpay,2026-08-05T07:39:51Z
txn_610d9cd2f949,acc_00128,809.02,SGD,completed,Cold Storage,grabpay,2026-08-05T07:40:04Z
txn_bebe2b5ec072,acc_00147,292.21,SGD,completed,Shopee,card,2026-08-05T07:40:14Z
txn_8de446a10a1a,acc_00486,88.62,SGD,denied,NTUC FairPrice,card,2026-08-05T07:40:27Z
txn_7233c0e9acb0,acc_00203,629.33,SGD,denied,Cold Storage,applepay,2026-08-05T07:40:36Z
txn_9f030f5d23eb,acc_00137,225.29,SGD,completed,Starbucks,paynow,2026-08-05T07:40:47Z
txn_2af982e990c0,acc_00118,740.06,SGD,pending,Cold Storage,card,2026-08-05T07:40:53Z
txn_be589bbbc657,acc_00482,147.68,MYR,completed,McDonald's,card,2026-08-05T07:41:11Z
txn_f401d3dcc8af,acc_00311,854.06,SGD,completed,Starbucks,paynow,2026-08-05T07:41:36Z
txn_d3b9ea8eef36,acc_00368,494.35,SGD,completed,7-Eleven,googlepay,2026-08-05T07:41:43Z
txn_5b1ec65ce57b,acc_00060,477.15,MYR,completed,Guardian,grabpay,2026-08-05T07:41:50Z
txn_06679d73ef35,acc_00149,837.44,MYR,completed,Grab,googlepay,2026-08-05T07:41:59Z
txn_23e9f4ce759f,acc_00292,840.17,SGD,denied,Starbucks,googlepay,2026-08-05T07:42:04Z
txn_8cb5e91f2cff,acc_00076,547.68,SGD,completed,Lazada,card,2026-08-05T07:42:22Z
txn_a7176aaf9227,acc_00019,307.00,SGD,completed,Starbucks,card,2026-08-05T07:42:25Z
txn_87ffbe359b91,acc_00482,859.60,SGD,completed,Shopee,grabpay,2026-08-05T07:42:51Z
txn_d54679962bd4,acc_00282,295.66,SGD,pending,Cold Storage,paynow,2026-08-05T07:43:08Z
txn_95b3ab57aeec,acc_00461,211.30,SGD,pending,Cold Storage,googlepay,2026-08-05T07:43:30Z
txn_083f891d2c80,acc_00377,770.63,SGD,completed,McDonald's,card,2026-08-05T07:44:09Z
txn_a6d7b4d7fe63,acc_00251,219.60,SGD,completed,Guardian,applepay,2026-08-05T07:44:39Z
txn_04a2b05ac096,acc_00360,74.86,SGD,denied,Shopee,applepay,2026-08-05T07:44:49Z
txn_04337485e30c,acc_00084,251.60,SGD,pending,NTUC FairPrice,paynow,2026-08-05T07:45:04Z
txn_9ae5f44b0400,acc_00093,793.10,SGD,completed,Guardian,applepay,2026-08-05T07:45:12Z
txn_ef36eb63c3d9,acc_00235,559.98,MYR,completed,Grab,googlepay,2026-08-05T07:45:38Z
txn_5ad0d672dfa2,acc_00193,31.43,SGD,completed,McDonald's,paynow,2026-08-05T07:45:46Z
txn_535bebe39d5e,acc_00062,878.32,MYR,denied,Shopee,grabpay,2026-08-05T07:45:48Z
txn_2d7e9f1bae12,acc_00328,733.83,SGD,pending,Grab,paynow,2026-08-05T07:46:03Z
txn_8a46ce527c03,acc_00344,279.37,MYR,denied,Starbucks,applepay,2026-08-05T07:46:09Z
txn_d3e48ad0516a,acc_00272,10.45,SGD,completed,Lazada,applepay,2026-08-05T07:46:31Z
txn_0c7e7c247863,acc_00099,630.56,SGD,pending,Shopee,googlepay,2026-08-05T07:46:41Z
txn_289ac6b4a41f,acc_00066,121.72,SGD,completed,Cold Storage,card,2026-08-05T07:46:41Z
txn_3b58449d5af0,acc_00403,523.03,SGD,pending,McDonald's,applepay,2026-08-05T07:46:50Z
txn_59245ed41231,acc_00276,302.70,SGD,denied,Watsons,grabpay,2026-08-05T07:46:54Z
txn_da67eb979ccb,acc_00107,841.05,SGD,pending,Grab,paynow,2026-08-05T07:47:00Z
txn_3bff8e156bf6,acc_00179,162.26,SGD,pending,7-Eleven,applepay,2026-08-05T07:47:00Z
txn_4e8e0976d17a,acc_00131,432.37,SGD,denied,Starbucks,paynow,2026-08-05T07:47:15Z
txn_31415103a4ea,acc_00097,603.17,SGD,completed,Shopee,applepay,2026-08-05T07:47:28Z
txn_98c5e65d821b,acc_00281,424.22,SGD,denied,Lazada,paynow,2026-08-05T07:48:28Z
txn_ae352bccefb4,acc_00456,188.11,SGD,denied,Starbucks,paynow,2026-08-05T07:48:33Z
txn_26cdfe2f3cb7,acc_00138,712.02,SGD,completed,NTUC FairPrice,paynow,2026-08-05T07:49:13Z
txn_b31275f84052,acc_00072,695.45,SGD,completed,7-Eleven,applepay,2026-08-05T07:49:15Z
txn_b905e1f4933c,acc_00266,123.74,SGD,completed,Cold Storage,paynow,2026-08-05T07:49:17Z
txn_b3646065da4a,acc_00434,236.62,SGD,completed,Grab,card,2026-08-05T07:49:26Z
txn_339230854199,acc_00012,83.32,SGD,denied,McDonald's,paynow,2026-08-05T07:49:59Z
txn_9b1ffc6c1b1f,acc_00072,673.87,MYR,denied,Cold Storage,card,2026-08-05T07:50:10Z
txn_656bc1bab347,acc_00139,22.75,MYR,pending,Grab,paynow,2026-08-05T07:50:42Z
txn_14451f09286d,acc_00104,149.66,SGD,completed,NTUC FairPrice,paynow,2026-08-05T07:51:08Z
txn_768532f5c635,acc_00146,312.06,SGD,pending,Watsons,card,2026-08-05T07:51:11Z
txn_6ec0ca518aad,acc_00328,108.15,SGD,completed,McDonald's,paynow,2026-08-05T07:51:39Z
txn_b78411876617,acc_00154,770.83,SGD,completed,Guardian,googlepay,2026-08-05T07:51:56Z
txn_114ab61e93ac,acc_00212,80.40,SGD,completed,McDonald's,grabpay,2026-08-05T07:52:09Z
txn_2122b2be3706,acc_00074,54.50,SGD,denied,Grab,googlepay,2026-08-05T07:52:42Z
txn_c6663b3273b2,acc_00344,480.98,MYR,completed,Grab,paynow,2026-08-05T07:53:22Z
txn_37d494f84086,acc_00438,450.03,SGD,denied,McDonald's,paynow,2026-08-05T07:53:46Z
txn_16ed406b453d,acc_00012,467.40,SGD,completed,7-Eleven,card,2026-08-05T07:53:57Z
txn_c03412654657,acc_00406,736.11,SGD,completed,Guardian,paynow,2026-08-05T07:54:01Z
txn_eac8833ca2d1,acc_00255,187.06,SGD,completed,McDonald's,card,2026-08-05T07:54:06Z
txn_a5f874d9db0b,acc_00144,807.46,SGD,denied,Cold Storage,applepay,2026-08-05T07:54:31Z
txn_63992d31cb47,acc_00262,482.04,SGD,completed,Grab,googlepay,2026-08-05T07:55:43Z
txn_e4d75be7b58a,acc_00244,377.26,SGD,completed,Guardian,paynow,2026-08-05T07:55:59Z
txn_9d39678c6b91,acc_00345,726.70,SGD,pending,Cold Storage,card,2026-08-05T07:56:00Z
txn_164d2aba3694,acc_00319,139.26,SGD,pending,Grab,googlepay,2026-08-05T07:56:09Z
txn_4c97995590bf,acc_00252,413.98,SGD,completed,7-Eleven,card,2026-08-05T07:56:09Z
txn_55422e3f9051,acc_00119,898.33,SGD,completed,Starbucks,paynow,2026-08-05T07:56:31Z
txn_d3abc8d95871,acc_00251,747.81,SGD,completed,7-Eleven,grabpay,2026-08-05T07:56:34Z
txn_4a384d32c587,acc_00318,370.47,SGD,pending,Watsons,paynow,2026-08-05T07:57:12Z
txn_d1e3ac1519c3,acc_00304,297.05,SGD,completed,Guardian,applepay,2026-08-05T07:57:22Z
txn_b01236d16cf5,acc_00034,390.22,SGD,denied,7-Eleven,applepay,2026-08-05T07:57:36Z
txn_bff26a6601c8,acc_00382,640.71,SGD,completed,NTUC FairPrice,googlepay,2026-08-05T07:57:44Z
txn_fdf90eb5c43e,acc_00363,409.98,SGD,denied,Grab,paynow,2026-08-05T07:57:56Z
txn_1710ee4311fb,acc_00010,550.70,SGD,completed,7-Eleven,googlepay,2026-08-05T07:57:59Z
txn_ee2450ef579e,acc_00290,853.96,SGD,pending,7-Eleven,card,2026-08-05T07:58:01Z
txn_934ae2ead5c5,acc_00023,877.83,SGD,completed,Cold Storage,paynow,2026-08-05T07:58:17Z
txn_46677f3971c8,acc_00080,601.59,SGD,completed,McDonald's,paynow,2026-08-05T07:58:21Z
txn_57d0810b6916,acc_00354,107.88,SGD,completed,Guardian,paynow,2026-08-05T07:58:41Z
txn_107c8a408823,acc_00431,214.63,SGD,denied,Guardian,grabpay,2026-08-05T08:00:19Z
txn_743fa2061f9b,acc_00400,865.25,SGD,completed,Cold Storage,googlepay,2026-08-05T08:00:21Z
txn_73f253f7ad59,acc_00041,430.28,SGD,completed,7-Eleven,grabpay,2026-08-05T08:00:25Z
txn_b78ebdc7599a,acc_00454,279.78,SGD,pending,Guardian,applepay,2026-08-05T08:00:37Z
txn_c9755c374549,acc_00033,305.93,MYR,denied,Lazada,googlepay,2026-08-05T08:01:04Z
txn_d406927f7051,acc_00248,103.70,SGD,completed,Shopee,applepay,2026-08-05T08:01:09Z
txn_e20b5305f480,acc_00424,162.53,SGD,pending,Lazada,paynow,2026-08-05T08:01:42Z
txn_b4c21eef8eb2,acc_00413,132.19,SGD,completed,7-Eleven,grabpay,2026-08-05T08:01:55Z
txn_1d3869f3a9c3,acc_00251,474.42,MYR,completed,NTUC FairPrice,grabpay,2026-08-05T08:02:10Z
txn_21db7298b084,acc_00373,199.00,SGD,completed,McDonald's,applepay,2026-08-05T08:03:27Z
txn_17343dc3cea7,acc_00309,548.11,SGD,completed,7-Eleven,applepay,2026-08-05T08:05:05Z
txn_5af3c4d59661,acc_00488,121.95,SGD,denied,Cold Storage,applepay,2026-08-05T08:05:23Z
txn_ae9d7db8d8f9,acc_00066,667.47,SGD,completed,7-Eleven,card,2026-08-05T08:05:31Z
txn_a1b09b49f7d4,acc_00193,288.12,SGD,completed,7-Eleven,grabpay,2026-08-05T08:05:38Z
txn_325a867b2e0e,acc_00199,663.71,MYR,denied,Lazada,grabpay,2026-08-05T08:05:45Z
txn_ec799ac379d6,acc_00397,785.46,SGD,completed,Shopee,paynow,2026-08-05T08:05:54Z
txn_2861228b859c,acc_00335,808.65,SGD,denied,Cold Storage,applepay,2026-08-05T08:06:55Z
txn_922040e5b4ac,acc_00288,188.15,SGD,completed,7-Eleven,card,2026-08-05T08:06:58Z
txn_04ece68f8a48,acc_00108,318.15,SGD,completed,McDonald's,googlepay,2026-08-05T08:07:45Z
txn_45e49cabbcd5,acc_00409,625.08,SGD,denied,Guardian,googlepay,2026-08-05T08:07:53Z
txn_5d0021c69658,acc_00176,340.86,SGD,denied,Starbucks,paynow,2026-08-05T08:08:21Z
txn_40cc71f5175f,acc_00488,533.54,SGD,completed,Shopee,googlepay,2026-08-05T08:08:31Z
txn_adf10856e809,acc_00146,151.12,SGD,completed,McDonald's,applepay,2026-08-05T08:08:32Z
txn_68ed9f1a1200,acc_00453,60.59,SGD,denied,Cold Storage,paynow,2026-08-05T08:08:53Z
txn_394d8a7d9382,acc_00326,410.84,SGD,pending,Watsons,grabpay,2026-08-05T08:08:59Z
txn_4a8b1e2092ae,acc_00496,819.64,SGD,denied,Grab,card,2026-08-05T08:09:22Z
txn_5d86cbf3fb75,acc_00373,355.79,SGD,denied,Grab,applepay,2026-08-05T08:09:28Z
txn_ea6df1529292,acc_00215,876.88,SGD,completed,NTUC FairPrice,googlepay,2026-08-05T08:09:45Z
txn_4838c62e57dc,acc_00181,95.48,SGD,completed,Shopee,applepay,2026-08-05T08:09:52Z
txn_ad1d2b0401cf,acc_00183,359.60,MYR,completed,Guardian,googlepay,2026-08-05T08:09:52Z
txn_52c6fdf27a69,acc_00367,338.40,SGD,pending,Starbucks,grabpay,2026-08-05T08:10:11Z
txn_4c4a9349b409,acc_00197,447.08,SGD,pending,McDonald's,card,2026-08-05T08:10:18Z
txn_59090c3674f2,acc_00197,828.39,SGD,completed,Watsons,applepay,2026-08-05T08:10:27Z
txn_1eb9965ea74a,acc_00426,525.46,SGD,pending,Grab,card,2026-08-05T08:10:36Z
txn_9d17fb034164,acc_00074,752.13,SGD,pending,Lazada,paynow,2026-08-05T08:10:37Z
txn_3c12ea8c408e,acc_00107,607.77,SGD,completed,7-Eleven,card,2026-08-05T08:10:45Z
txn_c06222aed690,acc_00192,395.69,SGD,pending,Grab,paynow,2026-08-05T08:10:51Z
txn_c633ae7b042f,acc_00344,654.52,SGD,pending,McDonald's,googlepay,2026-08-05T08:10:54Z
txn_c5db3006ebbf,acc_00302,595.91,SGD,pending,Grab,googlepay,2026-08-05T08:11:06Z
txn_2f1a427a7bf0,acc_00043,509.94,SGD,completed,NTUC FairPrice,grabpay,2026-08-05T08:11:10Z
txn_c68e912b028c,acc_00248,175.06,SGD,completed,Watsons,grabpay,2026-08-05T08:11:13Z
txn_9cdfb4153d0b,acc_00326,280.50,MYR,completed,Starbucks,applepay,2026-08-05T08:11:33Z
txn_63e2c518c2cb,acc_00017,253.34,SGD,denied,NTUC FairPrice,googlepay,2026-08-05T08:11:53Z
txn_0fd48dc496d6,acc_00077,271.65,SGD,denied,McDonald's,paynow,2026-08-05T08:12:16Z
txn_32b40522cea2,acc_00172,216.67,SGD,pending,Guardian,paynow,2026-08-05T08:12:28Z
txn_efa83103c0c2,acc_00157,849.15,SGD,pending,7-Eleven,grabpay,2026-08-05T08:12:35Z
txn_27d781b10eb9,acc_00233,233.01,SGD,pending,NTUC FairPrice,paynow,2026-08-05T08:12:47Z
txn_f3b403882799,acc_00348,180.19,SGD,completed,Starbucks,grabpay,2026-08-05T08:13:05Z
txn_0014da027608,acc_00420,355.03,MYR,completed,Starbucks,card,2026-08-05T08:13:17Z
txn_6484218b7c5a,acc_00168,546.12,SGD,completed,NTUC FairPrice,paynow,2026-08-05T08:13:33Z
txn_9080fbb14249,acc_00453,657.12,SGD,completed,7-Eleven,card,2026-08-05T08:13:47Z
txn_99ce5fb34074,acc_00215,353.42,SGD,completed,7-Eleven,card,2026-08-05T08:14:22Z
txn_a4edc34acc4c,acc_00025,743.34,SGD,completed,7-Eleven,applepay,2026-08-05T08:14:27Z
txn_568f553dd0ac,acc_00291,542.46,MYR,completed,Grab,paynow,2026-08-05T08:14:37Z
txn_bdb6637240ec,acc_00404,362.52,SGD,pending,Guardian,grabpay,2026-08-05T08:14:56Z
txn_07bac7180262,acc_00015,670.65,SGD,completed,Shopee,paynow,2026-08-05T08:14:57Z
txn_0be76e249b96,acc_00425,82.13,SGD,completed,Cold Storage,paynow,2026-08-05T08:15:23Z
txn_b84c41b62903,acc_00095,863.57,SGD,completed,Lazada,grabpay,2026-08-05T08:15:50Z
txn_8d7f1c6822ba,acc_00080,340.30,SGD,denied,McDonald's,paynow,2026-08-05T08:16:04Z
txn_db0b7d6f0cb4,acc_00093,751.67,SGD,pending,Lazada,googlepay,2026-08-05T08:17:05Z
txn_aadf84d12596,acc_00343,758.22,SGD,pending,Lazada,card,2026-08-05T08:17:18Z
txn_07e9b2ffdee0,acc_00012,448.84,SGD,completed,Watsons,grabpay,2026-08-05T08:17:30Z
txn_2e85000ce6f4,acc_00102,673.00,SGD,completed,Grab,grabpay,2026-08-05T08:17:35Z
txn_d304c8f95d51,acc_00302,117.60,SGD,completed,Cold Storage,googlepay,2026-08-05T08:17:59Z
txn_6982a6af731c,acc_00372,676.79,SGD,pending,Guardian,card,2026-08-05T08:18:27Z
txn_81d4304456de,acc_00185,567.42,SGD,completed,Watsons,applepay,2026-08-05T08:18:28Z
txn_5d7b3790fda1,acc_00208,764.38,SGD,completed,Shopee,grabpay,2026-08-05T08:18:32Z
txn_c837d82a7bda,acc_00267,867.02,SGD,completed,NTUC FairPrice,applepay,2026-08-05T08:18:47Z
txn_463fd606d40d,acc_00167,861.13,SGD,denied,Starbucks,grabpay,2026-08-05T08:19:39Z
txn_51bfe3019e1c,acc_00106,525.11,SGD,completed,Grab,grabpay,2026-08-05T08:19:54Z
txn_a082fe2a15dc,acc_00066,701.84,MYR,pending,NTUC FairPrice,card,2026-08-05T08:19:57Z
txn_a5a27f9f24d0,acc_00296,714.94,SGD,completed,7-Eleven,googlepay,2026-08-05T08:20:05Z
txn_5f292d990936,acc_00108,327.48,SGD,completed,Watsons,applepay,2026-08-05T08:20:59Z
txn_f1a77fe0486c,acc_00238,606.96,SGD,pending,Watsons,applepay,2026-08-05T08:21:42Z
txn_6c52feb38a64,acc_00298,553.05,SGD,pending,NTUC FairPrice,googlepay,2026-08-05T08:21:43Z
txn_8a6e4226fae9,acc_00170,362.64,SGD,completed,Lazada,card,2026-08-05T08:21:50Z
txn_1464e71e29b0,acc_00290,778.89,SGD,denied,McDonald's,grabpay,2026-08-05T08:22:42Z
txn_3ad49f9e9d31,acc_00037,338.57,SGD,completed,Grab,applepay,2026-08-05T08:23:18Z
txn_65db75e2b17d,acc_00394,410.53,SGD,completed,McDonald's,applepay,2026-08-05T08:24:14Z
txn_5560a87c2272,acc_00137,546.02,MYR,completed,Guardian,paynow,2026-08-05T08:24:26Z
txn_960ea3ac1bb1,acc_00100,168.64,SGD,completed,NTUC FairPrice,card,2026-08-05T08:25:56Z
txn_09e3a01db9cb,acc_00377,747.19,MYR,pending,Lazada,applepay,2026-08-05T08:26:00Z
txn_04cc4ed74cee,acc_00189,234.47,MYR,denied,Shopee,grabpay,2026-08-05T08:26:48Z
txn_f21531ed94d4,acc_00093,225.25,MYR,pending,NTUC FairPrice,grabpay,2026-08-05T08:27:00Z
txn_faecc7790f79,acc_00135,62.77,SGD,completed,Lazada,applepay,2026-08-05T08:27:03Z
txn_a3ba2fcb00f2,acc_00054,248.63,SGD,completed,Cold Storage,applepay,2026-08-05T08:28:00Z
txn_dfc8d843b2c0,acc_00087,646.20,SGD,completed,Shopee,card,2026-08-05T08:29:34Z
txn_0f35742e90e3,acc_00435,533.74,SGD,completed,Lazada,paynow,2026-08-05T08:29:38Z
txn_fa37f4f67e21,acc_00271,367.36,SGD,pending,NTUC FairPrice,googlepay,2026-08-05T08:29:49Z
txn_3544929fd18f,acc_00010,403.75,SGD,completed,Lazada,grabpay,2026-08-05T08:29:57Z
txn_f556edc548e6,acc_00042,479.24,SGD,completed,NTUC FairPrice,applepay,2026-08-05T08:30:05Z
txn_10e51c934269,acc_00188,409.07,SGD,denied,Shopee,applepay,2026-08-05T08:30:08Z
txn_e5e3f04c0c52,acc_00359,749.12,SGD,completed,McDonald's,grabpay,2026-08-05T08:30:19Z
txn_3aa783909c91,acc_00133,90.16,SGD,denied,Cold Storage,grabpay,2026-08-05T08:30:38Z
txn_11395fc3e0ce,acc_00265,699.42,SGD,completed,7-Eleven,applepay,2026-08-05T08:32:05Z
txn_4ad25aece984,acc_00022,389.70,SGD,denied,Lazada,paynow,2026-08-05T08:32:13Z
txn_b961ea8d0ad5,acc_00083,37.87,SGD,completed,McDonald's,grabpay,2026-08-05T08:32:17Z
txn_4187972fccba,acc_00024,851.76,SGD,pending,Grab,card,2026-08-05T08:32:55Z
txn_de6d382fdc6c,acc_00476,862.54,MYR,completed,Starbucks,applepay,2026-08-05T08:33:36Z
txn_bcf265cbb349,acc_00303,612.28,SGD,completed,7-Eleven,grabpay,2026-08-05T08:34:03Z
txn_b9f43bdf73a1,acc_00110,648.10,SGD,denied,McDonald's,applepay,2026-08-05T08:34:08Z
txn_492205753976,acc_00199,9.56,SGD,completed,Cold Storage,card,2026-08-05T08:34:22Z
txn_ac01da789c71,acc_00093,369.15,SGD,completed,Cold Storage,grabpay,2026-08-05T08:34:25Z
txn_0c2798038d33,acc_00093,515.33,MYR,completed,Grab,grabpay,2026-08-05T08:35:07Z
txn_77d64ad47527,acc_00141,478.20,SGD,pending,Guardian,card,2026-08-05T08:35:07Z
txn_dbfe1aa5692e,acc_00499,862.29,SGD,completed,7-Eleven,googlepay,2026-08-05T08:35:13Z
txn_07ab07e1529a,acc_00462,859.68,SGD,completed,Starbucks,paynow,2026-08-05T08:35:38Z
txn_8f9a465d8115,acc_00405,154.01,SGD,completed,Cold Storage,applepay,2026-08-05T08:36:09Z
txn_518aa64f74d9,acc_00349,90.33,SGD,completed,7-Eleven,googlepay,2026-08-05T08:36:18Z
txn_3dea03fd8410,acc_00064,408.87,MYR,completed,Guardian,applepay,2026-08-05T08:36:28Z
txn_f46b13f1717b,acc_00243,216.43,SGD,completed,7-Eleven,googlepay,2026-08-05T08:37:10Z
txn_a33a7d494493,acc_00116,169.25,MYR,completed,Guardian,applepay,2026-08-05T08:37:11Z
txn_f9c48de5acce,acc_00167,327.03,SGD,completed,Watsons,grabpay,2026-08-05T08:38:02Z
txn_87e4e6979e38,acc_00423,25.11,SGD,completed,Shopee,applepay,2026-08-05T08:38:21Z
txn_f20b9e01b68a,acc_00371,702.30,SGD,completed,Starbucks,card,2026-08-05T08:38:57Z
txn_55c19605e712,acc_00482,655.19,SGD,pending,Grab,grabpay,2026-08-05T08:39:07Z
txn_75b16917b1a6,acc_00305,286.29,SGD,pending,Starbucks,card,2026-08-05T08:39:21Z
txn_d462716c12ed,acc_00057,595.79,SGD,completed,NTUC FairPrice,grabpay,2026-08-05T08:39:46Z
txn_548a7b78d661,acc_00413,271.66,SGD,denied,Guardian,paynow,2026-08-05T08:40:12Z
txn_01640a8f8a6d,acc_00406,866.94,SGD,completed,Watsons,applepay,2026-08-05T08:40:24Z
txn_c8bc905835a9,acc_00115,649.53,SGD,completed,NTUC FairPrice,paynow,2026-08-05T08:40:34Z
txn_e1350aee9d5c,acc_00307,6.69,SGD,completed,Lazada,grabpay,2026-08-05T08:41:05Z
txn_364b36af47ba,acc_00430,714.75,SGD,denied,Grab,card,2026-08-05T08:41:15Z
txn_61f60009911a,acc_00085,802.96,SGD,completed,Grab,card,2026-08-05T08:41:36Z
txn_c3a59276ee42,acc_00174,263.53,MYR,pending,NTUC FairPrice,applepay,2026-08-05T08:42:20Z
txn_16bbcc38c0ed,acc_00364,382.56,SGD,denied,McDonald's,grabpay,2026-08-05T08:42:34Z
txn_a981bfd262b7,acc_00106,130.92,SGD,denied,McDonald's,applepay,2026-08-05T08:42:39Z
txn_a6e8b1ecea8e,acc_00281,468.29,SGD,completed,Starbucks,applepay,2026-08-05T08:42:41Z
txn_0bd73ca8ce4b,acc_00266,547.21,SGD,pending,Cold Storage,card,2026-08-05T08:42:50Z
txn_4237b72e9e20,acc_00024,377.64,MYR,completed,Grab,googlepay,2026-08-05T08:42:53Z
txn_4e259d119533,acc_00293,345.70,SGD,pending,7-Eleven,paynow,2026-08-05T08:43:40Z
txn_601b4c1e4045,acc_00149,223.37,MYR,completed,Shopee,googlepay,2026-08-05T08:44:15Z
txn_b609a9df38d6,acc_00213,86.16,SGD,completed,NTUC FairPrice,paynow,2026-08-05T08:44:20Z
txn_10b846cafd01,acc_00068,16.46,SGD,denied,Shopee,card,2026-08-05T08:44:31Z
txn_7d02eb7745bd,acc_00483,195.99,MYR,denied,Shopee,card,2026-08-05T08:44:35Z
txn_34a5f23fecd4,acc_00395,382.58,SGD,pending,NTUC FairPrice,paynow,2026-08-05T08:44:52Z
txn_8c1f0d90a89b,acc_00283,643.57,SGD,completed,Starbucks,paynow,2026-08-05T08:45:08Z
txn_5480bd5bb57d,acc_00006,102.51,MYR,completed,Cold Storage,applepay,2026-08-05T08:45:46Z
txn_c88aa5ae5011,acc_00167,760.75,SGD,pending,7-Eleven,googlepay,2026-08-05T08:45:51Z
txn_c2a954f6c30d,acc_00064,272.34,SGD,completed,7-Eleven,card,2026-08-05T08:45:51Z
txn_71bf4be07632,acc_00318,197.65,SGD,completed,NTUC FairPrice,grabpay,2026-08-05T08:46:18Z
txn_a67096bc13bd,acc_00048,76.96,SGD,pending,Starbucks,grabpay,2026-08-05T08:47:17Z
txn_147378c0c3de,acc_00447,784.64,SGD,completed,Watsons,googlepay,2026-08-05T08:47:20Z
txn_fc75e8b2c330,acc_00416,350.74,SGD,completed,Cold Storage,card,2026-08-05T08:47:24Z
txn_0fa0899fd807,acc_00360,582.19,SGD,completed,McDonald's,applepay,2026-08-05T08:47:25Z
txn_adf8b1eb0215,acc_00259,824.85,SGD,completed,Grab,grabpay,2026-08-05T08:47:26Z
txn_0f8e854dd0bb,acc_00137,722.57,SGD,denied,Starbucks,applepay,2026-08-05T08:48:12Z
txn_5dc80d35f6df,acc_00389,712.42,SGD,pending,McDonald's,applepay,2026-08-05T08:48:33Z
txn_fac07afd76bd,acc_00108,885.56,SGD,completed,NTUC FairPrice,card,2026-08-05T08:48:52Z
txn_4def97da4c72,acc_00128,550.01,SGD,completed,Shopee,grabpay,2026-08-05T08:49:16Z
txn_ec8368879a59,acc_00353,332.94,SGD,pending,Starbucks,paynow,2026-08-05T08:49:25Z
txn_b7ffc8bba3ed,acc_00305,188.39,SGD,pending,Grab,applepay,2026-08-05T08:51:00Z
txn_5c727421d9f8,acc_00340,192.86,MYR,completed,NTUC FairPrice,grabpay,2026-08-05T08:52:05Z
txn_76f0bb308c0e,acc_00273,416.22,MYR,pending,Lazada,googlepay,2026-08-05T08:52:21Z
txn_cecf67b33115,acc_00415,640.42,SGD,completed,Grab,paynow,2026-08-05T08:52:50Z
txn_065ed960d577,acc_00454,567.71,SGD,pending,McDonald's,applepay,2026-08-05T08:52:59Z
txn_6bb3c19ed33f,acc_00461,209.73,MYR,pending,NTUC FairPrice,googlepay,2026-08-05T08:53:11Z
txn_7ba6772e869a,acc_00098,820.01,SGD,pending,Watsons,grabpay,2026-08-05T08:53:31Z
txn_7aa6bcce6021,acc_00077,227.83,SGD,pending,Lazada,card,2026-08-05T08:53:43Z
txn_afc03ccc4c0f,acc_00163,285.93,MYR,pending,Lazada,applepay,2026-08-05T08:53:49Z
txn_e5447ebb034a,acc_00173,426.67,MYR,completed,Shopee,card,2026-08-05T08:53:58Z
txn_ac3c24766b7a,acc_00344,242.11,SGD,denied,Shopee,googlepay,2026-08-05T08:54:47Z
txn_5d6cd0178b41,acc_00446,144.46,SGD,completed,Shopee,card,2026-08-05T08:55:18Z
txn_98f6e7f96659,acc_00257,185.10,SGD,completed,Watsons,paynow,2026-08-05T08:55:33Z
txn_748036e2bf29,acc_00302,270.72,SGD,denied,Grab,applepay,2026-08-05T08:55:42Z
txn_e24acccc94dd,acc_00405,571.01,SGD,completed,McDonald's,grabpay,2026-08-05T08:56:35Z
txn_bf057a3b7938,acc_00390,333.61,SGD,completed,Watsons,paynow,2026-08-05T08:56:37Z
txn_12eb2066a118,acc_00390,649.62,SGD,denied,Guardian,grabpay,2026-08-05T08:57:09Z
txn_d6712893df4b,acc_00044,791.82,SGD,completed,Lazada,googlepay,2026-08-05T08:57:10Z
txn_0005a918ffcd,acc_00274,120.71,SGD,completed,McDonald's,grabpay,2026-08-05T08:57:24Z
txn_df7c42089071,acc_00013,349.27,SGD,pending,Lazada,grabpay,2026-08-05T08:57:33Z
txn_51aa4c61e1ff,acc_00414,286.41,SGD,completed,NTUC FairPrice,grabpay,2026-08-05T08:57:46Z
txn_feb46d99c22f,acc_00035,608.50,SGD,pending,Grab,googlepay,2026-08-05T08:57:51Z
txn_aef173641710,acc_00402,404.52,SGD,denied,Grab,grabpay,2026-08-05T08:57:52Z
txn_cdfc626d29e9,acc_00320,176.29,SGD,completed,Shopee,grabpay,2026-08-05T08:58:01Z
txn_e4e57ef0304a,acc_00070,650.83,SGD,completed,McDonald's,grabpay,2026-08-05T08:58:15Z
txn_41da3e85658c,acc_00489,12.17,SGD,completed,Grab,grabpay,2026-08-05T08:58:42Z
txn_665073cbb60c,acc_00087,316.54,MYR,completed,Grab,applepay,2026-08-05T08:59:21Z
txn_434684273e80,acc_00179,381.22,SGD,completed,Watsons,grabpay,2026-08-05T08:59:23Z
txn_675d0d00213b,acc_00096,180.99,SGD,denied,NTUC FairPrice,card,2026-08-05T09:00:26Z
txn_a513a34cfc43,acc_00050,198.99,SGD,pending,McDonald's,grabpay,2026-08-05T09:00:26Z
txn_4a7d69032564,acc_00444,591.16,SGD,completed,Shopee,grabpay,2026-08-05T09:00:47Z
txn_e62428151645,acc_00180,866.86,SGD,denied,NTUC FairPrice,grabpay,2026-08-05T09:00:50Z
txn_d59e102ce2f5,acc_00146,601.06,MYR,completed,Starbucks,googlepay,2026-08-05T09:00:57Z
txn_0e7bb3a2502e,acc_00206,603.15,SGD,completed,McDonald's,grabpay,2026-08-05T09:01:52Z
txn_2dd6c63269b8,acc_00376,56.85,SGD,denied,Watsons,grabpay,2026-08-05T09:02:15Z
txn_531a9c918581,acc_00212,860.00,SGD,denied,NTUC FairPrice,grabpay,2026-08-05T09:02:19Z
txn_f1587fce71f2,acc_00194,347.13,SGD,completed,NTUC FairPrice,paynow,2026-08-05T09:02:30Z
txn_e535f3be9ce3,acc_00019,537.21,SGD,completed,Watsons,applepay,2026-08-05T09:03:08Z
txn_05af4cd91813,acc_00374,412.31,SGD,completed,7-Eleven,grabpay,2026-08-05T09:03:17Z
txn_ac5aa7c9e177,acc_00009,856.29,SGD,completed,NTUC FairPrice,paynow,2026-08-05T09:03:56Z
txn_578400035419,acc_00012,829.41,MYR,denied,Cold Storage,paynow,2026-08-05T09:04:02Z
txn_dddf59888f91,acc_00145,642.06,SGD,completed,Lazada,applepay,2026-08-05T09:04:10Z
txn_553fd2d008a9,acc_00412,862.26,SGD,pending,NTUC FairPrice,googlepay,2026-08-05T09:04:22Z
txn_8eb17cebafea,acc_00421,644.12,SGD,denied,NTUC FairPrice,grabpay,2026-08-05T09:04:35Z
txn_34d79a4f0a39,acc_00216,897.09,SGD,pending,NTUC FairPrice,grabpay,2026-08-05T09:04:45Z
txn_722e03d25659,acc_00047,891.15,SGD,pending,Grab,paynow,2026-08-05T09:04:57Z
txn_2ff5ac438bd0,acc_00390,387.48,MYR,completed,Watsons,paynow,2026-08-05T09:04:58Z
txn_a8ac362c944c,acc_00322,276.73,MYR,completed,Grab,paynow,2026-08-05T09:05:16Z
txn_ba67b654dc07,acc_00294,126.08,SGD,pending,7-Eleven,grabpay,2026-08-05T09:05:17Z
txn_93403fbdecf7,acc_00006,206.34,SGD,denied,NTUC FairPrice,card,2026-08-05T09:05:57Z
txn_773875ec57e8,acc_00451,515.70,SGD,completed,Starbucks,card,2026-08-05T09:06:05Z
txn_39d62b97ea94,acc_00341,495.83,MYR,pending,McDonald's,applepay,2026-08-05T09:06:06Z
txn_505382fe7819,acc_00289,393.64,SGD,denied,Shopee,paynow,2026-08-05T09:06:10Z
txn_ecb07ca9501d,acc_00382,728.58,SGD,denied,Starbucks,paynow,2026-08-05T09:06:20Z
txn_634a043aa626,acc_00334,516.22,SGD,completed,Watsons,googlepay,2026-08-05T09:06:36Z
txn_a2f363d364d2,acc_00107,798.73,SGD,completed,McDonald's,card,2026-08-05T09:06:41Z
txn_0653f35cd446,acc_00225,74.70,SGD,pending,7-Eleven,googlepay,2026-08-05T09:06:56Z
txn_15ae980d29c0,acc_00363,824.47,SGD,denied,Watsons,card,2026-08-05T09:06:59Z
txn_fdaf1d0800a3,acc_00373,803.49,SGD,completed,NTUC FairPrice,googlepay,2026-08-05T09:07:11Z
txn_9576e61b5101,acc_00338,285.02,MYR,completed,NTUC FairPrice,paynow,2026-08-05T09:07:26Z
txn_dbdbbfa03a9f,acc_00427,271.98,SGD,pending,Starbucks,applepay,2026-08-05T09:07:36Z
txn_724f99168c52,acc_00108,646.55,SGD,completed,Watsons,applepay,2026-08-05T09:08:34Z
txn_90a9e28710fe,acc_00268,617.30,MYR,completed,Watsons,googlepay,2026-08-05T09:08:50Z
txn_2345bbe9115b,acc_00214,861.13,SGD,denied,NTUC FairPrice,card,2026-08-05T09:09:03Z
txn_25b441d41e02,acc_00306,59.52,SGD,denied,McDonald's,googlepay,2026-08-05T09:09:13Z
txn_51ac693120fb,acc_00251,276.97,SGD,completed,NTUC FairPrice,card,2026-08-05T09:09:15Z
txn_6cd2c8634e2a,acc_00269,95.76,SGD,completed,Lazada,grabpay,2026-08-05T09:10:16Z
txn_d26e96668ae5,acc_00368,300.21,SGD,completed,NTUC FairPrice,paynow,2026-08-05T09:10:18Z
txn_6fc41808e2aa,acc_00275,116.89,SGD,completed,Shopee,card,2026-08-05T09:10:25Z
txn_776424d54cab,acc_00069,890.00,MYR,denied,Lazada,paynow,2026-08-05T09:11:35Z
txn_5d47a9da1a3d,acc_00304,519.42,SGD,pending,McDonald's,paynow,2026-08-05T09:11:45Z
txn_00de7c8e3f15,acc_00436,462.51,SGD,completed,Lazada,googlepay,2026-08-05T09:12:07Z
txn_697ec1b952e0,acc_00079,852.85,SGD,completed,7-Eleven,applepay,2026-08-05T09:12:12Z
txn_cc1853e73d79,acc_00421,279.08,MYR,completed,NTUC FairPrice,paynow,2026-08-05T09:12:38Z
txn_ab05605c84af,acc_00407,594.65,MYR,completed,McDonald's,card,2026-08-05T09:12:42Z
txn_56d04f3c3634,acc_00140,32.59,SGD,pending,Starbucks,card,2026-08-05T09:12:46Z
txn_115e9a6c9039,acc_00159,117.30,SGD,completed,Watsons,grabpay,2026-08-05T09:13:09Z
txn_80432949ef5a,acc_00126,7.54,SGD,denied,Starbucks,googlepay,2026-08-05T09:13:17Z
txn_c821423b6e38,acc_00082,567.17,SGD,denied,Watsons,card,2026-08-05T09:13:22Z
txn_ee4a224d7292,acc_00067,339.92,MYR,completed,Grab,paynow,2026-08-05T09:13:25Z
txn_3acccbaba02f,acc_00159,93.57,SGD,completed,Cold Storage,applepay,2026-08-05T09:13:46Z
txn_544bdbe81911,acc_00299,180.46,SGD,pending,McDonald's,paynow,2026-08-05T09:14:26Z
txn_c51d587a568f,acc_00115,405.72,SGD,completed,Lazada,googlepay,2026-08-05T09:15:10Z
txn_758dba5179ba,acc_00131,236.45,SGD,pending,McDonald's,card,2026-08-05T09:15:15Z
txn_2b2ad3ad32b6,acc_00024,807.44,SGD,completed,Starbucks,card,2026-08-05T09:15:30Z
txn_2333e720b418,acc_00186,717.72,SGD,completed,NTUC FairPrice,applepay,2026-08-05T09:15:53Z
txn_28ce0e77996d,acc_00239,93.83,SGD,denied,McDonald's,card,2026-08-05T09:15:55Z
txn_772678a8d543,acc_00412,667.89,MYR,completed,Starbucks,paynow,2026-08-05T09:16:00Z
txn_1681185ae271,acc_00496,376.31,SGD,completed,Starbucks,paynow,2026-08-05T09:17:02Z
txn_eefca4864287,acc_00246,679.16,SGD,denied,Watsons,paynow,2026-08-05T09:17:09Z
txn_bc55c1597c46,acc_00214,720.02,SGD,pending,Watsons,googlepay,2026-08-05T09:17:22Z
txn_e2fdaf9680aa,acc_00232,249.33,SGD,pending,Grab,card,2026-08-05T09:17:22Z
txn_d77554a0d222,acc_00429,247.93,SGD,pending,NTUC FairPrice,googlepay,2026-08-05T09:17:22Z
txn_1520da2da768,acc_00061,671.09,SGD,completed,7-Eleven,paynow,2026-08-05T09:17:40Z
txn_8f82c071fe01,acc_00342,897.73,SGD,completed,Shopee,card,2026-08-05T09:18:11Z
txn_cb5e16434cfd,acc_00373,862.50,SGD,completed,Grab,paynow,2026-08-05T09:19:10Z
txn_b4126e8932e1,acc_00321,734.78,SGD,completed,Cold Storage,paynow,2026-08-05T09:19:12Z
txn_174fe02b3d5a,acc_00036,422.77,SGD,completed,7-Eleven,applepay,2026-08-05T09:19:18Z
txn_e8d1aea0c975,acc_00325,185.19,SGD,completed,Cold Storage,paynow,2026-08-05T09:20:12Z
txn_3ae578dfda41,acc_00114,664.87,SGD,completed,Grab,card,2026-08-05T09:20:14Z
txn_1511b579e24a,acc_00298,281.09,SGD,completed,Shopee,card,2026-08-05T09:20:29Z
txn_26755f6002aa,acc_00125,863.10,SGD,pending,Grab,applepay,2026-08-05T09:20:31Z
txn_5db5df44f4e7,acc_00439,543.93,SGD,completed,McDonald's,applepay,2026-08-05T09:21:07Z
txn_26a57479a2b9,acc_00118,343.40,SGD,pending,Watsons,grabpay,2026-08-05T09:22:08Z
txn_d3c3dd7371d8,acc_00059,556.76,SGD,denied,Lazada,applepay,2026-08-05T09:23:13Z
txn_906a93172f76,acc_00460,550.26,SGD,completed,McDonald's,paynow,2026-08-05T09:23:37Z
txn_4147103edf2f,acc_00343,414.99,SGD,denied,7-Eleven,applepay,2026-08-05T09:23:47Z
txn_78d3c9824a7d,acc_00425,669.45,SGD,completed,Watsons,paynow,2026-08-05T09:24:04Z
txn_2059d033a205,acc_00263,37.67,MYR,completed,NTUC FairPrice,paynow,2026-08-05T09:24:10Z
txn_adf1c65fd070,acc_00151,37.45,SGD,completed,Cold Storage,paynow,2026-08-05T09:24:13Z
txn_428ccff1fe0f,acc_00029,72.72,SGD,completed,Guardian,googlepay,2026-08-05T09:24:17Z
txn_596e2a45cd50,acc_00491,625.86,SGD,completed,Guardian,card,2026-08-05T09:24:25Z
txn_341255506208,acc_00005,300.27,SGD,completed,McDonald's,card,2026-08-05T09:24:57Z
txn_aa8bfb9d5fe0,acc_00050,755.95,SGD,pending,7-Eleven,card,2026-08-05T09:24:57Z
txn_c742a759facc,acc_00108,666.65,SGD,completed,Watsons,googlepay,2026-08-05T09:25:02Z
txn_4a76e2f19715,acc_00357,10.45,SGD,pending,Watsons,googlepay,2026-08-05T09:25:25Z
txn_b95805abad64,acc_00305,794.11,SGD,pending,Guardian,paynow,2026-08-05T09:25:55Z
txn_578ffd97a5a3,acc_00403,615.14,SGD,denied,Starbucks,grabpay,2026-08-05T09:25:57Z
txn_034241d1736b,acc_00101,864.55,SGD,completed,Starbucks,paynow,2026-08-05T09:26:02Z
txn_44459e9bf360,acc_00225,839.42,SGD,completed,NTUC FairPrice,card,2026-08-05T09:26:53Z
txn_2f5ec0c31b01,acc_00309,602.82,SGD,denied,7-Eleven,applepay,2026-08-05T09:27:03Z
txn_3c5e5a801e9a,acc_00392,507.60,SGD,completed,7-Eleven,grabpay,2026-08-05T09:27:05Z
txn_1a6a5fd2ad1b,acc_00274,637.22,SGD,pending,NTUC FairPrice,card,2026-08-05T09:27:08Z
txn_6930c9d11f7c,acc_00088,81.49,SGD,denied,NTUC FairPrice,card,2026-08-05T09:27:17Z
txn_610df028c893,acc_00372,381.91,SGD,completed,NTUC FairPrice,grabpay,2026-08-05T09:27:26Z
txn_6352fe7b2d19,acc_00072,82.68,SGD,pending,Shopee,applepay,2026-08-05T09:27:35Z
txn_bac9814f630f,acc_00228,413.56,MYR,completed,Cold Storage,paynow,2026-08-05T09:27:59Z
txn_9d4d41ad05d7,acc_00476,596.18,SGD,completed,Watsons,applepay,2026-08-05T09:28:03Z
txn_3d34cf2ac144,acc_00277,202.01,MYR,completed,Starbucks,grabpay,2026-08-05T09:28:13Z
txn_563cdb34da94,acc_00097,135.89,SGD,completed,NTUC FairPrice,applepay,2026-08-05T09:28:28Z
txn_f740842f8dca,acc_00068,871.32,SGD,completed,Guardian,paynow,2026-08-05T09:28:36Z
txn_2e8bf8b15997,acc_00403,164.65,SGD,pending,McDonald's,grabpay,2026-08-05T09:28:43Z
txn_dbb0dd09301f,acc_00374,699.12,SGD,pending,McDonald's,grabpay,2026-08-05T09:28:57Z
txn_e096cf09b0b7,acc_00182,202.93,SGD,pending,7-Eleven,grabpay,2026-08-05T09:29:12Z
txn_07c73e19a502,acc_00422,82.80,SGD,pending,Shopee,card,2026-08-05T09:29:37Z
txn_efb765a90243,acc_00458,739.01,SGD,completed,Grab,paynow,2026-08-05T09:30:22Z
txn_0fc9f5dc07bf,acc_00232,68.65,SGD,completed,NTUC FairPrice,grabpay,2026-08-05T09:30:26Z
txn_904606e08b41,acc_00348,883.07,SGD,completed,NTUC FairPrice,card,2026-08-05T09:30:37Z
txn_b51163820f00,acc_00466,533.61,SGD,pending,7-Eleven,paynow,2026-08-05T09:30:42Z
txn_021251bd08be,acc_00223,421.91,SGD,denied,NTUC FairPrice,card,2026-08-05T09:30:47Z
txn_e562727e0be3,acc_00472,440.59,SGD,pending,NTUC FairPrice,card,2026-08-05T09:31:30Z
txn_c3a3b3c18b2e,acc_00017,123.26,SGD,denied,Guardian,paynow,2026-08-05T09:31:35Z
txn_5cbb0c14d50a,acc_00473,255.32,SGD,completed,Cold Storage,grabpay,2026-08-05T09:31:44Z
txn_0b7e4036378e,acc_00332,551.77,SGD,completed,McDonald's,paynow,2026-08-05T09:31:52Z
txn_538b805cbe58,acc_00343,699.91,SGD,completed,NTUC FairPrice,paynow,2026-08-05T09:31:59Z
txn_34fb0cf1c44a,acc_00223,389.62,SGD,completed,7-Eleven,applepay,2026-08-05T09:32:38Z
txn_f3533b5c2017,acc_00194,665.11,SGD,denied,Lazada,applepay,2026-08-05T09:33:12Z
txn_e627b2772dab,acc_00395,824.90,SGD,denied,Grab,googlepay,2026-08-05T09:33:18Z
txn_b0df393042ff,acc_00028,26.16,SGD,denied,Grab,card,2026-08-05T09:33:20Z
txn_abf3460cdbe6,acc_00281,433.73,SGD,completed,Grab,paynow,2026-08-05T09:33:42Z
txn_2c5ebbe46017,acc_00235,130.73,SGD,completed,Watsons,googlepay,2026-08-05T09:33:58Z
txn_c8f1b983785f,acc_00364,353.62,SGD,completed,McDonald's,googlepay,2026-08-05T09:34:12Z
txn_e09455299e19,acc_00252,503.06,SGD,completed,NTUC FairPrice,applepay,2026-08-05T09:34:41Z
txn_59d3edf2c8f5,acc_00066,450.54,SGD,completed,Starbucks,grabpay,2026-08-05T09:35:00Z
txn_c4037b4d4f43,acc_00021,882.57,SGD,completed,Watsons,grabpay,2026-08-05T09:35:13Z
txn_2ede3443f2e9,acc_00175,102.62,SGD,completed,McDonald's,card,2026-08-05T09:35:22Z
txn_4542786c6911,acc_00211,416.65,SGD,completed,Starbucks,applepay,2026-08-05T09:35:29Z
txn_26dbc9221944,acc_00123,652.60,SGD,denied,Guardian,applepay,2026-08-05T09:35:59Z
txn_c052aed268ab,acc_00453,706.98,SGD,completed,Cold Storage,card,2026-08-05T09:36:07Z
txn_184111cfe035,acc_00415,115.81,SGD,completed,Shopee,card,2026-08-05T09:36:23Z
txn_e45a95d40e9a,acc_00498,277.44,SGD,denied,Starbucks,grabpay,2026-08-05T09:36:31Z
txn_b76f29052bdf,acc_00292,820.98,MYR,pending,NTUC FairPrice,card,2026-08-05T09:36:57Z
txn_77d8b0cc3216,acc_00091,297.45,SGD,denied,Cold Storage,grabpay,2026-08-05T09:37:09Z
txn_bd5e8ac02c22,acc_00168,278.56,MYR,completed,NTUC FairPrice,applepay,2026-08-05T09:37:11Z
txn_ae6b8b1eb122,acc_00320,110.24,SGD,completed,Starbucks,paynow,2026-08-05T09:37:56Z
txn_f11dd8bc5cf7,acc_00098,198.38,SGD,denied,Cold Storage,grabpay,2026-08-05T09:38:01Z
txn_e37b27e58104,acc_00008,650.89,SGD,completed,Grab,applepay,2026-08-05T09:38:57Z
txn_6d8b00409457,acc_00326,797.07,SGD,completed,McDonald's,card,2026-08-05T09:39:21Z
txn_8a3993c20465,acc_00052,299.65,SGD,pending,Watsons,googlepay,2026-08-05T09:39:28Z
txn_ad7c4b563873,acc_00096,241.91,SGD,denied,McDonald's,grabpay,2026-08-05T09:40:09Z
txn_9d24cd170697,acc_00268,286.44,SGD,completed,7-Eleven,paynow,2026-08-05T09:40:14Z
txn_67e40597ce2e,acc_00197,493.25,SGD,denied,Starbucks,card,2026-08-05T09:40:18Z
txn_3a16a230ae68,acc_00299,739.48,SGD,denied,Starbucks,paynow,2026-08-05T09:40:25Z
txn_c2e8ca12db04,acc_00385,523.58,SGD,completed,7-Eleven,card,2026-08-05T09:40:48Z
txn_974f0a0a8b3b,acc_00384,803.74,SGD,pending,Grab,applepay,2026-08-05T09:40:49Z
txn_6de674ea5299,acc_00293,872.76,SGD,completed,Grab,googlepay,2026-08-05T09:40:51Z
txn_24c9d7e61a3b,acc_00371,613.93,SGD,completed,Lazada,grabpay,2026-08-05T09:41:07Z
txn_71330be09ad9,acc_00048,548.67,MYR,pending,Shopee,applepay,2026-08-05T09:41:40Z
txn_ac6582623541,acc_00112,848.29,SGD,pending,McDonald's,googlepay,2026-08-05T09:43:15Z
txn_be3ea244eb2c,acc_00003,367.94,SGD,pending,Shopee,grabpay,2026-08-05T09:43:23Z
txn_00b70f60e907,acc_00238,654.26,SGD,denied,McDonald's,card,2026-08-05T09:43:33Z
txn_487a46b1c4ec,acc_00033,863.58,SGD,completed,McDonald's,paynow,2026-08-05T09:43:53Z
txn_0eb5cf32b494,acc_00306,486.04,SGD,completed,Cold Storage,googlepay,2026-08-05T09:44:01Z
txn_33156d18c80e,acc_00264,506.58,SGD,completed,McDonald's,card,2026-08-05T09:44:18Z
txn_a7f2d4d863a7,acc_00089,239.18,SGD,pending,Starbucks,paynow,2026-08-05T09:44:37Z
txn_4efd665fb150,acc_00074,652.39,SGD,pending,McDonald's,grabpay,2026-08-05T09:44:40Z
txn_72e180235207,acc_00410,158.91,SGD,completed,Grab,applepay,2026-08-05T09:44:43Z
txn_e12143371951,acc_00500,483.97,SGD,completed,Watsons,paynow,2026-08-05T09:44:43Z
txn_8d760edc3ca6,acc_00113,887.87,SGD,denied,Shopee,card,2026-08-05T09:44:44Z
txn_fc6558af4ddb,acc_00491,222.52,SGD,completed,Guardian,grabpay,2026-08-05T09:44:58Z
txn_f263603f63f7,acc_00194,647.06,SGD,denied,Grab,applepay,2026-08-05T09:45:01Z
txn_f1ff886b057b,acc_00161,433.10,MYR,pending,McDonald's,card,2026-08-05T09:45:31Z
txn_2ca54f35482f,acc_00081,556.06,SGD,completed,Grab,grabpay,2026-08-05T09:45:54Z
txn_84e9bb5c367a,acc_00022,762.83,SGD,completed,Watsons,googlepay,2026-08-05T09:46:21Z
txn_12ea77815b02,acc_00203,800.88,SGD,completed,NTUC FairPrice,applepay,2026-08-05T09:46:43Z
txn_480897df016d,acc_00407,495.75,SGD,completed,Shopee,applepay,2026-08-05T09:46:50Z
txn_83bd4bc530a8,acc_00325,544.89,SGD,pending,Lazada,grabpay,2026-08-05T09:47:11Z
txn_1db1c0bd8025,acc_00123,466.15,MYR,completed,Cold Storage,googlepay,2026-08-05T09:47:15Z
txn_d21298b2e26f,acc_00238,342.98,SGD,completed,Watsons,googlepay,2026-08-05T09:48:09Z
txn_d7e1810915f0,acc_00158,540.35,SGD,pending,McDonald's,grabpay,2026-08-05T09:48:10Z
txn_1ae4a4e399df,acc_00070,365.55,MYR,pending,Guardian,grabpay,2026-08-05T09:48:25Z
txn_22f644f2567e,acc_00014,313.77,SGD,completed,Grab,paynow,2026-08-05T09:48:39Z
txn_6091c2a36d8b,acc_00259,484.08,SGD,denied,Watsons,applepay,2026-08-05T09:48:59Z
txn_35fc086c9d3e,acc_00071,149.50,SGD,completed,Starbucks,card,2026-08-05T09:49:30Z
txn_e29b929266f5,acc_00195,181.68,SGD,pending,Starbucks,card,2026-08-05T09:50:26Z
txn_a4d2d97af979,acc_00392,409.75,SGD,completed,McDonald's,card,2026-08-05T09:50:28Z
txn_cdefbd949db7,acc_00182,860.67,SGD,denied,Cold Storage,grabpay,2026-08-05T09:50:32Z
txn_f0457c803895,acc_00338,668.28,SGD,completed,7-Eleven,paynow,2026-08-05T09:50:52Z
txn_2a3200bdc7ab,acc_00307,666.00,SGD,denied,McDonald's,paynow,2026-08-05T09:50:56Z
txn_b96b19977dad,acc_00074,570.89,SGD,pending,Shopee,applepay,2026-08-05T09:51:21Z
txn_0551f70661a1,acc_00435,524.48,SGD,completed,Cold Storage,applepay,2026-08-05T09:51:33Z
txn_6a7fb1ed81eb,acc_00185,870.42,SGD,completed,Guardian,applepay,2026-08-05T09:51:41Z
txn_846a74085d05,acc_00161,286.90,SGD,completed,Guardian,applepay,2026-08-05T09:52:33Z
txn_5627af15714d,acc_00279,668.43,SGD,completed,McDonald's,grabpay,2026-08-05T09:52:33Z
txn_77bf972cffb8,acc_00023,231.77,SGD,completed,Lazada,googlepay,2026-08-05T09:52:37Z
txn_e97eafbee500,acc_00341,31.97,SGD,completed,Watsons,card,2026-08-05T09:53:02Z
txn_596d67e39e71,acc_00200,170.67,SGD,completed,7-Eleven,card,2026-08-05T09:53:05Z
txn_17466365d7cb,acc_00379,799.58,MYR,pending,NTUC FairPrice,googlepay,2026-08-05T09:53:35Z
txn_f2fe3de0b48e,acc_00311,225.95,SGD,denied,McDonald's,paynow,2026-08-05T09:53:53Z
txn_a0497075ee0c,acc_00248,894.09,SGD,completed,Lazada,grabpay,2026-08-05T09:53:55Z
txn_68170189c060,acc_00247,176.09,SGD,completed,Starbucks,grabpay,2026-08-05T09:54:03Z
txn_6a2c7e667d99,acc_00405,332.07,SGD,completed,Lazada,applepay,2026-08-05T09:54:08Z
txn_7482b1513e58,acc_00340,322.76,SGD,pending,McDonald's,googlepay,2026-08-05T09:55:05Z
txn_b48d2c0245d3,acc_00103,121.11,SGD,completed,Watsons,googlepay,2026-08-05T09:55:20Z
txn_75d0d0b390aa,acc_00204,453.21,SGD,completed,NTUC FairPrice,applepay,2026-08-05T09:55:28Z
txn_ad462c8efb89,acc_00251,732.80,SGD,pending,7-Eleven,googlepay,2026-08-05T09:55:32Z
txn_cc48b5497cfb,acc_00161,205.23,SGD,completed,McDonald's,applepay,2026-08-05T09:55:35Z
txn_52efacaf6d81,acc_00237,790.78,SGD,completed,Shopee,card,2026-08-05T09:55:39Z
txn_358894e3c04a,acc_00257,605.11,MYR,pending,Shopee,grabpay,2026-08-05T09:55:40Z
txn_7460ac0afc36,acc_00313,455.57,SGD,completed,Cold Storage,applepay,2026-08-05T09:56:24Z
txn_56cf90544de4,acc_00008,103.55,SGD,pending,Guardian,googlepay,2026-08-05T09:56:40Z
txn_cc7fbc62f7dd,acc_00333,701.74,SGD,completed,Guardian,paynow,2026-08-05T09:56:41Z
txn_0ea73582ede7,acc_00452,291.35,SGD,pending,Guardian,paynow,2026-08-05T09:57:40Z
txn_fecf00cee339,acc_00164,696.07,SGD,completed,Shopee,paynow,2026-08-05T09:57:46Z
txn_b4a76867531e,acc_00016,296.46,SGD,completed,Shopee,grabpay,2026-08-05T09:57:50Z
txn_11f8cdde0271,acc_00102,620.62,SGD,completed,NTUC FairPrice,grabpay,2026-08-05T09:58:02Z
txn_f249d01731b9,acc_00392,43.41,SGD,completed,Grab,card,2026-08-05T09:58:19Z
txn_338f1907868b,acc_00269,838.36,SGD,completed,Shopee,googlepay,2026-08-05T09:58:53Z
txn_c4dbbd389a45,acc_00081,107.75,MYR,denied,Starbucks,grabpay,2026-08-05T09:59:15Z
txn_b22c0b3df24e,acc_00382,893.36,SGD,completed,NTUC FairPrice,grabpay,2026-08-05T09:59:25Z
txn_f60a9f0782e2,acc_00432,496.54,SGD,pending,Shopee,card,2026-08-05T09:59:28Z
txn_0c4c7301007c,acc_00326,504.34,SGD,completed,NTUC FairPrice,paynow,2026-08-05T09:59:49Z
txn_955b670cced1,acc_00435,435.35,MYR,completed,McDonald's,googlepay,2026-08-05T10:00:09Z
txn_fd315eff1065,acc_00004,480.16,SGD,completed,NTUC FairPrice,googlepay,2026-08-05T10:00:10Z
txn_0fcac4c345db,acc_00479,456.89,SGD,denied,Shopee,applepay,2026-08-05T10:00:10Z
txn_001094ed660d,acc_00285,131.72,SGD,denied,Lazada,paynow,2026-08-05T10:00:31Z
txn_a3e3d9109bac,acc_00152,621.04,SGD,pending,Cold Storage,googlepay,2026-08-05T10:01:23Z
txn_ca171ee8436c,acc_00443,357.54,SGD,completed,Grab,applepay,2026-08-05T10:01:36Z
txn_737887f2e80b,acc_00094,396.46,SGD,pending,Watsons,grabpay,2026-08-05T10:02:32Z
txn_a63cabcaefd4,acc_00178,616.66,SGD,completed,Lazada,googlepay,2026-08-05T10:02:39Z
txn_460d1782a3a3,acc_00201,808.40,SGD,completed,Grab,paynow,2026-08-05T10:02:48Z
txn_825baef32d46,acc_00282,83.92,SGD,completed,NTUC FairPrice,card,2026-08-05T10:03:13Z
txn_e2f0a63743e2,acc_00433,403.39,SGD,completed,NTUC FairPrice,applepay,2026-08-05T10:03:19Z
txn_632d7d7ff175,acc_00433,502.05,SGD,completed,Guardian,card,2026-08-05T10:03:54Z
txn_1f7197042cd7,acc_00381,483.43,SGD,completed,Lazada,applepay,2026-08-05T10:04:01Z
txn_85d01235f2e4,acc_00192,517.06,SGD,pending,Cold Storage,paynow,2026-08-05T10:04:47Z
txn_7f8e09fa7ddc,acc_00425,648.78,SGD,pending,Grab,grabpay,2026-08-05T10:04:47Z
txn_edb5e9da637a,acc_00488,772.56,SGD,completed,Starbucks,card,2026-08-05T10:05:49Z
txn_5512c88c9cca,acc_00120,810.46,SGD,denied,NTUC FairPrice,applepay,2026-08-05T10:05:56Z
txn_647a7161adce,acc_00115,43.44,SGD,completed,NTUC FairPrice,paynow,2026-08-05T10:06:46Z
txn_3e79c42e418c,acc_00143,728.96,SGD,completed,Starbucks,grabpay,2026-08-05T10:07:01Z
txn_6f63b1271124,acc_00435,666.81,SGD,completed,Shopee,paynow,2026-08-05T10:07:01Z
txn_0abe7f28691a,acc_00168,51.89,SGD,denied,Watsons,paynow,2026-08-05T10:07:08Z
txn_852e02e6b3ab,acc_00329,36.52,MYR,pending,7-Eleven,paynow,2026-08-05T10:07:34Z
txn_b1d21b029b9b,acc_00021,687.38,SGD,pending,Watsons,applepay,2026-08-05T10:07:38Z
txn_4f05ca339e91,acc_00402,336.44,MYR,completed,NTUC FairPrice,googlepay,2026-08-05T10:07:51Z
txn_0a179ead8895,acc_00228,800.26,SGD,completed,Grab,paynow,2026-08-05T10:08:17Z
txn_f59dd1ec391c,acc_00493,657.99,SGD,completed,7-Eleven,paynow,2026-08-05T10:08:36Z
txn_89686d9c568b,acc_00454,154.46,SGD,denied,Grab,paynow,2026-08-05T10:08:40Z
txn_f5632e27419d,acc_00226,461.39,MYR,pending,Shopee,paynow,2026-08-05T10:08:47Z
txn_8babbe38d7da,acc_00423,658.59,SGD,completed,Lazada,card,2026-08-05T10:09:19Z
txn_62b07a12d5a9,acc_00477,781.74,SGD,pending,Grab,card,2026-08-05T10:09:49Z
txn_0c6a9fb0f184,acc_00080,762.26,SGD,denied,7-Eleven,googlepay,2026-08-05T10:10:05Z
txn_cdd5923cd9a4,acc_00390,874.88,SGD,completed,NTUC FairPrice,paynow,2026-08-05T10:10:36Z
txn_6b15497d431a,acc_00352,412.33,SGD,completed,Grab,paynow,2026-08-05T10:10:47Z
txn_36acf9e47608,acc_00442,152.91,SGD,completed,Watsons,grabpay,2026-08-05T10:10:49Z
txn_f8a701be6cd6,acc_00258,96.18,SGD,pending,Guardian,applepay,2026-08-05T10:11:11Z
txn_19ec0c05d61b,acc_00021,2.98,SGD,completed,Cold Storage,applepay,2026-08-05T10:12:01Z
txn_f62acaf7b4f1,acc_00469,336.64,SGD,completed,7-Eleven,grabpay,2026-08-05T10:12:01Z
txn_3985aa2e774d,acc_00416,58.15,SGD,pending,NTUC FairPrice,googlepay,2026-08-05T10:12:05Z
txn_efcc15a8f0b0,acc_00429,632.18,SGD,pending,NTUC FairPrice,card,2026-08-05T10:12:06Z
txn_74e43efb4068,acc_00095,706.18,SGD,denied,Watsons,paynow,2026-08-05T10:12:23Z
txn_13000d7696ed,acc_00347,17.08,MYR,completed,Cold Storage,paynow,2026-08-05T10:12:38Z
txn_508806a66657,acc_00107,520.71,SGD,completed,Grab,paynow,2026-08-05T10:12:40Z
txn_a49cb1b1cd9b,acc_00042,490.03,SGD,completed,Watsons,paynow,2026-08-05T10:13:20Z
txn_dcdbc42a354f,acc_00037,46.00,SGD,completed,Lazada,paynow,2026-08-05T10:13:27Z
txn_4fbd12116f9f,acc_00116,358.05,SGD,completed,NTUC FairPrice,card,2026-08-05T10:13:37Z
txn_5166f830cb14,acc_00417,188.23,SGD,denied,7-Eleven,googlepay,2026-08-05T10:14:02Z
txn_17c1cd529c7d,acc_00426,756.88,SGD,pending,Shopee,applepay,2026-08-05T10:14:41Z
txn_f506faf4f3c9,acc_00068,848.75,SGD,denied,Lazada,applepay,2026-08-05T10:15:15Z
txn_ec23da8377a2,acc_00126,749.13,SGD,completed,Starbucks,applepay,2026-08-05T10:15:32Z
txn_096103a293a1,acc_00328,13.29,SGD,denied,7-Eleven,applepay,2026-08-05T10:15:40Z
txn_d3648f681272,acc_00438,677.76,SGD,completed,NTUC FairPrice,grabpay,2026-08-05T10:15:42Z
txn_5ba4f46914e8,acc_00168,128.63,SGD,denied,7-Eleven,googlepay,2026-08-05T10:15:42Z
txn_000ca0bc103b,acc_00051,738.07,SGD,denied,Lazada,paynow,2026-08-05T10:15:43Z
txn_7ca9787465a9,acc_00397,754.03,SGD,completed,NTUC FairPrice,googlepay,2026-08-05T10:16:00Z
txn_e9cb9760eb4e,acc_00076,99.14,SGD,completed,Shopee,card,2026-08-05T10:17:04Z
txn_d32092b48773,acc_00417,53.55,SGD,completed,McDonald's,paynow,2026-08-05T10:17:20Z
txn_b7d9ae8866d3,acc_00053,9.09,SGD,denied,Guardian,googlepay,2026-08-05T10:17:31Z
txn_db42d7fe4bcc,acc_00340,883.94,SGD,completed,Starbucks,card,2026-08-05T10:17:37Z
txn_6d16763f1271,acc_00383,364.83,SGD,denied,Grab,paynow,2026-08-05T10:17:48Z
txn_af221a2f6372,acc_00056,533.73,SGD,pending,Grab,grabpay,2026-08-05T10:18:35Z
txn_3aa9f45ead02,acc_00229,291.18,MYR,denied,Guardian,grabpay,2026-08-05T10:19:03Z
txn_17ceeab9fb0a,acc_00473,164.08,SGD,denied,Guardian,card,2026-08-05T10:19:12Z
txn_45c746377379,acc_00105,570.99,SGD,denied,Shopee,card,2026-08-05T10:20:12Z
txn_90346484cc64,acc_00251,226.35,SGD,completed,Cold Storage,card,2026-08-05T10:20:42Z
txn_988dd24078f2,acc_00317,141.86,SGD,completed,Lazada,paynow,2026-08-05T10:20:47Z
txn_0e57a779fa15,acc_00029,576.56,SGD,denied,7-Eleven,applepay,2026-08-05T10:20:55Z
txn_bf9ef58a8d4a,acc_00472,71.46,SGD,completed,7-Eleven,card,2026-08-05T10:21:01Z
txn_a5db26d0a1b7,acc_00296,21.59,SGD,denied,NTUC FairPrice,applepay,2026-08-05T10:21:12Z
txn_afa2a6235da6,acc_00117,437.10,SGD,completed,Shopee,grabpay,2026-08-05T10:21:14Z
txn_e1c228c8af7e,acc_00048,201.97,SGD,denied,Cold Storage,applepay,2026-08-05T10:21:19Z
txn_b4856bde67bc,acc_00125,885.70,SGD,pending,NTUC FairPrice,grabpay,2026-08-05T10:21:31Z
txn_e955690bb9be,acc_00382,689.49,SGD,completed,NTUC FairPrice,card,2026-08-05T10:21:33Z
txn_f760c47694f3,acc_00270,552.50,SGD,completed,Guardian,applepay,2026-08-05T10:22:17Z
txn_07e6a6602a49,acc_00260,240.51,SGD,completed,Lazada,grabpay,2026-08-05T10:22:33Z
txn_9a4952051d8e,acc_00472,360.03,SGD,pending,NTUC FairPrice,card,2026-08-05T10:22:42Z
txn_be635a1b3943,acc_00250,856.50,SGD,completed,Lazada,card,2026-08-05T10:22:53Z
txn_c064c2ea86ee,acc_00375,249.40,SGD,completed,Shopee,card,2026-08-05T10:23:37Z
txn_626431ad8efa,acc_00107,815.58,SGD,completed,Shopee,grabpay,2026-08-05T10:23:47Z
txn_27ea7b550f8c,acc_00061,237.44,SGD,pending,Lazada,googlepay,2026-08-05T10:23:51Z
txn_9b2fe09938ed,acc_00021,206.55,MYR,pending,McDonald's,applepay,2026-08-05T10:24:07Z
txn_35ba336c909a,acc_00015,589.57,MYR,completed,Shopee,googlepay,2026-08-05T10:24:25Z
txn_ef57a462a872,acc_00263,332.45,SGD,pending,Grab,card,2026-08-05T10:24:55Z
txn_dff832531b66,acc_00256,273.24,SGD,pending,Grab,googlepay,2026-08-05T10:25:21Z
txn_7d227d65712a,acc_00168,152.71,SGD,pending,Cold Storage,googlepay,2026-08-05T10:25:44Z
txn_a2a942dbe63e,acc_00196,132.93,SGD,completed,Cold Storage,paynow,2026-08-05T10:26:07Z
txn_d2e7cb9479db,acc_00412,355.86,SGD,completed,Cold Storage,googlepay,2026-08-05T10:26:49Z
txn_d1071c024194,acc_00038,281.09,SGD,completed,NTUC FairPrice,grabpay,2026-08-05T10:27:07Z
txn_d72d8d31aefb,acc_00056,515.30,SGD,completed,McDonald's,googlepay,2026-08-05T10:27:22Z
txn_84f6d83f65b7,acc_00311,679.67,SGD,pending,Shopee,card,2026-08-05T10:27:24Z
txn_af7225d45493,acc_00384,414.22,SGD,completed,Starbucks,card,2026-08-05T10:27:25Z
txn_216fb0de42c7,acc_00497,393.80,SGD,completed,Watsons,paynow,2026-08-05T10:27:44Z
txn_4c5cd0c366a5,acc_00215,157.22,SGD,pending,Watsons,paynow,2026-08-05T10:27:52Z
txn_0b4d18f59ad4,acc_00436,851.31,SGD,completed,Cold Storage,card,2026-08-05T10:27:59Z
txn_1f56b67fc5cd,acc_00340,48.45,MYR,completed,Watsons,googlepay,2026-08-05T10:28:10Z
txn_576c99465d11,acc_00447,680.49,SGD,completed,Guardian,googlepay,2026-08-05T10:28:19Z
txn_8e91e5653cae,acc_00064,854.89,SGD,pending,McDonald's,paynow,2026-08-05T10:28:34Z
txn_607afe5efb31,acc_00015,822.32,SGD,completed,NTUC FairPrice,applepay,2026-08-05T10:28:48Z
txn_b84debc305da,acc_00463,552.03,SGD,denied,Starbucks,grabpay,2026-08-05T10:29:04Z
txn_139f524fb081,acc_00231,621.20,SGD,completed,NTUC FairPrice,paynow,2026-08-05T10:29:22Z
txn_03bcd300dd02,acc_00354,848.28,SGD,completed,Shopee,paynow,2026-08-05T10:29:48Z
txn_91290af3461d,acc_00257,242.18,SGD,completed,Lazada,googlepay,2026-08-05T10:31:16Z
txn_7769ba9a1a8f,acc_00472,126.15,SGD,denied,McDonald's,googlepay,2026-08-05T10:31:17Z
txn_897218d9ab1a,acc_00471,577.41,SGD,completed,McDonald's,card,2026-08-05T10:31:55Z
txn_63994128015c,acc_00298,272.00,MYR,pending,Lazada,grabpay,2026-08-05T10:32:10Z
txn_f198b1b1d304,acc_00364,512.20,SGD,completed,Shopee,applepay,2026-08-05T10:32:20Z
txn_82a03be33841,acc_00091,337.44,SGD,completed,Shopee,paynow,2026-08-05T10:32:40Z
txn_d05409aae721,acc_00466,285.66,SGD,pending,7-Eleven,paynow,2026-08-05T10:32:56Z
txn_b2af281149b7,acc_00500,401.40,SGD,denied,Watsons,googlepay,2026-08-05T10:33:00Z
txn_505fc74cea21,acc_00497,665.29,SGD,completed,Cold Storage,applepay,2026-08-05T10:33:08Z
txn_87f3fa4fbbd5,acc_00238,664.05,SGD,completed,Shopee,applepay,2026-08-05T10:33:10Z
txn_9842f0c44fe9,acc_00158,302.73,SGD,denied,Starbucks,card,2026-08-05T10:33:38Z
txn_bc9faf10f1a1,acc_00136,772.83,MYR,completed,McDonald's,paynow,2026-08-05T10:33:43Z
txn_3929e1237642,acc_00166,554.55,SGD,denied,Shopee,paynow,2026-08-05T10:33:56Z
txn_e01999f447a2,acc_00255,837.05,MYR,pending,Guardian,googlepay,2026-08-05T10:33:59Z
txn_16f81864fbab,acc_00139,747.32,SGD,completed,Guardian,card,2026-08-05T10:34:46Z
txn_de6ff151c398,acc_00352,878.61,SGD,completed,Watsons,applepay,2026-08-05T10:34:48Z
txn_cc7bd67e48b2,acc_00150,851.03,SGD,completed,7-Eleven,grabpay,2026-08-05T10:34:51Z
txn_5816d2486ab4,acc_00107,198.09,SGD,pending,Cold Storage,paynow,2026-08-05T10:34:59Z
txn_34d8ae9939d7,acc_00366,245.42,SGD,pending,Guardian,card,2026-08-05T10:35:16Z
txn_8e4e27cc8ef2,acc_00102,64.87,SGD,completed,Lazada,paynow,2026-08-05T10:35:55Z
txn_4e8c295697c3,acc_00229,798.66,SGD,completed,NTUC FairPrice,card,2026-08-05T10:36:08Z
txn_48389e064b8a,acc_00343,824.90,SGD,pending,NTUC FairPrice,applepay,2026-08-05T10:36:27Z
txn_bb4190b0df08,acc_00358,851.24,SGD,completed,Cold Storage,googlepay,2026-08-05T10:37:38Z
txn_4a784b0fd8ab,acc_00383,868.41,MYR,denied,NTUC FairPrice,paynow,2026-08-05T10:37:50Z
txn_66df62ba9678,acc_00488,147.34,SGD,completed,Grab,googlepay,2026-08-05T10:37:57Z
txn_63dae079cc5b,acc_00347,355.77,SGD,completed,Lazada,grabpay,2026-08-05T10:38:38Z
txn_73e99f4f2475,acc_00239,168.36,MYR,completed,Grab,grabpay,2026-08-05T10:39:38Z
txn_117d58a25563,acc_00217,556.11,SGD,completed,Watsons,grabpay,2026-08-05T10:40:48Z
txn_ff8b7545619e,acc_00294,231.83,MYR,completed,Shopee,grabpay,2026-08-05T10:40:59Z
txn_03ac552d7e9d,acc_00324,166.09,SGD,completed,McDonald's,card,2026-08-05T10:41:02Z
txn_7eac98239ac7,acc_00456,32.80,SGD,completed,Guardian,applepay,2026-08-05T10:41:06Z
txn_494bc247c57c,acc_00048,316.09,SGD,completed,7-Eleven,grabpay,2026-08-05T10:41:19Z
txn_9d1c627a1139,acc_00430,329.39,SGD,completed,Grab,grabpay,2026-08-05T10:41:29Z
txn_729b4213f042,acc_00126,829.10,MYR,denied,Lazada,googlepay,2026-08-05T10:42:39Z
txn_97e998446e9c,acc_00453,275.83,SGD,pending,Shopee,applepay,2026-08-05T10:43:10Z
txn_2ccc0aa5fbf6,acc_00489,159.67,SGD,completed,Shopee,paynow,2026-08-05T10:43:11Z
txn_7f85a3cae8ca,acc_00092,398.91,SGD,completed,7-Eleven,card,2026-08-05T10:43:23Z
txn_16d8bdad11df,acc_00062,871.91,SGD,pending,Shopee,card,2026-08-05T10:43:24Z
txn_66dd93a4bcf1,acc_00084,3.59,SGD,denied,Lazada,googlepay,2026-08-05T10:43:26Z
txn_75f9b1d7a1d0,acc_00487,837.66,SGD,pending,NTUC FairPrice,card,2026-08-05T10:43:41Z
txn_b2f693debd59,acc_00286,598.72,SGD,pending,Cold Storage,card,2026-08-05T10:43:50Z
txn_18c6932e3d48,acc_00162,374.05,SGD,completed,Lazada,paynow,2026-08-05T10:44:17Z
txn_85fcac551d37,acc_00125,141.49,SGD,completed,Starbucks,googlepay,2026-08-05T10:44:46Z
txn_fd6dc110ca7f,acc_00089,59.32,SGD,completed,McDonald's,paynow,2026-08-05T10:44:51Z
txn_2dea2e87bcf6,acc_00399,238.53,SGD,completed,7-Eleven,applepay,2026-08-05T10:45:12Z
txn_b2b17b9df50f,acc_00408,567.94,MYR,completed,Watsons,applepay,2026-08-05T10:45:20Z
txn_4190165d03db,acc_00354,451.66,SGD,completed,McDonald's,card,2026-08-05T10:45:22Z
txn_dc9f024ff351,acc_00453,483.83,SGD,denied,Guardian,card,2026-08-05T10:45:47Z
txn_ac9d87bd429a,acc_00191,799.97,SGD,completed,Lazada,grabpay,2026-08-05T10:45:48Z
txn_ed2b8381f330,acc_00065,87.39,SGD,completed,Grab,googlepay,2026-08-05T10:45:59Z
txn_e04ca0ff4e55,acc_00339,830.45,SGD,denied,NTUC FairPrice,googlepay,2026-08-05T10:46:01Z
txn_07f3e3045670,acc_00286,678.38,SGD,completed,Shopee,grabpay,2026-08-05T10:46:09Z
txn_bb643a9fbbd7,acc_00239,139.18,SGD,denied,McDonald's,applepay,2026-08-05T10:47:27Z
txn_23bc47ea6da6,acc_00158,880.87,SGD,completed,Shopee,applepay,2026-08-05T10:47:43Z
txn_ffb18b8a4654,acc_00052,584.80,SGD,completed,Cold Storage,paynow,2026-08-05T10:47:46Z
txn_62c797919f0b,acc_00166,579.09,SGD,denied,Shopee,applepay,2026-08-05T10:47:47Z
txn_36eb544c2b83,acc_00238,602.36,SGD,pending,Shopee,googlepay,2026-08-05T10:48:03Z
txn_88c6accf29e6,acc_00126,787.93,SGD,completed,Shopee,card,2026-08-05T10:48:21Z
txn_adf9f6e4aa36,acc_00112,619.43,SGD,pending,Grab,grabpay,2026-08-05T10:49:04Z
txn_f80594020d13,acc_00070,376.14,SGD,completed,Cold Storage,card,2026-08-05T10:49:32Z
txn_b80bf48aaff2,acc_00380,789.10,SGD,completed,Starbucks,card,2026-08-05T10:49:49Z
txn_8bcbaa0b8a66,acc_00076,613.79,SGD,completed,McDonald's,grabpay,2026-08-05T10:50:01Z
txn_04bae3f01e09,acc_00242,209.21,SGD,completed,7-Eleven,paynow,2026-08-05T10:50:02Z
txn_65ea2caeb0b7,acc_00403,166.03,SGD,completed,Grab,applepay,2026-08-05T10:50:13Z
txn_1dc112e6063b,acc_00078,53.82,SGD,denied,Lazada,applepay,2026-08-05T10:50:30Z
txn_3ab1e2793604,acc_00391,182.71,MYR,completed,Shopee,paynow,2026-08-05T10:50:43Z
txn_5d4127885662,acc_00322,457.98,SGD,completed,Grab,applepay,2026-08-05T10:50:54Z
txn_a880d309507b,acc_00500,647.96,SGD,denied,Cold Storage,paynow,2026-08-05T10:51:17Z
txn_b8bb052553ca,acc_00276,355.27,SGD,completed,NTUC FairPrice,card,2026-08-05T10:51:47Z
txn_fb279d98d0d7,acc_00459,516.40,SGD,completed,7-Eleven,card,2026-08-05T10:52:00Z
txn_75e85e429d1f,acc_00022,350.23,SGD,completed,Lazada,googlepay,2026-08-05T10:52:19Z
txn_6408be0b90c6,acc_00260,375.42,SGD,denied,McDonald's,grabpay,2026-08-05T10:52:24Z
txn_f07b378d485f,acc_00160,473.00,MYR,pending,Lazada,applepay,2026-08-05T10:52:47Z
txn_38fabed9b451,acc_00213,86.18,SGD,pending,Watsons,card,2026-08-05T10:52:49Z
txn_2761de4ae3d5,acc_00215,869.14,SGD,denied,Lazada,applepay,2026-08-05T10:52:51Z
txn_7d5a127b6919,acc_00259,328.28,SGD,pending,Guardian,grabpay,2026-08-05T10:53:21Z
txn_b36438ad6a70,acc_00217,243.63,SGD,completed,Starbucks,grabpay,2026-08-05T10:53:22Z
txn_83b912feb1dc,acc_00366,805.16,SGD,denied,Lazada,grabpay,2026-08-05T10:53:36Z
txn_79b5a6ac691e,acc_00368,112.91,SGD,completed,NTUC FairPrice,paynow,2026-08-05T10:53:54Z
txn_a9f6ab27a2f6,acc_00083,477.29,SGD,pending,Lazada,applepay,2026-08-05T10:54:43Z
txn_c90555f6d236,acc_00208,509.17,SGD,completed,Grab,paynow,2026-08-05T10:55:02Z
txn_3fd63525a71c,acc_00024,457.06,SGD,completed,Grab,googlepay,2026-08-05T10:55:07Z
txn_c994fc9519b6,acc_00013,749.86,SGD,pending,NTUC FairPrice,card,2026-08-05T10:55:11Z
txn_1f079a994ead,acc_00044,798.12,SGD,completed,Shopee,googlepay,2026-08-05T10:55:35Z
txn_6db2f6700ff8,acc_00473,119.67,SGD,completed,McDonald's,googlepay,2026-08-05T10:55:35Z
txn_59b6285d1c39,acc_00379,418.44,SGD,completed,Shopee,grabpay,2026-08-05T10:55:43Z
txn_782c1493e475,acc_00487,109.26,SGD,pending,NTUC FairPrice,googlepay,2026-08-05T10:55:49Z
txn_922fb3ba6cd3,acc_00071,240.32,MYR,completed,Lazada,grabpay,2026-08-05T10:56:01Z
txn_2defeb12795d,acc_00226,263.30,SGD,pending,McDonald's,googlepay,2026-08-05T10:56:02Z
txn_e55b84256c76,acc_00486,598.65,SGD,denied,7-Eleven,card,2026-08-05T10:56:03Z
txn_2955438985e1,acc_00478,473.42,MYR,denied,Starbucks,applepay,2026-08-05T10:56:06Z
txn_003c40eb5dc4,acc_00296,736.14,SGD,denied,Starbucks,grabpay,2026-08-05T10:56:16Z
txn_bff770a98e77,acc_00122,273.33,SGD,denied,Lazada,applepay,2026-08-05T10:56:27Z
txn_3026d01e0c33,acc_00210,694.87,MYR,denied,Lazada,grabpay,2026-08-05T10:57:02Z
txn_bceab0c32f7f,acc_00150,558.68,MYR,completed,Grab,applepay,2026-08-05T10:57:03Z
txn_501fbdb08387,acc_00276,293.04,SGD,pending,Shopee,applepay,2026-08-05T10:57:13Z
txn_50e3c3af169f,acc_00066,174.67,SGD,completed,Guardian,googlepay,2026-08-05T10:57:26Z
txn_44a2b4cec22d,acc_00173,581.18,SGD,pending,Grab,applepay,2026-08-05T10:57:32Z
txn_2a03191efc38,acc_00354,158.07,SGD,completed,McDonald's,grabpay,2026-08-05T10:58:19Z
txn_7de819484dd6,acc_00283,18.34,MYR,completed,McDonald's,googlepay,2026-08-05T10:58:26Z
txn_be383f03b0ca,acc_00113,357.24,MYR,completed,NTUC FairPrice,paynow,2026-08-05T10:58:27Z
txn_11e94c2389ef,acc_00257,359.64,SGD,completed,Shopee,grabpay,2026-08-05T10:58:33Z
txn_ed098d0e8ce7,acc_00346,167.80,SGD,completed,Shopee,paynow,2026-08-05T10:58:35Z
txn_76ef5496d1dd,acc_00361,847.87,SGD,denied,Grab,grabpay,2026-08-05T10:59:12Z
txn_d51bb95acc7a,acc_00004,236.55,SGD,pending,Cold Storage,grabpay,2026-08-05T10:59:36Z
txn_0b685d8e5cf6,acc_00400,747.47,SGD,completed,7-Eleven,grabpay,2026-08-05T10:59:55Z
txn_fbc3f422223f,acc_00166,708.40,SGD,denied,Starbucks,applepay,2026-08-05T10:59:55Z
txn_b5b1f363e41f,acc_00053,366.60,SGD,completed,Watsons,card,2026-08-05T10:59:59Z
txn_2d76784b9ff7,acc_00074,111.99,SGD,completed,Watsons,grabpay,2026-08-05T11:00:31Z
txn_2bb93c40cdfd,acc_00014,861.84,SGD,completed,Shopee,googlepay,2026-08-05T11:00:34Z
txn_540f1e5f648c,acc_00067,785.15,MYR,completed,Guardian,card,2026-08-05T11:01:16Z
txn_d33ee24d41bb,acc_00399,834.35,MYR,completed,NTUC FairPrice,card,2026-08-05T11:01:27Z
txn_662a435bfec5,acc_00254,132.06,SGD,completed,Lazada,applepay,2026-08-05T11:01:36Z
txn_2330891fdc6d,acc_00401,635.61,MYR,completed,NTUC FairPrice,paynow,2026-08-05T11:02:54Z
txn_c8a7e1ca4e94,acc_00380,755.86,SGD,completed,Cold Storage,grabpay,2026-08-05T11:03:10Z
txn_fedf29bab9f3,acc_00176,789.44,MYR,completed,Guardian,googlepay,2026-08-05T11:03:11Z
txn_e8ed035cd1c9,acc_00284,412.43,SGD,completed,Cold Storage,googlepay,2026-08-05T11:03:54Z
txn_1460bbe82f1e,acc_00015,801.55,SGD,denied,Cold Storage,paynow,2026-08-05T11:03:58Z
txn_fcac886ac6c2,acc_00316,149.87,SGD,completed,Grab,applepay,2026-08-05T11:04:11Z
txn_0f1b53b176bf,acc_00213,134.14,SGD,pending,Lazada,grabpay,2026-08-05T11:04:11Z
txn_d07fbd260d3f,acc_00072,735.78,MYR,denied,7-Eleven,paynow,2026-08-05T11:05:35Z
txn_fcf79988415c,acc_00104,878.60,SGD,completed,McDonald's,card,2026-08-05T11:05:41Z
txn_acedae7655ec,acc_00293,262.40,SGD,completed,Grab,grabpay,2026-08-05T11:06:07Z
txn_9cebc1bc2327,acc_00338,629.30,SGD,completed,Guardian,card,2026-08-05T11:06:11Z
txn_7b8846a475db,acc_00139,680.40,SGD,completed,Guardian,grabpay,2026-08-05T11:06:28Z
txn_65a573c5441c,acc_00230,736.63,SGD,completed,Starbucks,googlepay,2026-08-05T11:06:28Z
txn_a4c12190ae02,acc_00332,157.95,SGD,completed,Cold Storage,googlepay,2026-08-05T11:07:17Z
txn_99c1abf5d929,acc_00490,733.86,SGD,completed,Starbucks,card,2026-08-05T11:07:17Z
txn_ae8838e9a26c,acc_00175,395.28,SGD,completed,Shopee,googlepay,2026-08-05T11:07:25Z
txn_11d37ab291fe,acc_00415,132.48,SGD,completed,Shopee,card,2026-08-05T11:07:40Z
txn_e073e1f7b3d2,acc_00162,616.63,SGD,completed,Grab,applepay,2026-08-05T11:07:52Z
txn_96899261bcdc,acc_00079,498.68,SGD,completed,Starbucks,applepay,2026-08-05T11:08:08Z
txn_6f2a77342188,acc_00216,429.25,SGD,completed,Shopee,grabpay,2026-08-05T11:09:04Z
txn_d05695948d7e,acc_00190,22.36,SGD,denied,7-Eleven,googlepay,2026-08-05T11:09:13Z
txn_6d0d419fe5cd,acc_00404,836.40,SGD,pending,Grab,grabpay,2026-08-05T11:09:22Z
txn_bfe07dee0078,acc_00103,84.11,SGD,pending,Starbucks,googlepay,2026-08-05T11:09:26Z
txn_1cf36b9b87ed,acc_00497,201.95,SGD,completed,Shopee,googlepay,2026-08-05T11:09:40Z
txn_e37bc9c4555b,acc_00054,98.98,SGD,denied,McDonald's,applepay,2026-08-05T11:09:56Z
txn_6eab4c4c690b,acc_00417,722.44,SGD,completed,Grab,card,2026-08-05T11:10:16Z
txn_71ba90f470cc,acc_00469,659.95,SGD,completed,Cold Storage,paynow,2026-08-05T11:11:25Z
txn_2af2a8ca1082,acc_00006,225.63,SGD,completed,Guardian,applepay,2026-08-05T11:11:28Z
txn_f594bf13634e,acc_00120,488.53,SGD,completed,NTUC FairPrice,applepay,2026-08-05T11:11:46Z
txn_2c75ba03421b,acc_00438,899.58,SGD,completed,NTUC FairPrice,paynow,2026-08-05T11:12:06Z
txn_4f290f68c2f1,acc_00466,314.08,SGD,completed,Grab,applepay,2026-08-05T11:12:32Z
txn_dbdc43437197,acc_00306,417.96,SGD,completed,McDonald's,paynow,2026-08-05T11:12:54Z
txn_9eb20854cd8e,acc_00106,155.82,SGD,completed,McDonald's,card,2026-08-05T11:13:36Z
txn_8095c8f9efb9,acc_00411,85.80,SGD,pending,Grab,card,2026-08-05T11:13:38Z
txn_ba611babe890,acc_00388,400.17,SGD,completed,Guardian,applepay,2026-08-05T11:13:58Z
txn_505c250cd67b,acc_00261,484.81,SGD,completed,Cold Storage,card,2026-08-05T11:14:04Z
txn_d5d05f974bcb,acc_00333,491.36,SGD,completed,Lazada,googlepay,2026-08-05T11:14:30Z
txn_67e5301a3266,acc_00445,480.14,SGD,completed,Watsons,googlepay,2026-08-05T11:14:35Z
txn_c2717cd69a58,acc_00076,542.31,SGD,completed,Guardian,grabpay,2026-08-05T11:14:47Z
txn_282d8ee002da,acc_00312,836.34,SGD,completed,Shopee,grabpay,2026-08-05T11:14:59Z
txn_c6e64996f449,acc_00106,588.09,MYR,denied,Lazada,paynow,2026-08-05T11:15:01Z
txn_33e8ba96face,acc_00190,625.63,SGD,denied,Shopee,googlepay,2026-08-05T11:15:07Z
txn_bf10395c8852,acc_00072,380.22,SGD,pending,Starbucks,grabpay,2026-08-05T11:15:25Z
txn_400671a8c288,acc_00248,807.67,SGD,completed,7-Eleven,paynow,2026-08-05T11:15:41Z
txn_1f35cd7d1caf,acc_00142,380.47,SGD,completed,Lazada,grabpay,2026-08-05T11:15:44Z
txn_9ba008dd0fc6,acc_00324,674.64,MYR,pending,Watsons,googlepay,2026-08-05T11:16:27Z
txn_3e801f1d8dcb,acc_00252,389.17,SGD,pending,Lazada,applepay,2026-08-05T11:16:49Z
txn_61d7bafba3b0,acc_00366,715.28,SGD,denied,7-Eleven,paynow,2026-08-05T11:16:53Z
txn_33f6088fad9e,acc_00328,484.06,MYR,completed,Cold Storage,card,2026-08-05T11:17:00Z
txn_f079d9bcca34,acc_00249,854.83,SGD,pending,7-Eleven,googlepay,2026-08-05T11:17:04Z
txn_2c99b31f790d,acc_00081,839.67,SGD,completed,Lazada,paynow,2026-08-05T11:17:15Z
txn_0af5a9255ae9,acc_00047,760.41,SGD,completed,7-Eleven,paynow,2026-08-05T11:17:20Z
txn_f7d045e4d21e,acc_00370,335.32,SGD,completed,Cold Storage,googlepay,2026-08-05T11:17:40Z
txn_387761ee583b,acc_00325,589.93,SGD,denied,Lazada,applepay,2026-08-05T11:17:50Z
txn_1b418cb6c920,acc_00159,390.40,SGD,completed,Guardian,googlepay,2026-08-05T11:17:53Z
txn_f2e6928b3d1f,acc_00101,399.26,SGD,completed,NTUC FairPrice,googlepay,2026-08-05T11:18:03Z
txn_ef44976093ec,acc_00192,415.66,SGD,completed,Lazada,paynow,2026-08-05T11:18:16Z
txn_2a2bdb1e61f6,acc_00078,266.46,SGD,pending,McDonald's,applepay,2026-08-05T11:18:33Z
txn_482b2315670d,acc_00492,562.90,SGD,completed,McDonald's,paynow,2026-08-05T11:19:04Z
txn_abc7970e9866,acc_00210,771.53,MYR,completed,McDonald's,grabpay,2026-08-05T11:19:05Z
txn_ef120fc6358f,acc_00342,108.61,SGD,completed,Starbucks,googlepay,2026-08-05T11:19:20Z
txn_e5706095e055,acc_00466,524.74,SGD,denied,Cold Storage,grabpay,2026-08-05T11:19:22Z
txn_7104fe47efd0,acc_00318,636.74,SGD,pending,NTUC FairPrice,grabpay,2026-08-05T11:19:29Z
txn_ff8af8dfd0bd,acc_00092,195.58,SGD,completed,Guardian,paynow,2026-08-05T11:19:29Z
txn_d7ba3946b4c3,acc_00189,549.74,SGD,completed,NTUC FairPrice,card,2026-08-05T11:19:53Z
txn_64014a084a33,acc_00109,525.04,SGD,completed,NTUC FairPrice,grabpay,2026-08-05T11:20:27Z
txn_8e5cf628765f,acc_00210,327.47,SGD,completed,Grab,applepay,2026-08-05T11:20:28Z
txn_d6573535184b,acc_00370,844.47,SGD,completed,Cold Storage,googlepay,2026-08-05T11:20:42Z
txn_83a9962e526f,acc_00175,189.77,MYR,denied,Watsons,grabpay,2026-08-05T11:21:11Z
txn_94b8f8c3a7cd,acc_00213,828.68,SGD,completed,Shopee,grabpay,2026-08-05T11:21:20Z
txn_4a0808ba6425,acc_00153,815.91,SGD,completed,Starbucks,card,2026-08-05T11:21:20Z
txn_94cc85356337,acc_00399,737.81,SGD,completed,Guardian,card,2026-08-05T11:21:28Z
txn_5a6e4526c958,acc_00168,445.60,SGD,completed,McDonald's,googlepay,2026-08-05T11:21:35Z
txn_d5094ab5b8ec,acc_00052,651.46,SGD,pending,Lazada,card,2026-08-05T11:21:37Z
txn_19e9bce8369e,acc_00098,18.58,SGD,completed,Lazada,grabpay,2026-08-05T11:21:46Z
txn_8b5c669c4e7f,acc_00471,138.78,MYR,pending,Lazada,googlepay,2026-08-05T11:21:59Z
txn_05cca22b6a0b,acc_00003,861.38,SGD,completed,Watsons,googlepay,2026-08-05T11:22:08Z
txn_a61ded160523,acc_00182,786.55,SGD,completed,Cold Storage,googlepay,2026-08-05T11:22:33Z
txn_a851f0d05aae,acc_00068,10.81,SGD,pending,Starbucks,card,2026-08-05T11:23:01Z
txn_e07a1e0b885f,acc_00051,723.02,SGD,completed,Lazada,grabpay,2026-08-05T11:23:35Z
txn_cbcba62e9253,acc_00141,287.17,SGD,pending,Grab,googlepay,2026-08-05T11:24:08Z
txn_b3e48fd41d38,acc_00350,341.32,SGD,completed,Grab,googlepay,2026-08-05T11:24:14Z
txn_16a12e86a258,acc_00376,605.51,SGD,denied,7-Eleven,paynow,2026-08-05T11:24:20Z
txn_99b75b893366,acc_00229,522.09,SGD,completed,NTUC FairPrice,applepay,2026-08-05T11:24:22Z
txn_9d2e53e401bb,acc_00334,741.80,SGD,completed,Starbucks,googlepay,2026-08-05T11:24:31Z
txn_bf3321c043b8,acc_00480,171.37,SGD,denied,7-Eleven,paynow,2026-08-05T11:24:34Z
txn_baee7418e2c4,acc_00129,448.06,SGD,completed,Guardian,card,2026-08-05T11:24:39Z
txn_441ac1285a50,acc_00212,68.53,SGD,completed,Starbucks,applepay,2026-08-05T11:25:02Z
txn_c2594512c63a,acc_00294,853.50,SGD,completed,NTUC FairPrice,applepay,2026-08-05T11:25:16Z
txn_f12b8b8f5e42,acc_00279,390.64,MYR,completed,Watsons,grabpay,2026-08-05T11:25:32Z
txn_07d948318a96,acc_00166,633.68,SGD,pending,Starbucks,applepay,2026-08-05T11:25:51Z
txn_e8ef23601858,acc_00493,727.49,SGD,pending,7-Eleven,applepay,2026-08-05T11:25:58Z
txn_60b1e9eaaa0c,acc_00202,481.73,SGD,pending,Lazada,googlepay,2026-08-05T11:26:06Z
txn_ac8ffdf43ee7,acc_00229,564.23,SGD,completed,Guardian,applepay,2026-08-05T11:26:08Z
txn_00ce786a3507,acc_00353,689.42,SGD,denied,Guardian,applepay,2026-08-05T11:26:43Z
txn_735c1e927466,acc_00012,180.14,SGD,completed,Starbucks,grabpay,2026-08-05T11:27:28Z
txn_08364a528c41,acc_00081,457.58,SGD,pending,Watsons,card,2026-08-05T11:27:42Z
txn_a8175a495420,acc_00356,557.07,SGD,pending,Starbucks,card,2026-08-05T11:27:56Z
txn_b73ab475bcc1,acc_00468,636.19,SGD,completed,Guardian,googlepay,2026-08-05T11:28:06Z
txn_4b5ae3b64b33,acc_00439,385.61,SGD,denied,Guardian,grabpay,2026-08-05T11:28:32Z
txn_7f6372ffaa5d,acc_00228,675.43,SGD,pending,Shopee,paynow,2026-08-05T11:28:35Z
txn_9864a078fb40,acc_00043,188.78,SGD,completed,Cold Storage,grabpay,2026-08-05T11:28:51Z
txn_50d24a724441,acc_00247,106.85,SGD,pending,Lazada,paynow,2026-08-05T11:29:43Z
txn_4005a752e602,acc_00344,603.47,SGD,completed,Starbucks,paynow,2026-08-05T11:30:11Z
txn_2db39517aa6c,acc_00348,653.93,SGD,pending,McDonald's,card,2026-08-05T11:30:23Z
txn_ac868bcc102d,acc_00228,721.62,SGD,completed,McDonald's,applepay,2026-08-05T11:30:26Z
txn_9441609b5bed,acc_00078,371.63,SGD,completed,Shopee,applepay,2026-08-05T11:30:46Z
txn_7c76b25cf287,acc_00440,490.81,SGD,denied,NTUC FairPrice,grabpay,2026-08-05T11:31:21Z
txn_ea90d7094d08,acc_00150,352.51,MYR,pending,Lazada,paynow,2026-08-05T11:31:37Z
txn_99581c2bdc2c,acc_00323,135.63,SGD,completed,Shopee,paynow,2026-08-05T11:31:44Z
txn_9cbabd2a17ad,acc_00073,664.72,SGD,pending,NTUC FairPrice,paynow,2026-08-05T11:31:53Z
txn_1efcc5f9975f,acc_00079,631.93,SGD,completed,McDonald's,paynow,2026-08-05T11:31:55Z
txn_12e70c767cab,acc_00101,224.91,SGD,pending,Grab,grabpay,2026-08-05T11:31:55Z
txn_c3724ee3fdb1,acc_00483,875.68,SGD,completed,Lazada,applepay,2026-08-05T11:32:35Z
txn_0a3a9ae17340,acc_00087,454.61,SGD,pending,Shopee,card,2026-08-05T11:33:11Z
txn_74445eb17224,acc_00450,210.80,SGD,completed,Grab,grabpay,2026-08-05T11:33:19Z
txn_79c0c35a104a,acc_00001,343.39,SGD,pending,Lazada,googlepay,2026-08-05T11:34:08Z
txn_9505572835cb,acc_00254,132.32,SGD,denied,Grab,applepay,2026-08-05T11:34:25Z
txn_7b399d3b347c,acc_00479,755.69,SGD,completed,Lazada,googlepay,2026-08-05T11:34:41Z
txn_4bdd1367f238,acc_00386,208.82,SGD,completed,Grab,applepay,2026-08-05T11:34:47Z
txn_2322ccee3ba8,acc_00201,766.05,MYR,completed,Shopee,googlepay,2026-08-05T11:35:09Z
txn_1b02529acadb,acc_00073,321.42,SGD,completed,Cold Storage,applepay,2026-08-05T11:35:17Z
txn_53b94e3554c9,acc_00132,302.84,SGD,denied,Starbucks,grabpay,2026-08-05T11:35:19Z
txn_00fed02c1b78,acc_00486,648.19,SGD,completed,Shopee,card,2026-08-05T11:36:11Z
txn_7741f88f3bc0,acc_00422,499.31,SGD,completed,McDonald's,card,2026-08-05T11:36:46Z
txn_f8a0b7fc55da,acc_00022,40.35,SGD,completed,Shopee,googlepay,2026-08-05T11:37:52Z
txn_45dadecac487,acc_00009,761.13,SGD,denied,NTUC FairPrice,paynow,2026-08-05T11:38:21Z
txn_e8781d3c1e79,acc_00335,328.91,SGD,denied,Watsons,paynow,2026-08-05T11:39:29Z
txn_7cf96be57343,acc_00450,105.30,SGD,completed,Lazada,paynow,2026-08-05T11:39:38Z
txn_84eee906e65b,acc_00490,349.18,SGD,completed,NTUC FairPrice,googlepay,2026-08-05T11:40:00Z
txn_71cd0f757f7a,acc_00149,212.66,MYR,completed,Guardian,googlepay,2026-08-05T11:40:30Z
txn_d14d0eaf29dd,acc_00084,337.50,SGD,denied,Watsons,paynow,2026-08-05T11:40:36Z
txn_eac763102806,acc_00058,605.39,SGD,completed,7-Eleven,paynow,2026-08-05T11:40:39Z
txn_8bf99c187260,acc_00275,579.17,SGD,denied,7-Eleven,googlepay,2026-08-05T11:41:12Z
txn_dd5585055573,acc_00255,185.66,SGD,completed,Cold Storage,googlepay,2026-08-05T11:41:23Z
txn_420319bcde13,acc_00269,136.54,MYR,completed,McDonald's,grabpay,2026-08-05T11:41:24Z
txn_18d2baccae03,acc_00335,841.68,SGD,pending,Lazada,grabpay,2026-08-05T11:41:36Z
txn_693232b1ff3e,acc_00295,875.51,SGD,completed,Lazada,paynow,2026-08-05T11:42:07Z
txn_1d2c7f132504,acc_00237,523.34,SGD,pending,Guardian,paynow,2026-08-05T11:42:23Z
txn_1832eeb05890,acc_00164,620.24,SGD,completed,McDonald's,googlepay,2026-08-05T11:42:27Z
txn_4f54d245c606,acc_00106,793.91,SGD,pending,Watsons,grabpay,2026-08-05T11:43:35Z
txn_4a9812f62bcd,acc_00208,580.49,SGD,pending,Grab,paynow,2026-08-05T11:43:40Z
txn_4ba7dcf2e199,acc_00436,252.41,SGD,denied,Shopee,paynow,2026-08-05T11:43:45Z
txn_92ef292dfc8d,acc_00069,787.67,SGD,completed,NTUC FairPrice,googlepay,2026-08-05T11:43:55Z
txn_271f8c3f184c,acc_00151,8.20,SGD,completed,NTUC FairPrice,paynow,2026-08-05T11:44:15Z
txn_927d568b88e7,acc_00008,130.80,SGD,completed,Shopee,applepay,2026-08-05T11:44:34Z
txn_e4d92597af41,acc_00477,145.86,SGD,denied,Shopee,applepay,2026-08-05T11:45:17Z
txn_d7d2995fd836,acc_00204,198.00,SGD,completed,McDonald's,grabpay,2026-08-05T11:45:18Z
txn_9d375e06cfc0,acc_00130,613.40,SGD,completed,Starbucks,card,2026-08-05T11:45:36Z
txn_d4aa73416852,acc_00267,600.24,SGD,pending,Starbucks,grabpay,2026-08-05T11:45:44Z
txn_8682c291ddb2,acc_00387,508.45,MYR,pending,Guardian,googlepay,2026-08-05T11:46:03Z
txn_d4b20480eaaf,acc_00150,873.72,SGD,completed,Starbucks,applepay,2026-08-05T11:46:06Z
txn_5b3919d57720,acc_00172,679.42,MYR,denied,Watsons,applepay,2026-08-05T11:46:12Z
txn_e4a745aadcea,acc_00151,421.59,SGD,pending,Cold Storage,applepay,2026-08-05T11:46:29Z
txn_4aa587e5692e,acc_00052,186.85,SGD,pending,NTUC FairPrice,card,2026-08-05T11:47:37Z
txn_41b39324f933,acc_00235,777.40,SGD,completed,Watsons,paynow,2026-08-05T11:47:44Z
txn_42f627ae1a23,acc_00093,519.49,SGD,denied,Cold Storage,paynow,2026-08-05T11:47:57Z
txn_3092fcccc3b5,acc_00113,59.14,SGD,pending,7-Eleven,applepay,2026-08-05T11:48:18Z
txn_8dc3cc0f5f96,acc_00088,40.82,SGD,pending,McDonald's,applepay,2026-08-05T11:48:35Z
txn_4ad912862364,acc_00032,142.75,SGD,denied,Guardian,googlepay,2026-08-05T11:50:04Z
txn_b90bd4e07fb4,acc_00156,214.55,SGD,completed,Lazada,paynow,2026-08-05T11:50:11Z
txn_d8d3316e187d,acc_00076,61.45,SGD,denied,Guardian,googlepay,2026-08-05T11:50:22Z
txn_01be6465b2f5,acc_00331,633.20,SGD,denied,Shopee,card,2026-08-05T11:50:28Z
txn_a1865ba2a5e1,acc_00112,638.56,SGD,completed,NTUC FairPrice,googlepay,2026-08-05T11:51:12Z
txn_0a1dda1f6330,acc_00256,278.30,SGD,completed,Watsons,grabpay,2026-08-05T11:51:27Z
txn_c745c0b4f881,acc_00159,506.58,SGD,denied,Guardian,paynow,2026-08-05T11:51:40Z
txn_31942708e310,acc_00260,400.82,SGD,completed,Lazada,paynow,2026-08-05T11:51:41Z
txn_fb5eb4481e28,acc_00158,556.02,MYR,denied,Shopee,grabpay,2026-08-05T11:52:29Z
txn_557002de6821,acc_00282,25.35,SGD,completed,Starbucks,paynow,2026-08-05T11:53:29Z
txn_82012e91a0e2,acc_00203,171.72,SGD,completed,7-Eleven,card,2026-08-05T11:53:33Z
txn_f4dc938c6e17,acc_00368,626.66,SGD,completed,Grab,paynow,2026-08-05T11:53:58Z
txn_7a5d8d1d3129,acc_00240,684.36,SGD,completed,Lazada,applepay,2026-08-05T11:54:04Z
txn_a274a7934b42,acc_00144,419.39,SGD,completed,Watsons,googlepay,2026-08-05T11:54:32Z
txn_fcf7a69dc1d8,acc_00375,602.67,SGD,completed,Lazada,card,2026-08-05T11:54:35Z
txn_7efbaf37a4bd,acc_00147,220.80,SGD,completed,Shopee,googlepay,2026-08-05T11:54:39Z
txn_901557bbd6da,acc_00134,635.96,SGD,completed,Lazada,grabpay,2026-08-05T11:54:54Z
txn_76a10eaab2b0,acc_00160,837.44,SGD,denied,Cold Storage,card,2026-08-05T11:55:03Z
txn_89bbd8fc0314,acc_00322,448.59,SGD,completed,Shopee,card,2026-08-05T11:55:09Z
txn_a29ac62155e3,acc_00268,587.04,SGD,completed,Guardian,paynow,2026-08-05T11:55:11Z
txn_f69fd4c5f485,acc_00490,366.70,MYR,completed,Guardian,applepay,2026-08-05T11:55:14Z
txn_6a0f0d198ebe,acc_00269,340.00,SGD,completed,Lazada,applepay,2026-08-05T11:55:32Z
txn_d67545294495,acc_00245,786.46,SGD,completed,Shopee,googlepay,2026-08-05T11:55:36Z
txn_db13674e836b,acc_00497,869.07,MYR,pending,Guardian,googlepay,2026-08-05T11:55:47Z
txn_2d6af4b10383,acc_00047,143.96,SGD,denied,NTUC FairPrice,paynow,2026-08-05T11:56:04Z
txn_fd3641426f36,acc_00187,574.83,SGD,pending,Watsons,googlepay,2026-08-05T11:56:14Z
txn_b5945e7a81cb,acc_00328,548.57,SGD,completed,McDonald's,card,2026-08-05T11:56:53Z
txn_39eb2b3148a4,acc_00318,65.15,SGD,completed,McDonald's,applepay,2026-08-05T11:57:16Z
txn_00554b16ac95,acc_00435,440.71,SGD,completed,Guardian,applepay,2026-08-05T11:57:43Z
txn_51d705499407,acc_00379,106.52,SGD,completed,Shopee,paynow,2026-08-05T11:57:58Z
txn_98621403b6ca,acc_00226,286.95,SGD,denied,Cold Storage,paynow,2026-08-05T11:58:01Z
txn_42591f89d60a,acc_00375,99.74,SGD,pending,Lazada,applepay,2026-08-05T11:58:06Z
txn_4ea1c887db3e,acc_00229,59.91,SGD,denied,Lazada,googlepay,2026-08-05T11:58:28Z
txn_f89cb2d5a2c4,acc_00009,694.55,SGD,denied,Watsons,applepay,2026-08-05T11:58:55Z
txn_1c23fbc03cd6,acc_00494,619.80,SGD,completed,Grab,applepay,2026-08-05T11:59:12Z
txn_249e0f26b201,acc_00023,288.82,SGD,denied,Cold Storage,grabpay,2026-08-05T11:59:32Z
txn_ccdf9fd2e2cd,acc_00436,67.83,SGD,completed,Guardian,grabpay,2026-08-05T11:59:38Z
txn_e97474904fba,acc_00210,697.57,MYR,completed,7-Eleven,card,2026-08-05T12:00:13Z
txn_eb9c7c4477f8,acc_00328,3.28,SGD,pending,Cold Storage,paynow,2026-08-05T12:00:31Z
txn_323734e08a33,acc_00479,526.66,SGD,completed,Shopee,paynow,2026-08-05T12:00:36Z
txn_dcb71ae9b50a,acc_00468,220.65,SGD,completed,Cold Storage,card,2026-08-05T12:00:57Z
txn_110ea3e29d6d,acc_00137,643.04,SGD,denied,Guardian,googlepay,2026-08-05T12:01:00Z
txn_b3771eb50018,acc_00362,797.85,SGD,completed,Watsons,applepay,2026-08-05T12:01:32Z
txn_dd9cf65780d3,acc_00004,66.22,SGD,completed,Grab,card,2026-08-05T12:01:49Z
txn_139801c5a937,acc_00462,288.49,SGD,denied,Starbucks,grabpay,2026-08-05T12:02:05Z
txn_2fd4844bdad7,acc_00258,756.95,SGD,denied,Guardian,googlepay,2026-08-05T12:02:11Z
txn_9871f40b2c3e,acc_00270,503.12,SGD,pending,Shopee,paynow,2026-08-05T12:02:50Z
txn_c1c592d57694,acc_00160,632.06,SGD,completed,Watsons,applepay,2026-08-05T12:03:09Z
txn_9f5fec6b46cf,acc_00172,275.66,SGD,completed,Watsons,paynow,2026-08-05T12:03:32Z
txn_d58d51cd37f9,acc_00369,31.55,SGD,denied,7-Eleven,applepay,2026-08-05T12:03:41Z
txn_2b740b70b203,acc_00334,565.70,SGD,denied,Grab,grabpay,2026-08-05T12:04:10Z
txn_cfa4b637a8ff,acc_00399,12.18,SGD,denied,McDonald's,googlepay,2026-08-05T12:04:12Z
txn_0a50b468acbf,acc_00012,897.44,SGD,pending,Shopee,card,2026-08-05T12:04:16Z
txn_d35058fbe954,acc_00403,201.32,SGD,completed,7-Eleven,paynow,2026-08-05T12:04:18Z
txn_02622e9e8717,acc_00131,778.41,SGD,pending,Watsons,applepay,2026-08-05T12:04:40Z
txn_a9ce44675f8b,acc_00032,173.97,SGD,completed,7-Eleven,paynow,2026-08-05T12:04:58Z
txn_d08870db75d3,acc_00356,724.33,SGD,pending,McDonald's,card,2026-08-05T12:04:59Z
txn_8b71185e2b31,acc_00340,805.50,SGD,pending,Starbucks,googlepay,2026-08-05T12:04:59Z
txn_e0c141fece5c,acc_00045,145.62,SGD,denied,Shopee,googlepay,2026-08-05T12:05:17Z
txn_07a87fb23a24,acc_00119,50.11,SGD,completed,NTUC FairPrice,card,2026-08-05T12:05:27Z
txn_7bdfb3c9f7d5,acc_00500,720.39,SGD,pending,NTUC FairPrice,paynow,2026-08-05T12:05:40Z
txn_2808f3962865,acc_00101,413.43,SGD,completed,NTUC FairPrice,applepay,2026-08-05T12:05:44Z
txn_a3d1c0fc67b3,acc_00416,485.73,SGD,completed,NTUC FairPrice,grabpay,2026-08-05T12:05:53Z
txn_8e5af4d80f63,acc_00471,230.92,SGD,denied,Grab,applepay,2026-08-05T12:06:14Z
txn_0e6cb1abdcb3,acc_00183,710.19,SGD,completed,Grab,googlepay,2026-08-05T12:06:23Z
txn_af25d6085dd7,acc_00002,96.37,SGD,completed,Lazada,paynow,2026-08-05T12:06:23Z
txn_1f0526887402,acc_00185,865.33,SGD,denied,Cold Storage,paynow,2026-08-05T12:07:01Z
txn_175a7336f469,acc_00154,346.08,SGD,completed,Guardian,card,2026-08-05T12:07:13Z
txn_30aea983ed21,acc_00075,701.36,SGD,completed,Starbucks,googlepay,2026-08-05T12:07:36Z
txn_c02cdd2e29ba,acc_00313,864.99,SGD,denied,McDonald's,card,2026-08-05T12:07:50Z
txn_22d1be6bd092,acc_00233,256.69,SGD,denied,McDonald's,card,2026-08-05T12:07:57Z
txn_0e2c778ee095,acc_00128,161.38,SGD,denied,Watsons,paynow,2026-08-05T12:08:07Z
txn_7cb1d1271d96,acc_00386,245.02,SGD,denied,NTUC FairPrice,applepay,2026-08-05T12:08:11Z
txn_a67d301767af,acc_00351,494.66,SGD,completed,Grab,grabpay,2026-08-05T12:08:34Z
txn_57700ba0bdeb,acc_00341,262.63,SGD,completed,NTUC FairPrice,googlepay,2026-08-05T12:08:38Z
txn_f5be8968df13,acc_00407,185.57,SGD,denied,NTUC FairPrice,card,2026-08-05T12:08:51Z
txn_18f49b603f39,acc_00478,238.41,SGD,completed,Shopee,grabpay,2026-08-05T12:09:01Z
txn_dab9c269f6b7,acc_00300,220.26,SGD,denied,Starbucks,card,2026-08-05T12:09:18Z
txn_9e7cd5b55743,acc_00474,786.32,SGD,completed,NTUC FairPrice,googlepay,2026-08-05T12:09:45Z
txn_661916ad011e,acc_00473,85.81,SGD,completed,Grab,grabpay,2026-08-05T12:10:02Z
txn_c2e53f2bd798,acc_00028,581.26,SGD,completed,Starbucks,grabpay,2026-08-05T12:10:16Z
txn_1629c4d7b49c,acc_00014,196.66,SGD,completed,NTUC FairPrice,paynow,2026-08-05T12:10:46Z
txn_3c10b2922a75,acc_00054,518.97,SGD,denied,Shopee,paynow,2026-08-05T12:11:35Z
txn_841015a8c213,acc_00330,884.19,SGD,completed,Cold Storage,card,2026-08-05T12:12:02Z
txn_89468f8aae2e,acc_00368,176.58,SGD,denied,Grab,applepay,2026-08-05T12:12:50Z
txn_be2c53c26ac2,acc_00256,652.09,SGD,completed,Starbucks,card,2026-08-05T12:13:03Z
txn_5e01012ff621,acc_00427,389.76,SGD,completed,Guardian,googlepay,2026-08-05T12:14:03Z
txn_9b408f7c7ec0,acc_00047,201.82,SGD,pending,Shopee,paynow,2026-08-05T12:14:22Z
txn_834d0eba095a,acc_00403,345.83,SGD,completed,Watsons,googlepay,2026-08-05T12:14:43Z
txn_ac863af02d5a,acc_00452,407.09,SGD,denied,Guardian,applepay,2026-08-05T12:14:52Z
txn_27640cc66b51,acc_00126,549.75,SGD,denied,Grab,grabpay,2026-08-05T12:15:13Z
txn_704e7b4805a3,acc_00249,781.53,MYR,pending,Shopee,grabpay,2026-08-05T12:15:23Z
txn_5e76030fe6cd,acc_00294,291.37,SGD,denied,Cold Storage,card,2026-08-05T12:15:42Z
txn_9071b30a4acc,acc_00218,479.71,SGD,completed,Shopee,card,2026-08-05T12:16:26Z
txn_0c0487f8a030,acc_00395,10.78,SGD,completed,Guardian,grabpay,2026-08-05T12:16:34Z
txn_aaebb8ae3b0e,acc_00154,885.98,SGD,completed,Watsons,applepay,2026-08-05T12:17:05Z
txn_209d4f7ac67e,acc_00453,95.93,SGD,denied,Starbucks,googlepay,2026-08-05T12:17:18Z
txn_71f00a178720,acc_00027,585.33,SGD,completed,McDonald's,applepay,2026-08-05T12:17:19Z
txn_e72ef019ff64,acc_00399,693.87,SGD,completed,Grab,applepay,2026-08-05T12:17:20Z
txn_d243ac692b85,acc_00085,544.23,SGD,completed,McDonald's,card,2026-08-05T12:17:24Z
txn_6f66ba30e2db,acc_00141,7.63,SGD,pending,Watsons,applepay,2026-08-05T12:17:27Z
txn_a6beb3bff877,acc_00459,695.19,SGD,denied,Starbucks,googlepay,2026-08-05T12:17:39Z
txn_d7d3d6f7590c,acc_00322,110.63,SGD,pending,7-Eleven,paynow,2026-08-05T12:17:42Z
txn_3752a69b8ff7,acc_00371,574.93,SGD,pending,Watsons,card,2026-08-05T12:17:52Z
txn_d5d80061eeb3,acc_00371,513.10,SGD,completed,Lazada,grabpay,2026-08-05T12:18:14Z
txn_fff29fe3cf68,acc_00044,194.41,SGD,completed,Watsons,card,2026-08-05T12:18:39Z
txn_63e27b11ccce,acc_00336,284.53,SGD,denied,Guardian,paynow,2026-08-05T12:19:01Z
txn_35f01c7b1075,acc_00380,832.94,SGD,completed,7-Eleven,paynow,2026-08-05T12:19:45Z
txn_4808cad36bf5,acc_00497,849.74,MYR,completed,Guardian,applepay,2026-08-05T12:19:52Z
txn_f2015e269f8b,acc_00376,636.22,SGD,completed,NTUC FairPrice,googlepay,2026-08-05T12:20:20Z
txn_2f184bda38eb,acc_00288,523.55,SGD,completed,Guardian,googlepay,2026-08-05T12:20:44Z
txn_382e849c0bb1,acc_00279,796.26,SGD,denied,Watsons,card,2026-08-05T12:20:48Z
txn_7ee9ad47d2f1,acc_00211,421.65,SGD,completed,NTUC FairPrice,applepay,2026-08-05T12:21:13Z
txn_739658ed7f37,acc_00283,532.72,SGD,completed,McDonald's,googlepay,2026-08-05T12:21:49Z
txn_22b562e8e985,acc_00172,597.76,MYR,denied,NTUC FairPrice,googlepay,2026-08-05T12:21:57Z
txn_93a8cdb43516,acc_00350,527.12,SGD,denied,Shopee,applepay,2026-08-05T12:22:09Z
txn_83f4b91d0386,acc_00094,403.98,SGD,pending,Guardian,grabpay,2026-08-05T12:22:15Z
txn_aa204d39838d,acc_00444,786.43,SGD,pending,Lazada,grabpay,2026-08-05T12:22:35Z
txn_494ca82818e4,acc_00344,407.59,SGD,pending,Starbucks,applepay,2026-08-05T12:22:42Z
txn_2a826a76e13b,acc_00284,298.46,SGD,pending,Cold Storage,paynow,2026-08-05T12:22:47Z
txn_7ec3de38b6f4,acc_00228,456.63,SGD,denied,Shopee,paynow,2026-08-05T12:22:59Z
txn_30bf09ea5b1e,acc_00266,837.69,SGD,completed,Guardian,googlepay,2026-08-05T12:23:02Z
txn_47b6e7dc468c,acc_00431,725.33,SGD,completed,7-Eleven,grabpay,2026-08-05T12:23:19Z
txn_ab05db458a99,acc_00457,201.13,SGD,pending,Lazada,grabpay,2026-08-05T12:23:35Z
txn_9c02d133936a,acc_00243,212.26,MYR,denied,McDonald's,applepay,2026-08-05T12:24:10Z
txn_6f0a905b0617,acc_00270,431.49,SGD,denied,Lazada,paynow,2026-08-05T12:24:23Z
txn_589f6390a4df,acc_00466,785.00,SGD,pending,Cold Storage,googlepay,2026-08-05T12:24:23Z
txn_a48025b36425,acc_00432,107.57,SGD,completed,Starbucks,card,2026-08-05T12:24:43Z
txn_8eff14a1dc76,acc_00220,551.43,MYR,completed,Watsons,grabpay,2026-08-05T12:25:08Z
txn_72af6e1f97fa,acc_00161,529.51,SGD,pending,Guardian,grabpay,2026-08-05T12:25:39Z
txn_4a003b5ff276,acc_00455,598.06,SGD,denied,Guardian,applepay,2026-08-05T12:25:40Z
txn_3db7d120ed06,acc_00187,645.03,SGD,completed,Lazada,card,2026-08-05T12:25:42Z
txn_00f56f729067,acc_00421,114.56,MYR,pending,Shopee,card,2026-08-05T12:25:44Z
txn_852640010139,acc_00201,437.19,SGD,denied,McDonald's,googlepay,2026-08-05T12:25:47Z
txn_1c3a7830c5d0,acc_00346,527.31,SGD,denied,Cold Storage,grabpay,2026-08-05T12:26:10Z
txn_56f26cfea0f5,acc_00423,48.09,SGD,completed,McDonald's,googlepay,2026-08-05T12:26:21Z
txn_e28a75a40c85,acc_00096,392.11,SGD,completed,NTUC FairPrice,googlepay,2026-08-05T12:26:33Z
txn_f94fd7771318,acc_00484,772.43,SGD,completed,Cold Storage,card,2026-08-05T12:26:41Z
txn_1c8806c78a44,acc_00126,473.98,SGD,pending,7-Eleven,paynow,2026-08-05T12:27:00Z
txn_638621532077,acc_00357,339.19,SGD,denied,Starbucks,applepay,2026-08-05T12:27:23Z
txn_cfb0a796624c,acc_00175,726.76,SGD,denied,McDonald's,card,2026-08-05T12:27:55Z
txn_d3d6302137a9,acc_00212,207.31,SGD,completed,Watsons,card,2026-08-05T12:27:57Z
txn_8189de2263df,acc_00329,625.10,SGD,pending,Lazada,grabpay,2026-08-05T12:28:04Z
txn_b2ddd9d12c1b,acc_00156,806.97,SGD,denied,McDonald's,paynow,2026-08-05T12:28:26Z
txn_9b467e0c31bf,acc_00147,832.26,SGD,denied,Grab,googlepay,2026-08-05T12:28:26Z
txn_e630fda68f1a,acc_00272,270.27,SGD,completed,Shopee,paynow,2026-08-05T12:28:34Z
txn_a2ef2585ac1d,acc_00184,805.33,MYR,completed,Grab,grabpay,2026-08-05T12:28:41Z
txn_a28ec0306e38,acc_00447,722.28,SGD,completed,Starbucks,googlepay,2026-08-05T12:28:50Z
txn_3d86eebe446a,acc_00401,631.44,SGD,completed,Watsons,card,2026-08-05T12:28:57Z
txn_15737dd4775d,acc_00172,484.55,SGD,completed,Watsons,card,2026-08-05T12:29:05Z
txn_a2289a3f0aa0,acc_00277,264.79,SGD,pending,Watsons,applepay,2026-08-05T12:29:11Z
txn_679d9e82325f,acc_00379,51.45,MYR,completed,Cold Storage,card,2026-08-05T12:29:53Z
txn_22fa7a654541,acc_00183,654.05,SGD,completed,Cold Storage,grabpay,2026-08-05T12:30:10Z
txn_6397e77ac1e3,acc_00310,429.37,SGD,completed,McDonald's,card,2026-08-05T12:30:15Z
txn_14ba1fb65766,acc_00358,394.01,SGD,completed,Lazada,applepay,2026-08-05T12:31:08Z
txn_41b34f9ac586,acc_00068,100.98,SGD,completed,Shopee,paynow,2026-08-05T12:31:44Z
txn_4698af57f515,acc_00319,731.17,SGD,completed,NTUC FairPrice,grabpay,2026-08-05T12:31:45Z
txn_fc6c89b149aa,acc_00356,537.26,SGD,pending,Grab,card,2026-08-05T12:32:01Z
txn_69252ede008b,acc_00221,191.88,SGD,completed,Watsons,grabpay,2026-08-05T12:32:03Z
txn_eea45e31ea6b,acc_00250,615.41,SGD,pending,Lazada,card,2026-08-05T12:32:36Z
txn_baeb60ca904b,acc_00240,373.35,SGD,denied,Lazada,applepay,2026-08-05T12:32:49Z
txn_16b49559c3c2,acc_00046,843.67,SGD,completed,Shopee,paynow,2026-08-05T12:33:05Z
txn_393093e91a76,acc_00486,838.44,MYR,pending,Shopee,paynow,2026-08-05T12:33:07Z
txn_4138c4198c80,acc_00212,457.22,SGD,completed,Starbucks,grabpay,2026-08-05T12:33:08Z
txn_c76870f21f03,acc_00056,809.27,SGD,pending,Grab,applepay,2026-08-05T12:33:37Z
txn_2b211c3a86ba,acc_00199,406.08,SGD,pending,Guardian,grabpay,2026-08-05T12:33:59Z
txn_71eed77baac2,acc_00331,628.57,SGD,completed,Starbucks,googlepay,2026-08-05T12:34:03Z
txn_027a3fba8028,acc_00430,712.39,SGD,completed,Guardian,googlepay,2026-08-05T12:34:11Z
txn_a243a40478a1,acc_00330,186.61,SGD,denied,Guardian,applepay,2026-08-05T12:34:12Z
txn_c39958a3546e,acc_00097,573.74,SGD,completed,Watsons,paynow,2026-08-05T12:34:12Z
txn_494a4a41da81,acc_00131,364.13,MYR,completed,McDonald's,googlepay,2026-08-05T12:34:19Z
txn_94fbc6879cd4,acc_00434,425.17,SGD,pending,Shopee,card,2026-08-05T12:34:29Z
txn_af4020bd14d7,acc_00462,260.65,SGD,completed,Grab,applepay,2026-08-05T12:34:53Z
txn_c8334d9722b2,acc_00055,495.18,SGD,completed,Shopee,grabpay,2026-08-05T12:35:44Z
txn_f248e902d0b9,acc_00266,139.83,SGD,completed,7-Eleven,paynow,2026-08-05T12:35:53Z
txn_c3835af0cb47,acc_00264,614.99,SGD,completed,McDonald's,grabpay,2026-08-05T12:36:24Z
txn_51b3ad9d2075,acc_00417,68.35,SGD,denied,NTUC FairPrice,grabpay,2026-08-05T12:36:32Z
txn_bf19e481168e,acc_00496,3.51,SGD,completed,NTUC FairPrice,googlepay,2026-08-05T12:37:16Z
txn_ddf9b80ee570,acc_00338,511.64,MYR,completed,Grab,grabpay,2026-08-05T12:37:33Z
txn_64e5cf7e333c,acc_00046,436.28,SGD,completed,Watsons,googlepay,2026-08-05T12:38:16Z
txn_5c9db23ed842,acc_00185,523.15,MYR,pending,Starbucks,card,2026-08-05T12:38:41Z
txn_5c143db7ef2b,acc_00221,468.42,MYR,denied,7-Eleven,card,2026-08-05T12:38:47Z
txn_c83577bf5174,acc_00471,83.42,SGD,denied,Guardian,grabpay,2026-08-05T12:39:04Z
txn_63516c96e81c,acc_00340,383.81,SGD,pending,7-Eleven,card,2026-08-05T12:39:17Z
txn_ff3075d4ac38,acc_00210,21.29,SGD,completed,NTUC FairPrice,card,2026-08-05T12:39:51Z
txn_ed01bde7f62c,acc_00375,727.98,SGD,completed,NTUC FairPrice,grabpay,2026-08-05T12:40:03Z
txn_53b195a0ae9f,acc_00093,897.25,SGD,pending,Grab,applepay,2026-08-05T12:40:07Z
txn_118677d76093,acc_00356,717.77,MYR,completed,Starbucks,applepay,2026-08-05T12:40:10Z
txn_1a805368735c,acc_00117,283.46,SGD,completed,Guardian,paynow,2026-08-05T12:41:20Z
txn_10b5e61d67a5,acc_00187,447.57,SGD,completed,Watsons,grabpay,2026-08-05T12:41:26Z
txn_e69f788ab745,acc_00436,504.73,MYR,completed,Guardian,applepay,2026-08-05T12:41:42Z
txn_3ea4c0bd53b5,acc_00205,768.80,SGD,pending,McDonald's,card,2026-08-05T12:42:15Z
txn_ee2c3ae2470c,acc_00495,393.15,SGD,completed,Grab,applepay,2026-08-05T12:42:19Z
txn_c4f5ead7d9c4,acc_00120,646.41,MYR,completed,Guardian,card,2026-08-05T12:42:38Z
txn_9f399f6a71fd,acc_00302,34.81,SGD,denied,McDonald's,card,2026-08-05T12:43:14Z
txn_ef00285a7011,acc_00078,215.91,SGD,denied,7-Eleven,grabpay,2026-08-05T12:43:32Z
txn_659d052374ea,acc_00447,37.25,SGD,completed,Lazada,applepay,2026-08-05T12:43:50Z
txn_b5ce9ab258db,acc_00130,751.82,SGD,completed,Watsons,card,2026-08-05T12:44:30Z
txn_1ba6b2c617fe,acc_00472,454.58,SGD,completed,McDonald's,applepay,2026-08-05T12:45:11Z
txn_6bf13492555a,acc_00049,57.34,SGD,denied,Shopee,card,2026-08-05T12:45:34Z
txn_35f36225b3a7,acc_00046,475.87,SGD,pending,Guardian,card,2026-08-05T12:45:43Z
txn_4ea89492fb62,acc_00126,853.07,SGD,completed,7-Eleven,card,2026-08-05T12:45:47Z
txn_d0cded76955c,acc_00225,779.09,SGD,completed,Lazada,googlepay,2026-08-05T12:45:57Z
txn_ac231680d967,acc_00216,421.85,SGD,completed,Guardian,applepay,2026-08-05T12:46:11Z
txn_73994ad64e73,acc_00097,515.56,SGD,denied,7-Eleven,applepay,2026-08-05T12:46:35Z
txn_211d3f2a22f3,acc_00262,570.81,SGD,denied,Lazada,grabpay,2026-08-05T12:46:59Z
txn_fc4d97637293,acc_00175,344.06,SGD,completed,7-Eleven,applepay,2026-08-05T12:47:21Z
txn_12dc02d73e5d,acc_00282,126.15,SGD,completed,Guardian,grabpay,2026-08-05T12:48:29Z
txn_8fc9d06c65bd,acc_00401,536.77,SGD,pending,Cold Storage,googlepay,2026-08-05T12:48:49Z
txn_dfa0ad5774ca,acc_00271,447.81,SGD,denied,McDonald's,googlepay,2026-08-05T12:49:11Z
txn_691b61112272,acc_00499,239.29,SGD,completed,NTUC FairPrice,googlepay,2026-08-05T12:49:16Z
txn_a1fe212ab157,acc_00431,789.76,SGD,denied,Shopee,card,2026-08-05T12:49:33Z
txn_6ed686cf1575,acc_00285,471.89,SGD,denied,McDonald's,googlepay,2026-08-05T12:49:38Z
txn_a5cc469053c0,acc_00103,746.60,SGD,denied,McDonald's,grabpay,2026-08-05T12:49:49Z
txn_2ea33275b644,acc_00421,462.52,SGD,completed,McDonald's,card,2026-08-05T12:50:00Z
txn_7a4e27582ec2,acc_00359,861.79,SGD,denied,Shopee,card,2026-08-05T12:50:12Z
txn_13a24f064131,acc_00123,590.37,SGD,completed,Cold Storage,applepay,2026-08-05T12:51:25Z
txn_8ac2956d09b1,acc_00349,249.37,SGD,completed,Lazada,applepay,2026-08-05T12:51:31Z
txn_0efe204d155f,acc_00284,646.32,SGD,completed,Cold Storage,card,2026-08-05T12:51:52Z
txn_77acf2aaa5cf,acc_00119,200.34,MYR,denied,Cold Storage,googlepay,2026-08-05T12:52:20Z
txn_55c00406d7fa,acc_00202,687.01,SGD,pending,NTUC FairPrice,applepay,2026-08-05T12:52:28Z
txn_bfcd000dc6b2,acc_00262,553.72,SGD,completed,Lazada,grabpay,2026-08-05T12:54:00Z
txn_eaac25b8153e,acc_00033,380.98,SGD,denied,7-Eleven,card,2026-08-05T12:54:05Z
txn_096c1f978c03,acc_00333,54.15,SGD,pending,Shopee,card,2026-08-05T12:54:13Z
txn_7d844aa1a51c,acc_00122,555.27,SGD,completed,Starbucks,card,2026-08-05T12:54:23Z
txn_d8f97c8f89b1,acc_00153,320.12,SGD,completed,Shopee,applepay,2026-08-05T12:54:29Z
txn_8bda5093636b,acc_00239,818.67,SGD,completed,Guardian,grabpay,2026-08-05T12:55:00Z
txn_b62ff26bc53e,acc_00124,241.71,SGD,completed,Guardian,applepay,2026-08-05T12:55:04Z
txn_e48899adeb98,acc_00015,446.14,SGD,completed,McDonald's,paynow,2026-08-05T12:55:07Z
txn_44c1c8e9f3a6,acc_00244,772.94,SGD,pending,Lazada,paynow,2026-08-05T12:55:24Z
txn_5c596b620e63,acc_00211,542.88,MYR,denied,McDonald's,googlepay,2026-08-05T12:55:40Z
txn_c9a48c82012b,acc_00093,410.31,SGD,denied,McDonald's,applepay,2026-08-05T12:56:10Z
txn_40417856e1fd,acc_00262,383.86,SGD,pending,Guardian,grabpay,2026-08-05T12:56:30Z
txn_1afd0831d1d3,acc_00181,898.39,SGD,pending,Lazada,grabpay,2026-08-05T12:57:47Z
txn_976eb1b17633,acc_00143,688.92,MYR,denied,Cold Storage,applepay,2026-08-05T12:57:54Z
txn_b64458f1db91,acc_00378,709.23,MYR,completed,Starbucks,card,2026-08-05T12:58:03Z
txn_978b28dee596,acc_00058,78.95,MYR,pending,Starbucks,applepay,2026-08-05T12:58:14Z
txn_d031a1e75975,acc_00197,362.19,SGD,completed,Starbucks,grabpay,2026-08-05T12:58:24Z
txn_986d5f46b624,acc_00225,786.77,SGD,completed,McDonald's,card,2026-08-05T12:58:34Z
txn_5001de89ad2e,acc_00106,203.82,SGD,denied,Grab,paynow,2026-08-05T12:58:47Z
txn_ba71d609da33,acc_00044,21.77,SGD,completed,Grab,grabpay,2026-08-05T12:59:12Z
txn_b8f5559d60d3,acc_00301,181.52,SGD,denied,Guardian,googlepay,2026-08-05T12:59:37Z
txn_a63847d006b2,acc_00399,681.95,SGD,pending,NTUC FairPrice,googlepay,2026-08-05T13:00:29Z
txn_7118797b5df1,acc_00113,28.80,SGD,completed,McDonald's,googlepay,2026-08-05T13:00:49Z
txn_ac26fd63e029,acc_00240,794.47,SGD,completed,NTUC FairPrice,paynow,2026-08-05T13:01:30Z
txn_6ee96f95f15f,acc_00357,488.94,SGD,denied,Guardian,grabpay,2026-08-05T13:02:04Z
txn_f55dceb6b73c,acc_00396,253.96,SGD,pending,Shopee,card,2026-08-05T13:02:17Z
txn_7717af31be27,acc_00085,405.98,SGD,pending,Grab,googlepay,2026-08-05T13:02:41Z
txn_3514aa69a7ba,acc_00188,129.39,SGD,completed,Starbucks,card,2026-08-05T13:02:45Z
txn_e69d4454dffe,acc_00120,278.59,SGD,denied,Lazada,googlepay,2026-08-05T13:02:57Z
txn_040b36a46ac0,acc_00256,599.79,SGD,pending,7-Eleven,grabpay,2026-08-05T13:03:05Z
txn_c34753378fb9,acc_00406,841.92,SGD,completed,NTUC FairPrice,applepay,2026-08-05T13:03:24Z
txn_25f8be22d6c8,acc_00155,619.15,MYR,completed,Grab,grabpay,2026-08-05T13:03:47Z
txn_3419faed362f,acc_00114,592.29,MYR,completed,Guardian,grabpay,2026-08-05T13:03:53Z
txn_3249081793bf,acc_00489,621.11,SGD,completed,Guardian,googlepay,2026-08-05T13:04:04Z
txn_7e6e18597066,acc_00197,768.36,SGD,completed,Starbucks,googlepay,2026-08-05T13:04:09Z
txn_5744edfb6465,acc_00497,409.72,SGD,completed,Lazada,applepay,2026-08-05T13:04:16Z
txn_2cc0049557a6,acc_00148,128.41,SGD,pending,Guardian,card,2026-08-05T13:04:19Z
txn_0c2d251f0a2a,acc_00155,80.59,SGD,denied,Shopee,card,2026-08-05T13:04:38Z
txn_85266cd42d6d,acc_00387,350.26,SGD,denied,McDonald's,paynow,2026-08-05T13:04:44Z
txn_56d2da37cbf5,acc_00492,602.61,SGD,completed,Shopee,card,2026-08-05T13:05:28Z
txn_eec373ae7629,acc_00262,465.44,SGD,denied,Shopee,card,2026-08-05T13:05:51Z
txn_54dfc2f201eb,acc_00285,105.88,SGD,pending,Lazada,googlepay,2026-08-05T13:06:14Z
txn_af258d5d50c2,acc_00028,419.80,SGD,completed,Starbucks,grabpay,2026-08-05T13:06:54Z
txn_ecd1c2af4971,acc_00430,567.80,SGD,completed,Cold Storage,grabpay,2026-08-05T13:07:06Z
txn_f5ecd51d8a74,acc_00072,138.53,SGD,completed,Lazada,card,2026-08-05T13:07:07Z
txn_c4cfd2aca40a,acc_00181,218.40,SGD,completed,Grab,googlepay,2026-08-05T13:07:45Z
txn_b102c2b97b88,acc_00356,537.38,SGD,completed,Cold Storage,grabpay,2026-08-05T13:07:47Z
txn_56743b809e35,acc_00495,670.45,SGD,completed,Guardian,googlepay,2026-08-05T13:08:01Z
txn_1d02fd827d51,acc_00100,442.69,MYR,denied,Watsons,card,2026-08-05T13:08:45Z
txn_5aa39b34d66d,acc_00237,642.07,SGD,completed,NTUC FairPrice,grabpay,2026-08-05T13:08:52Z
txn_ec929d234c6c,acc_00001,272.37,SGD,completed,Grab,grabpay,2026-08-05T13:09:02Z
txn_8dc1a89b8fe0,acc_00136,770.73,SGD,completed,7-Eleven,applepay,2026-08-05T13:09:37Z
txn_14975756618c,acc_00110,289.86,SGD,denied,Starbucks,card,2026-08-05T13:09:41Z
txn_f62ef48bbe83,acc_00365,678.75,SGD,pending,Guardian,card,2026-08-05T13:10:07Z
txn_9eec530db21e,acc_00071,722.08,SGD,pending,McDonald's,googlepay,2026-08-05T13:10:18Z
txn_5f225908d83c,acc_00446,489.47,SGD,completed,Lazada,googlepay,2026-08-05T13:10:19Z
txn_ceaccb0e95c6,acc_00240,487.94,SGD,completed,Shopee,applepay,2026-08-05T13:10:23Z
txn_4fe72e07d02b,acc_00324,678.71,SGD,completed,Cold Storage,paynow,2026-08-05T13:11:02Z
txn_aad37168b2e5,acc_00397,862.24,SGD,denied,Starbucks,grabpay,2026-08-05T13:11:35Z
txn_2b5ea1dc8445,acc_00386,152.50,SGD,completed,Cold Storage,grabpay,2026-08-05T13:11:56Z
txn_a229e307079f,acc_00060,737.40,SGD,pending,7-Eleven,grabpay,2026-08-05T13:12:02Z
txn_6cdc641634b5,acc_00332,383.23,SGD,completed,Grab,card,2026-08-05T13:12:20Z
txn_eb38fe8632e8,acc_00470,839.44,SGD,completed,Shopee,paynow,2026-08-05T13:12:26Z
txn_62a23f4cdde2,acc_00471,3.01,SGD,pending,NTUC FairPrice,card,2026-08-05T13:12:56Z
txn_0ae6c0364cfd,acc_00418,553.06,SGD,completed,Lazada,applepay,2026-08-05T13:12:59Z
txn_2e40a457f440,acc_00077,875.56,SGD,completed,NTUC FairPrice,card,2026-08-05T13:13:01Z
txn_1f089a57b0e2,acc_00181,676.77,SGD,denied,Cold Storage,grabpay,2026-08-05T13:13:22Z
txn_a1ed305849b9,acc_00230,62.24,SGD,completed,Watsons,card,2026-08-05T13:13:34Z
txn_3484f72a1de4,acc_00173,448.31,SGD,completed,Guardian,grabpay,2026-08-05T13:13:42Z
txn_4482561878d5,acc_00440,492.65,SGD,completed,Starbucks,applepay,2026-08-05T13:13:49Z
txn_1939cf9cbd50,acc_00126,197.22,SGD,denied,Lazada,googlepay,2026-08-05T13:13:53Z
txn_461a8eb1a6f8,acc_00256,414.74,SGD,denied,Lazada,paynow,2026-08-05T13:14:12Z
txn_d8754cebdc07,acc_00032,460.10,SGD,completed,Grab,grabpay,2026-08-05T13:14:14Z
txn_1454cd8bd1be,acc_00466,546.85,SGD,completed,Cold Storage,applepay,2026-08-05T13:14:15Z
txn_9d8020baaa09,acc_00023,773.16,SGD,completed,NTUC FairPrice,applepay,2026-08-05T13:15:07Z
txn_7a6be1e7b83e,acc_00404,616.98,MYR,completed,NTUC FairPrice,googlepay,2026-08-05T13:15:08Z
txn_614361c7d03c,acc_00252,661.99,SGD,completed,McDonald's,grabpay,2026-08-05T13:15:48Z
txn_0b0e2c82d95f,acc_00316,594.32,MYR,completed,Guardian,googlepay,2026-08-05T13:16:14Z
txn_94f1651114de,acc_00061,889.61,SGD,completed,NTUC FairPrice,paynow,2026-08-05T13:16:59Z
txn_8123be56684d,acc_00047,848.30,SGD,completed,Starbucks,applepay,2026-08-05T13:17:03Z
txn_73e5ee11ec9a,acc_00218,275.63,SGD,completed,7-Eleven,googlepay,2026-08-05T13:18:19Z
txn_a182b556962b,acc_00066,877.63,SGD,completed,7-Eleven,googlepay,2026-08-05T13:18:40Z
txn_aac9a00ca999,acc_00066,174.55,SGD,completed,Watsons,grabpay,2026-08-05T13:19:33Z
txn_cc7c5d3545d7,acc_00109,661.33,MYR,denied,Shopee,card,2026-08-05T13:20:49Z
txn_646ce9e1ad78,acc_00481,108.87,SGD,completed,Watsons,card,2026-08-05T13:21:29Z
txn_7daa46023e3d,acc_00106,446.69,SGD,completed,McDonald's,grabpay,2026-08-05T13:21:34Z
txn_04417df3b878,acc_00494,153.76,SGD,completed,Shopee,card,2026-08-05T13:21:50Z
txn_3f8887f2f074,acc_00036,479.19,SGD,completed,Cold Storage,googlepay,2026-08-05T13:21:58Z
txn_f996014a69df,acc_00244,433.71,SGD,completed,Guardian,applepay,2026-08-05T13:22:27Z
txn_68a4baf6ccbe,acc_00414,578.69,SGD,completed,Starbucks,googlepay,2026-08-05T13:22:46Z
txn_1522dd869497,acc_00037,207.98,SGD,completed,Grab,grabpay,2026-08-05T13:22:57Z
txn_85661a17e1e6,acc_00141,640.53,SGD,completed,NTUC FairPrice,grabpay,2026-08-05T13:23:07Z
txn_f8275857f020,acc_00467,489.91,SGD,completed,Guardian,grabpay,2026-08-05T13:23:07Z
txn_efe4774cf6fb,acc_00244,615.25,SGD,completed,7-Eleven,applepay,2026-08-05T13:23:20Z
txn_ec727c5341c1,acc_00098,259.28,SGD,completed,Cold Storage,card,2026-08-05T13:23:57Z
txn_f33e8852d047,acc_00074,259.96,SGD,pending,Cold Storage,paynow,2026-08-05T13:24:04Z
txn_0afae633a074,acc_00241,639.56,SGD,completed,McDonald's,googlepay,2026-08-05T13:24:13Z
txn_097923474bce,acc_00342,335.08,SGD,denied,NTUC FairPrice,googlepay,2026-08-05T13:24:26Z
txn_ee2447dd77cf,acc_00273,442.13,MYR,completed,McDonald's,card,2026-08-05T13:24:41Z
txn_c69148e6ded8,acc_00405,356.63,SGD,denied,Grab,applepay,2026-08-05T13:25:11Z
txn_556411ad0216,acc_00092,661.64,SGD,completed,Starbucks,applepay,2026-08-05T13:25:18Z
txn_579bc5d1bd7d,acc_00381,422.61,SGD,completed,7-Eleven,card,2026-08-05T13:26:00Z
txn_71bf0b5dc849,acc_00200,193.46,SGD,completed,Cold Storage,googlepay,2026-08-05T13:26:02Z
txn_cc9c8cdfb16f,acc_00063,781.43,SGD,completed,NTUC FairPrice,googlepay,2026-08-05T13:26:44Z
txn_5450dbf576ee,acc_00356,193.34,SGD,completed,Shopee,googlepay,2026-08-05T13:26:49Z
txn_6520e770899c,acc_00448,645.87,SGD,pending,Lazada,googlepay,2026-08-05T13:27:03Z
txn_51e5a5156e91,acc_00233,442.54,SGD,denied,Grab,card,2026-08-05T13:27:15Z
txn_9a1cde39cae4,acc_00212,136.47,SGD,denied,Lazada,grabpay,2026-08-05T13:27:19Z
txn_fd1018753478,acc_00472,856.75,MYR,pending,Grab,card,2026-08-05T13:27:22Z
txn_ac7af4929aaf,acc_00376,346.55,SGD,completed,Cold Storage,applepay,2026-08-05T13:27:51Z
txn_6d297efcaf2f,acc_00215,604.75,SGD,completed,Shopee,applepay,2026-08-05T13:28:22Z
txn_70f8b969c9c7,acc_00194,196.48,SGD,completed,Guardian,card,2026-08-05T13:28:50Z
txn_dbbb8d1bdfcc,acc_00074,283.04,SGD,completed,Starbucks,paynow,2026-08-05T13:29:27Z
txn_fed2f1713f0a,acc_00461,766.83,SGD,completed,Cold Storage,applepay,2026-08-05T13:29:27Z
txn_05f754790f49,acc_00178,375.85,SGD,completed,Shopee,applepay,2026-08-05T13:29:29Z
txn_156826b2eb36,acc_00408,885.49,SGD,completed,Watsons,applepay,2026-08-05T13:29:31Z
txn_aae2b6c84a80,acc_00315,69.70,SGD,denied,Lazada,paynow,2026-08-05T13:29:53Z
txn_488baeda96b0,acc_00003,230.15,MYR,pending,Cold Storage,applepay,2026-08-05T13:30:14Z
txn_69b4a91a3881,acc_00043,686.87,SGD,completed,Starbucks,googlepay,2026-08-05T13:30:14Z
txn_f835a230a2c0,acc_00428,697.51,SGD,completed,Starbucks,applepay,2026-08-05T13:30:18Z
txn_25f1885d55a1,acc_00371,413.39,SGD,pending,Shopee,googlepay,2026-08-05T13:30:19Z
txn_6f24e6e077c3,acc_00292,627.10,SGD,completed,Lazada,card,2026-08-05T13:30:22Z
txn_bbc9d8d5203a,acc_00202,628.49,MYR,denied,Guardian,paynow,2026-08-05T13:30:26Z
txn_53e3041a0c34,acc_00419,92.93,SGD,completed,Grab,paynow,2026-08-05T13:30:36Z
txn_362e59b3aac0,acc_00310,400.49,SGD,denied,Guardian,googlepay,2026-08-05T13:30:57Z
txn_6bd5011cad69,acc_00170,379.79,SGD,completed,McDonald's,grabpay,2026-08-05T13:31:01Z
txn_4d6310d8ddf4,acc_00008,445.48,SGD,pending,Cold Storage,applepay,2026-08-05T13:31:19Z
txn_a9d251d3e305,acc_00161,588.29,SGD,pending,Shopee,card,2026-08-05T13:31:30Z
txn_27ddcf2562bf,acc_00125,429.90,SGD,denied,7-Eleven,grabpay,2026-08-05T13:31:42Z
txn_900d69f1fb82,acc_00185,667.80,SGD,denied,Watsons,googlepay,2026-08-05T13:31:45Z
txn_714c40d4177e,acc_00377,576.28,SGD,completed,Guardian,applepay,2026-08-05T13:32:53Z
txn_07216d2f8ad9,acc_00465,444.67,SGD,completed,Lazada,googlepay,2026-08-05T13:32:53Z
txn_5afa59453945,acc_00007,57.85,SGD,completed,Lazada,applepay,2026-08-05T13:33:10Z
txn_f7600558aad4,acc_00443,386.46,MYR,completed,Lazada,card,2026-08-05T13:33:16Z
txn_e96a9186cc89,acc_00150,662.11,SGD,completed,NTUC FairPrice,googlepay,2026-08-05T13:33:39Z
txn_2ce6723e045f,acc_00365,253.64,SGD,completed,Watsons,applepay,2026-08-05T13:33:43Z
txn_40705f83d5c5,acc_00436,637.25,SGD,completed,Starbucks,googlepay,2026-08-05T13:33:45Z
txn_6d0ebb3ac480,acc_00463,444.91,SGD,completed,Cold Storage,grabpay,2026-08-05T13:34:07Z
txn_7e27a3ddb5df,acc_00165,225.31,SGD,completed,Grab,googlepay,2026-08-05T13:34:24Z
txn_04481acd3acd,acc_00133,668.50,SGD,denied,McDonald's,googlepay,2026-08-05T13:34:26Z
txn_cad557f49ab0,acc_00497,477.22,SGD,denied,Grab,paynow,2026-08-05T13:34:27Z
txn_82deece2fbde,acc_00368,396.41,SGD,completed,Grab,paynow,2026-08-05T13:34:40Z
txn_42983ec79512,acc_00124,83.35,SGD,completed,Starbucks,googlepay,2026-08-05T13:35:08Z
txn_0fc9bd8faa34,acc_00132,20.81,MYR,completed,Watsons,card,2026-08-05T13:35:09Z
txn_51adc47c8949,acc_00012,730.14,SGD,completed,Grab,paynow,2026-08-05T13:35:40Z
txn_dae8f1089223,acc_00217,50.94,SGD,pending,Guardian,card,2026-08-05T13:35:44Z
txn_299d25d3ecce,acc_00390,688.13,SGD,completed,Shopee,paynow,2026-08-05T13:35:57Z
txn_3a56205b4ba1,acc_00147,819.85,SGD,denied,McDonald's,paynow,2026-08-05T13:36:05Z
txn_5605181a728b,acc_00361,825.70,SGD,denied,7-Eleven,card,2026-08-05T13:36:07Z
txn_1245d9491697,acc_00442,384.14,SGD,denied,Lazada,paynow,2026-08-05T13:36:17Z
txn_c25cbb16633e,acc_00263,664.35,SGD,denied,McDonald's,googlepay,2026-08-05T13:36:34Z
txn_10dd69467f62,acc_00457,158.90,SGD,completed,7-Eleven,paynow,2026-08-05T13:36:34Z
txn_581e7ef860e9,acc_00362,751.41,SGD,pending,Starbucks,card,2026-08-05T13:36:42Z
txn_ff9077157db3,acc_00341,596.62,SGD,denied,Starbucks,grabpay,2026-08-05T13:37:04Z
txn_2fe6a76fe4a9,acc_00202,436.84,SGD,pending,Watsons,applepay,2026-08-05T13:37:30Z
txn_1c85231a9fe5,acc_00078,483.76,MYR,completed,Cold Storage,googlepay,2026-08-05T13:37:40Z
txn_e4b6282a11c6,acc_00461,818.37,SGD,completed,NTUC FairPrice,paynow,2026-08-05T13:37:54Z
txn_7674a8573d75,acc_00129,348.28,SGD,completed,7-Eleven,applepay,2026-08-05T13:38:13Z
txn_20d346effd50,acc_00296,888.90,SGD,completed,7-Eleven,applepay,2026-08-05T13:38:41Z
txn_137b5516b0b2,acc_00429,498.35,MYR,denied,Lazada,card,2026-08-05T13:38:45Z
txn_d54ae1b2dd10,acc_00028,358.31,SGD,completed,Starbucks,card,2026-08-05T13:39:00Z
txn_80151f5b6974,acc_00445,295.56,SGD,completed,Shopee,grabpay,2026-08-05T13:39:15Z
txn_ed596e147c30,acc_00110,833.77,SGD,completed,Starbucks,grabpay,2026-08-05T13:40:20Z
txn_e6969ab40d1f,acc_00296,599.26,SGD,completed,Guardian,grabpay,2026-08-05T13:40:27Z
txn_5780c1370c95,acc_00107,274.65,SGD,completed,Grab,googlepay,2026-08-05T13:40:53Z
txn_7b6e85623fe9,acc_00400,744.06,SGD,denied,Guardian,googlepay,2026-08-05T13:40:59Z
txn_8e52b0c76237,acc_00125,833.28,SGD,completed,Grab,googlepay,2026-08-05T13:41:40Z
txn_1356e7f716e9,acc_00206,64.95,SGD,completed,Watsons,paynow,2026-08-05T13:41:48Z
txn_eccf169ee1e3,acc_00150,576.89,MYR,pending,Cold Storage,googlepay,2026-08-05T13:42:04Z
txn_ea43965a3d9b,acc_00436,357.42,SGD,pending,Cold Storage,paynow,2026-08-05T13:43:20Z
txn_bdd4dbef5163,acc_00220,164.60,SGD,completed,Guardian,applepay,2026-08-05T13:43:41Z
txn_ab1b1cc8c1e8,acc_00232,777.18,SGD,completed,Cold Storage,applepay,2026-08-05T13:43:45Z
txn_567385cd6568,acc_00399,247.74,SGD,completed,NTUC FairPrice,card,2026-08-05T13:43:54Z
txn_88534c5dd718,acc_00058,495.89,MYR,denied,NTUC FairPrice,paynow,2026-08-05T13:44:12Z
txn_15fe08fd5800,acc_00394,124.05,SGD,completed,Starbucks,applepay,2026-08-05T13:44:39Z
txn_9ad86c8e595d,acc_00443,277.25,SGD,pending,Cold Storage,grabpay,2026-08-05T13:44:45Z
txn_5b1b3feed95e,acc_00431,28.94,SGD,completed,Grab,applepay,2026-08-05T13:44:56Z
txn_b560fdc0fa49,acc_00468,562.91,SGD,completed,Cold Storage,card,2026-08-05T13:45:09Z
txn_6de43f8c7459,acc_00137,20.81,SGD,denied,NTUC FairPrice,grabpay,2026-08-05T13:45:10Z
txn_af7ef362f52c,acc_00286,710.23,SGD,pending,Lazada,card,2026-08-05T13:45:14Z
txn_bf926e534bc9,acc_00013,208.93,SGD,completed,Cold Storage,card,2026-08-05T13:45:26Z
txn_c91e6a32904f,acc_00221,379.17,SGD,completed,Watsons,paynow,2026-08-05T13:45:34Z
txn_3fcfce8d05d3,acc_00342,701.92,MYR,denied,Grab,paynow,2026-08-05T13:45:35Z
txn_834e8d30bc88,acc_00335,808.36,SGD,completed,Watsons,paynow,2026-08-05T13:45:59Z
txn_29192edd55c3,acc_00381,442.95,SGD,pending,Watsons,paynow,2026-08-05T13:46:41Z
txn_caa14c46fefa,acc_00127,231.68,SGD,completed,7-Eleven,applepay,2026-08-05T13:47:03Z
txn_84b2baec4d9e,acc_00025,348.87,SGD,completed,Starbucks,applepay,2026-08-05T13:47:18Z
txn_ed431a06f82f,acc_00414,283.51,SGD,denied,7-Eleven,paynow,2026-08-05T13:47:35Z
txn_611da348f882,acc_00383,876.02,SGD,completed,McDonald's,paynow,2026-08-05T13:47:44Z
txn_b9229be91bb4,acc_00101,21.79,SGD,completed,NTUC FairPrice,paynow,2026-08-05T13:47:46Z
txn_63b2668ab79d,acc_00384,871.85,SGD,completed,7-Eleven,grabpay,2026-08-05T13:48:02Z
txn_7af80c77a886,acc_00430,122.15,SGD,completed,Starbucks,applepay,2026-08-05T13:48:08Z
txn_f634813dd2a1,acc_00330,387.18,SGD,completed,NTUC FairPrice,grabpay,2026-08-05T13:48:09Z
txn_084f1bf978a5,acc_00083,570.51,SGD,completed,McDonald's,paynow,2026-08-05T13:48:59Z
txn_e5ed2dc7ccb6,acc_00250,512.36,SGD,completed,Grab,card,2026-08-05T13:49:45Z
txn_fa63cbcfe9ce,acc_00152,718.75,SGD,completed,Cold Storage,paynow,2026-08-05T13:50:07Z
txn_1dac67111caf,acc_00174,561.87,SGD,completed,7-Eleven,googlepay,2026-08-05T13:50:08Z
txn_8e733cae8218,acc_00339,207.04,SGD,completed,Lazada,card,2026-08-05T13:50:23Z
txn_b5b518843ebd,acc_00116,848.85,SGD,denied,NTUC FairPrice,paynow,2026-08-05T13:50:41Z
txn_7f4425e09fee,acc_00392,376.01,MYR,denied,Lazada,googlepay,2026-08-05T13:50:56Z
txn_dacc843b0ad6,acc_00066,17.86,MYR,completed,7-Eleven,grabpay,2026-08-05T13:51:12Z
txn_106d16d432ce,acc_00105,186.12,SGD,pending,McDonald's,googlepay,2026-08-05T13:52:21Z
txn_3e58cc5e89d2,acc_00255,709.64,SGD,denied,Shopee,paynow,2026-08-05T13:52:35Z
txn_908cd6882a2e,acc_00197,212.12,SGD,completed,7-Eleven,applepay,2026-08-05T13:52:48Z
txn_7d135ee16b5f,acc_00006,41.01,SGD,denied,Starbucks,grabpay,2026-08-05T13:53:24Z
txn_71753fd41e9e,acc_00192,161.26,MYR,completed,Watsons,applepay,2026-08-05T13:53:32Z
txn_8e517bba147c,acc_00484,559.53,SGD,completed,Watsons,card,2026-08-05T13:53:46Z
txn_580987046cbd,acc_00135,132.77,SGD,completed,Cold Storage,applepay,2026-08-05T13:54:30Z
txn_2b7117903176,acc_00034,180.80,MYR,pending,Grab,applepay,2026-08-05T13:54:58Z
txn_70ae455cdccf,acc_00128,36.03,SGD,completed,NTUC FairPrice,grabpay,2026-08-05T13:55:01Z
txn_0c1045488268,acc_00215,181.51,SGD,completed,Watsons,card,2026-08-05T13:55:34Z
txn_e16a474b52ad,acc_00401,837.90,SGD,completed,Shopee,card,2026-08-05T13:55:40Z
txn_599f3caaf6cf,acc_00274,746.01,SGD,completed,Lazada,grabpay,2026-08-05T13:55:44Z
txn_8a0db5a27ba9,acc_00092,75.59,SGD,completed,Lazada,googlepay,2026-08-05T13:55:50Z
txn_d62a848f11ae,acc_00258,177.72,SGD,completed,7-Eleven,paynow,2026-08-05T13:55:51Z
txn_f8e7635e6d08,acc_00390,588.93,SGD,completed,NTUC FairPrice,grabpay,2026-08-05T13:56:11Z
txn_93e43d7e97ed,acc_00306,673.00,SGD,denied,Grab,googlepay,2026-08-05T13:56:46Z
txn_86fc4b7642cc,acc_00044,870.68,MYR,completed,McDonald's,applepay,2026-08-05T13:57:02Z
txn_9fdb777802c6,acc_00067,553.99,SGD,pending,Starbucks,applepay,2026-08-05T13:57:22Z
txn_8e65c4efca23,acc_00397,153.17,SGD,completed,Lazada,googlepay,2026-08-05T13:58:15Z
txn_637291b4b911,acc_00409,351.68,SGD,completed,Cold Storage,grabpay,2026-08-05T13:59:31Z
txn_ac95a1082c43,acc_00207,760.03,SGD,denied,Lazada,card,2026-08-05T13:59:47Z
txn_0f870d86ddd8,acc_00494,169.63,SGD,pending,Guardian,card,2026-08-05T13:59:50Z
txn_4b42ccce0cc5,acc_00040,581.08,SGD,denied,Guardian,googlepay,2026-08-05T13:59:54Z
txn_d65e97ed2932,acc_00113,395.72,SGD,completed,Lazada,applepay,2026-08-05T14:00:07Z
txn_3ffd552cdb4b,acc_00109,597.08,SGD,completed,Lazada,googlepay,2026-08-05T14:00:09Z
txn_637e22e81d90,acc_00049,153.74,SGD,completed,NTUC FairPrice,grabpay,2026-08-05T14:00:30Z
txn_5e3476c41150,acc_00459,757.77,SGD,completed,Grab,paynow,2026-08-05T14:00:36Z
txn_ab5bcf207fa9,acc_00070,217.54,MYR,completed,Cold Storage,paynow,2026-08-05T14:00:37Z
txn_3d6bf0128ef9,acc_00161,665.98,SGD,completed,NTUC FairPrice,grabpay,2026-08-05T14:00:49Z
txn_0d2013606d82,acc_00145,57.64,SGD,completed,7-Eleven,applepay,2026-08-05T14:00:57Z
txn_013e73adc7ac,acc_00373,723.90,SGD,completed,Lazada,card,2026-08-05T14:01:11Z
txn_e7292b85bce6,acc_00096,734.69,SGD,completed,Grab,card,2026-08-05T14:01:43Z
txn_eeab36457764,acc_00073,3.59,SGD,completed,Lazada,applepay,2026-08-05T14:01:52Z
txn_159b8e9499fb,acc_00022,262.02,SGD,completed,Guardian,googlepay,2026-08-05T14:01:56Z
txn_5b74ad163909,acc_00329,460.17,SGD,denied,Lazada,card,2026-08-05T14:02:11Z
txn_ecaea3877703,acc_00230,534.79,SGD,completed,Starbucks,paynow,2026-08-05T14:02:28Z
txn_de22bf1c2014,acc_00156,257.71,SGD,denied,Guardian,applepay,2026-08-05T14:02:50Z
txn_cd6e16d27e36,acc_00095,208.94,SGD,completed,Grab,googlepay,2026-08-05T14:03:05Z
txn_bd66d0d906ac,acc_00212,97.52,MYR,completed,Cold Storage,card,2026-08-05T14:03:55Z
txn_c4fad10b4436,acc_00258,326.64,SGD,denied,Cold Storage,card,2026-08-05T14:04:05Z
txn_a0d42c91a2d1,acc_00217,733.52,SGD,completed,Watsons,paynow,2026-08-05T14:04:32Z
txn_e97a8b43c1c6,acc_00002,391.09,SGD,completed,NTUC FairPrice,card,2026-08-05T14:05:11Z
txn_556ea4369598,acc_00043,362.64,SGD,completed,Guardian,card,2026-08-05T14:05:12Z
txn_6ab35ca35cf4,acc_00182,643.50,SGD,completed,Grab,googlepay,2026-08-05T14:05:28Z
txn_74274d43bf3c,acc_00444,655.75,SGD,denied,Guardian,applepay,2026-08-05T14:05:55Z
txn_89a4527320fb,acc_00269,471.66,SGD,completed,7-Eleven,grabpay,2026-08-05T14:06:19Z
txn_7d4c4561ba50,acc_00202,409.12,SGD,denied,Starbucks,applepay,2026-08-05T14:06:20Z
txn_129b7c4f3449,acc_00402,359.22,SGD,completed,Grab,googlepay,2026-08-05T14:06:33Z
txn_d7807a32af24,acc_00288,351.52,SGD,completed,NTUC FairPrice,applepay,2026-08-05T14:06:37Z
txn_39890a988c15,acc_00307,706.53,SGD,completed,Cold Storage,applepay,2026-08-05T14:07:09Z
txn_f9700fba6102,acc_00345,479.90,MYR,pending,Guardian,card,2026-08-05T14:08:02Z
txn_1358cd8b76b4,acc_00030,352.04,SGD,completed,NTUC FairPrice,card,2026-08-05T14:08:10Z
txn_b5eacd3e0fd5,acc_00067,338.13,SGD,pending,NTUC FairPrice,paynow,2026-08-05T14:08:10Z
txn_4c4498df9089,acc_00434,647.35,MYR,completed,Starbucks,grabpay,2026-08-05T14:08:20Z
txn_31b4e98bd2bf,acc_00046,291.36,SGD,pending,Cold Storage,paynow,2026-08-05T14:08:27Z
txn_dc8dc551669c,acc_00274,653.73,MYR,denied,Starbucks,paynow,2026-08-05T14:08:30Z
txn_53b85dfe16c8,acc_00483,366.69,SGD,pending,McDonald's,applepay,2026-08-05T14:08:33Z
txn_23d2334d2dc4,acc_00411,490.04,SGD,pending,Grab,card,2026-08-05T14:08:42Z
txn_2b5db9969e85,acc_00130,51.68,SGD,completed,Grab,googlepay,2026-08-05T14:08:47Z
txn_8667ec3c2e85,acc_00132,147.86,SGD,completed,NTUC FairPrice,applepay,2026-08-05T14:08:53Z
txn_ec11f4890a44,acc_00059,237.96,SGD,denied,7-Eleven,googlepay,2026-08-05T14:08:59Z
txn_912fab7db117,acc_00113,243.63,SGD,completed,Lazada,googlepay,2026-08-05T14:09:10Z
txn_0ffd23589d27,acc_00378,553.65,SGD,pending,Guardian,applepay,2026-08-05T14:09:25Z
txn_a624f9e67d86,acc_00099,544.14,MYR,completed,McDonald's,googlepay,2026-08-05T14:09:26Z
txn_1edecbb85c53,acc_00282,447.27,SGD,completed,Starbucks,googlepay,2026-08-05T14:09:27Z
txn_fd15f129a741,acc_00403,306.24,SGD,denied,NTUC FairPrice,paynow,2026-08-05T14:10:00Z
txn_cfd8fd23eefa,acc_00247,429.26,SGD,pending,7-Eleven,googlepay,2026-08-05T14:10:05Z
txn_4ad2e0431849,acc_00476,71.55,SGD,denied,Lazada,googlepay,2026-08-05T14:10:07Z
txn_a4bcdd4d1550,acc_00004,601.77,SGD,pending,Guardian,applepay,2026-08-05T14:10:24Z
txn_1ec673674797,acc_00311,426.66,MYR,pending,7-Eleven,grabpay,2026-08-05T14:10:50Z
txn_a29b674cd331,acc_00421,799.86,SGD,completed,7-Eleven,card,2026-08-05T14:11:07Z
txn_f45095c48693,acc_00218,772.81,SGD,completed,Starbucks,grabpay,2026-08-05T14:11:28Z
txn_76c2d6ed7598,acc_00412,329.37,SGD,completed,Watsons,paynow,2026-08-05T14:11:36Z
txn_3e61ef12c7b8,acc_00428,69.39,SGD,completed,Starbucks,applepay,2026-08-05T14:11:49Z
txn_247bfc14613e,acc_00315,865.10,SGD,completed,NTUC FairPrice,grabpay,2026-08-05T14:11:50Z
txn_9cb3984eace6,acc_00078,417.09,SGD,completed,Watsons,paynow,2026-08-05T14:12:06Z
txn_01b6e6b2984a,acc_00110,95.92,SGD,completed,McDonald's,card,2026-08-05T14:12:22Z
txn_8039cb7ba6c8,acc_00469,13.92,SGD,completed,NTUC FairPrice,grabpay,2026-08-05T14:12:47Z
txn_29176458cd8e,acc_00110,778.52,SGD,completed,Starbucks,card,2026-08-05T14:12:53Z
txn_85b7d73153a5,acc_00361,553.18,SGD,denied,7-Eleven,applepay,2026-08-05T14:12:54Z
txn_d4f9647bc384,acc_00257,770.61,SGD,completed,7-Eleven,googlepay,2026-08-05T14:13:19Z
txn_f219fa08d354,acc_00041,461.39,SGD,completed,Watsons,grabpay,2026-08-05T14:13:33Z
txn_385777f768a4,acc_00043,889.39,MYR,completed,Lazada,paynow,2026-08-05T14:13:51Z
txn_3c7db1477630,acc_00002,37.86,SGD,completed,NTUC FairPrice,googlepay,2026-08-05T14:14:25Z
txn_cc8f2dd9dc8b,acc_00407,833.54,SGD,pending,Shopee,googlepay,2026-08-05T14:14:37Z
txn_c430f7c4ccd1,acc_00032,507.12,SGD,completed,7-Eleven,applepay,2026-08-05T14:14:58Z
txn_8f633d6f37c8,acc_00157,422.11,MYR,denied,Watsons,grabpay,2026-08-05T14:15:03Z
txn_0b3b4260e049,acc_00375,789.77,SGD,completed,Grab,googlepay,2026-08-05T14:15:04Z
txn_a6120aaadfd5,acc_00492,652.98,SGD,completed,Guardian,paynow,2026-08-05T14:15:48Z
txn_91bcc7481346,acc_00424,645.79,SGD,completed,Shopee,applepay,2026-08-05T14:15:55Z
txn_9d583d987983,acc_00453,805.17,SGD,completed,McDonald's,applepay,2026-08-05T14:16:08Z
txn_caf18364d88c,acc_00258,874.91,MYR,denied,7-Eleven,applepay,2026-08-05T14:16:38Z
txn_3afbdb108ad8,acc_00130,819.28,SGD,completed,7-Eleven,card,2026-08-05T14:16:41Z
txn_3c65673d802f,acc_00323,97.31,SGD,denied,Watsons,googlepay,2026-08-05T14:16:42Z
txn_dd9a8dc2a6d2,acc_00355,448.74,SGD,completed,McDonald's,card,2026-08-05T14:17:03Z
txn_91d7b18afd58,acc_00283,236.40,SGD,pending,Shopee,grabpay,2026-08-05T14:17:25Z
txn_689d17da609c,acc_00158,523.99,SGD,completed,NTUC FairPrice,card,2026-08-05T14:17:42Z
txn_962ee91984ae,acc_00462,11.10,SGD,pending,Watsons,applepay,2026-08-05T14:18:03Z
txn_d68f04c05719,acc_00461,418.38,SGD,completed,Cold Storage,paynow,2026-08-05T14:18:08Z
txn_ec3a449859b6,acc_00340,867.88,SGD,completed,Cold Storage,grabpay,2026-08-05T14:18:25Z
txn_e8e5c125c4c6,acc_00370,451.84,SGD,denied,Watsons,paynow,2026-08-05T14:18:40Z
txn_1166db53da0e,acc_00288,78.65,SGD,completed,7-Eleven,grabpay,2026-08-05T14:19:06Z
txn_0a629ed1af42,acc_00384,387.67,MYR,completed,Starbucks,card,2026-08-05T14:19:10Z
txn_34e2b70970ae,acc_00036,183.56,SGD,completed,NTUC FairPrice,card,2026-08-05T14:19:16Z
txn_493b2de95337,acc_00459,605.45,SGD,completed,Watsons,googlepay,2026-08-05T14:19:21Z
txn_f5a1ddbf3dc6,acc_00170,302.25,SGD,pending,Cold Storage,card,2026-08-05T14:19:33Z
txn_a2d89d8c0237,acc_00410,255.41,SGD,pending,7-Eleven,paynow,2026-08-05T14:19:36Z
txn_4a6e2334879b,acc_00376,390.28,SGD,completed,Guardian,card,2026-08-05T14:19:43Z
txn_4162122a4345,acc_00033,643.10,SGD,completed,Starbucks,card,2026-08-05T14:20:15Z
txn_eeeb943a968d,acc_00441,255.78,SGD,completed,Starbucks,googlepay,2026-08-05T14:21:17Z
txn_58dcbd16ce7e,acc_00053,151.68,MYR,completed,NTUC FairPrice,paynow,2026-08-05T14:21:33Z
txn_27adc550a4f7,acc_00101,22.74,SGD,pending,Grab,googlepay,2026-08-05T14:21:37Z
txn_f9b8bd5e140f,acc_00197,47.20,MYR,completed,7-Eleven,grabpay,2026-08-05T14:21:38Z
txn_f56f689faed1,acc_00044,898.92,SGD,completed,7-Eleven,googlepay,2026-08-05T14:22:01Z
txn_7964c1c81ef8,acc_00118,663.95,SGD,completed,Watsons,applepay,2026-08-05T14:22:01Z
txn_e1bc2d56219b,acc_00442,451.87,SGD,pending,Starbucks,applepay,2026-08-05T14:22:07Z
txn_e5a3486d0d73,acc_00256,134.68,SGD,denied,Watsons,googlepay,2026-08-05T14:22:20Z
txn_6bb02b93eb8c,acc_00006,513.96,SGD,pending,Starbucks,card,2026-08-05T14:23:16Z
txn_9653730ef642,acc_00334,233.06,SGD,completed,Shopee,paynow,2026-08-05T14:23:27Z
txn_ece3338525fb,acc_00368,830.46,SGD,pending,McDonald's,card,2026-08-05T14:23:49Z
txn_aca3fca5a800,acc_00490,187.87,SGD,completed,NTUC FairPrice,card,2026-08-05T14:25:04Z
txn_72440b01bb04,acc_00282,293.22,SGD,completed,7-Eleven,grabpay,2026-08-05T14:25:10Z
txn_614fe0a52075,acc_00336,325.99,SGD,completed,Shopee,card,2026-08-05T14:25:49Z
txn_f6580babe719,acc_00002,452.02,SGD,denied,7-Eleven,googlepay,2026-08-05T14:26:01Z
txn_b251a22ef612,acc_00493,667.97,SGD,completed,Guardian,paynow,2026-08-05T14:26:27Z
txn_07d47ebab07d,acc_00185,405.46,SGD,completed,Grab,grabpay,2026-08-05T14:27:24Z
txn_91620f55fad5,acc_00260,857.22,SGD,completed,Watsons,paynow,2026-08-05T14:29:13Z
txn_d13aa507d3f9,acc_00326,516.41,SGD,completed,Cold Storage,paynow,2026-08-05T14:29:22Z
txn_c87286b93870,acc_00209,560.93,SGD,denied,McDonald's,paynow,2026-08-05T14:29:25Z
txn_700c5347b28e,acc_00286,350.19,SGD,completed,Cold Storage,applepay,2026-08-05T14:29:31Z
txn_cf5ca68a2aed,acc_00476,765.75,SGD,completed,Guardian,paynow,2026-08-05T14:30:05Z
txn_2385deb4b1cc,acc_00274,643.99,SGD,pending,NTUC FairPrice,grabpay,2026-08-05T14:30:18Z
txn_c5d87a493d76,acc_00240,198.46,SGD,pending,Watsons,card,2026-08-05T14:30:22Z
txn_2a730864ae4a,acc_00368,44.24,SGD,completed,Starbucks,grabpay,2026-08-05T14:30:22Z
txn_3cf1fe688125,acc_00157,738.92,SGD,completed,NTUC FairPrice,paynow,2026-08-05T14:30:27Z
txn_e516a48895ac,acc_00220,304.55,SGD,completed,Lazada,grabpay,2026-08-05T14:30:28Z
txn_39e100adf762,acc_00214,356.49,SGD,completed,Shopee,applepay,2026-08-05T14:30:32Z
txn_4e2723c5ec8f,acc_00211,186.81,SGD,completed,NTUC FairPrice,applepay,2026-08-05T14:30:44Z
txn_86c2d629f3a6,acc_00173,882.47,SGD,completed,Lazada,grabpay,2026-08-05T14:30:54Z
txn_4bb108c94b39,acc_00237,220.17,SGD,denied,7-Eleven,paynow,2026-08-05T14:30:54Z
txn_b5ea2630fc49,acc_00332,709.84,SGD,denied,Watsons,card,2026-08-05T14:30:57Z
txn_b98b7250f6a0,acc_00329,239.79,SGD,completed,Shopee,applepay,2026-08-05T14:31:04Z
txn_ac8634a1d50c,acc_00244,99.73,SGD,denied,Starbucks,grabpay,2026-08-05T14:31:06Z
txn_4d6cbbdd62af,acc_00113,31.34,SGD,completed,Starbucks,applepay,2026-08-05T14:31:52Z
txn_0d26a9f7df4a,acc_00170,610.00,SGD,completed,Shopee,googlepay,2026-08-05T14:32:34Z
txn_fbc932ca319d,acc_00169,252.54,SGD,completed,7-Eleven,googlepay,2026-08-05T14:33:06Z
txn_0b21ac28f3da,acc_00029,219.45,SGD,completed,7-Eleven,card,2026-08-05T14:33:17Z
txn_e782f34ef985,acc_00001,453.52,MYR,completed,Cold Storage,googlepay,2026-08-05T14:34:05Z
txn_220e3435f5b2,acc_00470,328.87,SGD,denied,Watsons,paynow,2026-08-05T14:34:15Z
txn_643f449a57fd,acc_00446,199.21,SGD,completed,Watsons,applepay,2026-08-05T14:34:20Z
txn_368c22760654,acc_00058,850.54,SGD,completed,Starbucks,applepay,2026-08-05T14:34:29Z
txn_b08f7f4c9e56,acc_00373,652.67,SGD,denied,Lazada,card,2026-08-05T14:34:33Z
txn_af810cf3617d,acc_00248,573.35,SGD,completed,Grab,applepay,2026-08-05T14:34:49Z
txn_8d07101d79db,acc_00383,208.72,SGD,completed,Lazada,googlepay,2026-08-05T14:35:02Z
txn_6d40b89a0643,acc_00452,239.86,SGD,pending,7-Eleven,card,2026-08-05T14:35:05Z
txn_a6079b8f3ae8,acc_00114,42.63,SGD,pending,Cold Storage,grabpay,2026-08-05T14:35:08Z
txn_6e5d5df8aa30,acc_00497,478.79,SGD,pending,Cold Storage,paynow,2026-08-05T14:35:09Z
txn_31c4a32bd8b7,acc_00405,340.85,SGD,denied,McDonald's,googlepay,2026-08-05T14:35:34Z
txn_8ed41c2f981e,acc_00197,628.52,SGD,completed,Guardian,grabpay,2026-08-05T14:35:35Z
txn_df70a710eed9,acc_00441,751.76,SGD,completed,Lazada,googlepay,2026-08-05T14:35:45Z
txn_874f34f4cc1e,acc_00438,533.09,SGD,completed,Grab,paynow,2026-08-05T14:36:36Z
txn_5834586e0ab5,acc_00069,157.72,SGD,pending,Watsons,grabpay,2026-08-05T14:36:37Z
txn_7517355e0e22,acc_00172,402.27,MYR,completed,Lazada,paynow,2026-08-05T14:36:43Z
txn_bb54068bdf80,acc_00035,539.52,SGD,completed,7-Eleven,paynow,2026-08-05T14:37:09Z
txn_d83848bb9823,acc_00190,97.60,SGD,pending,McDonald's,grabpay,2026-08-05T14:37:56Z
txn_ed8f84c99488,acc_00206,114.78,MYR,denied,NTUC FairPrice,grabpay,2026-08-05T14:38:50Z
txn_af94ec8aa531,acc_00220,363.99,SGD,pending,McDonald's,card,2026-08-05T14:39:37Z
txn_d95b764e37fa,acc_00138,565.96,SGD,pending,Grab,card,2026-08-05T14:40:02Z
txn_27234145ee6c,acc_00479,16.66,SGD,completed,Guardian,paynow,2026-08-05T14:40:03Z
txn_a9b7f5803915,acc_00458,82.61,SGD,completed,Cold Storage,googlepay,2026-08-05T14:40:11Z
txn_d43c723ed585,acc_00461,510.10,SGD,completed,Starbucks,paynow,2026-08-05T14:40:14Z
txn_c547cf337297,acc_00411,838.91,SGD,completed,Starbucks,paynow,2026-08-05T14:40:37Z
txn_1c35774263d0,acc_00460,639.10,MYR,completed,Watsons,card,2026-08-05T14:40:44Z
txn_1411aeea62d1,acc_00432,172.05,MYR,completed,Cold Storage,googlepay,2026-08-05T14:40:52Z
txn_f22a27e6a232,acc_00037,691.33,SGD,completed,Grab,googlepay,2026-08-05T14:41:01Z
txn_3e553b19a3a0,acc_00035,708.16,SGD,pending,Watsons,googlepay,2026-08-05T14:41:16Z
txn_041aae222af4,acc_00067,725.38,SGD,completed,Grab,card,2026-08-05T14:42:11Z
txn_07740daee402,acc_00236,477.18,SGD,pending,Watsons,googlepay,2026-08-05T14:42:19Z
txn_bda91afebb80,acc_00494,734.42,SGD,denied,Lazada,applepay,2026-08-05T14:42:27Z
txn_712dddd627ad,acc_00191,132.20,SGD,denied,Starbucks,paynow,2026-08-05T14:42:33Z
txn_f37821525b8c,acc_00132,806.74,SGD,completed,Starbucks,paynow,2026-08-05T14:42:50Z
txn_568479cc7440,acc_00194,429.95,SGD,denied,Starbucks,grabpay,2026-08-05T14:43:09Z
txn_1fb97faf74e3,acc_00154,96.94,SGD,completed,Lazada,paynow,2026-08-05T14:43:15Z
txn_c5850a70be4e,acc_00088,875.45,SGD,pending,McDonald's,paynow,2026-08-05T14:43:42Z
txn_b6c7c60d6c9d,acc_00277,877.97,SGD,completed,Grab,card,2026-08-05T14:43:46Z
txn_0c19e72d996d,acc_00370,25.35,SGD,completed,Cold Storage,applepay,2026-08-05T14:43:51Z
txn_75f584ca8c04,acc_00321,326.07,MYR,pending,Lazada,grabpay,2026-08-05T14:44:13Z
txn_d5c1b0f2c461,acc_00493,834.60,SGD,completed,McDonald's,card,2026-08-05T14:44:17Z
txn_f83f9f62ab92,acc_00444,556.30,SGD,pending,Lazada,applepay,2026-08-05T14:44:26Z
txn_3115175d886a,acc_00444,846.68,SGD,denied,Grab,grabpay,2026-08-05T14:44:31Z
txn_1307321a9dac,acc_00298,273.99,SGD,denied,Starbucks,paynow,2026-08-05T14:44:42Z
txn_d826e2b14628,acc_00456,473.73,SGD,completed,Guardian,googlepay,2026-08-05T14:45:10Z
txn_3afdcf75f10a,acc_00012,852.42,SGD,completed,Watsons,googlepay,2026-08-05T14:45:45Z
txn_f73ce8396e05,acc_00311,211.42,SGD,completed,NTUC FairPrice,card,2026-08-05T14:45:54Z
txn_4c2a5f45890d,acc_00006,515.94,SGD,completed,Lazada,googlepay,2026-08-05T14:46:10Z
txn_bd05cc56cc93,acc_00130,734.15,SGD,pending,Grab,grabpay,2026-08-05T14:46:58Z
txn_8c954f50425b,acc_00343,276.48,SGD,completed,7-Eleven,card,2026-08-05T14:47:05Z
txn_81708fb74332,acc_00394,700.88,SGD,completed,Cold Storage,card,2026-08-05T14:47:20Z
txn_eb8383df71fb,acc_00401,455.33,SGD,completed,Grab,googlepay,2026-08-05T14:47:32Z
txn_cf647249bd8c,acc_00085,224.24,SGD,completed,Lazada,grabpay,2026-08-05T14:47:46Z
txn_e8f5ec25445d,acc_00458,477.28,SGD,pending,Guardian,card,2026-08-05T14:47:52Z
txn_8fe563f43681,acc_00488,386.41,SGD,completed,Grab,grabpay,2026-08-05T14:48:02Z
txn_8acfb7267a06,acc_00211,538.13,SGD,completed,Starbucks,card,2026-08-05T14:48:03Z
txn_21215441db95,acc_00009,518.24,SGD,pending,Cold Storage,applepay,2026-08-05T14:48:11Z
txn_5bcf925cb198,acc_00185,553.48,SGD,completed,7-Eleven,applepay,2026-08-05T14:48:37Z
txn_2f52bf4499da,acc_00500,479.03,SGD,pending,Cold Storage,grabpay,2026-08-05T14:48:49Z
txn_1e19fd2ee4ae,acc_00052,613.86,SGD,completed,Watsons,paynow,2026-08-05T14:48:54Z
txn_4dc466ca56d9,acc_00479,35.24,SGD,completed,Watsons,googlepay,2026-08-05T14:49:38Z
txn_0d36dadbda20,acc_00231,398.25,SGD,completed,NTUC FairPrice,googlepay,2026-08-05T14:49:41Z
txn_3b8d0b92e6a1,acc_00162,677.27,SGD,completed,Grab,grabpay,2026-08-05T14:49:43Z
txn_bcc8121aae04,acc_00190,45.63,SGD,completed,Shopee,paynow,2026-08-05T14:49:58Z
txn_d4c1474609e1,acc_00140,380.54,SGD,pending,Starbucks,paynow,2026-08-05T14:50:04Z
txn_6a05a8c18877,acc_00460,506.13,SGD,completed,NTUC FairPrice,grabpay,2026-08-05T14:50:08Z
txn_4ae6538a9be7,acc_00403,378.41,MYR,completed,Watsons,paynow,2026-08-05T14:50:27Z
txn_addfcf9b71e8,acc_00240,885.19,SGD,completed,McDonald's,googlepay,2026-08-05T14:50:54Z
txn_763d49422018,acc_00109,569.57,SGD,pending,Lazada,card,2026-08-05T14:51:08Z
txn_41894e014940,acc_00025,875.12,SGD,denied,7-Eleven,applepay,2026-08-05T14:51:51Z
txn_2252eae32d94,acc_00254,49.47,SGD,pending,NTUC FairPrice,paynow,2026-08-05T14:52:08Z
txn_d59597906421,acc_00081,217.78,SGD,completed,Shopee,card,2026-08-05T14:52:25Z
txn_36fa37e1b605,acc_00057,514.74,SGD,completed,Starbucks,googlepay,2026-08-05T14:52:25Z
txn_95f064e49d73,acc_00245,689.85,SGD,completed,Guardian,googlepay,2026-08-05T14:52:42Z
txn_9520871f5a68,acc_00071,549.71,SGD,completed,Guardian,googlepay,2026-08-05T14:52:58Z
txn_e50d081651cc,acc_00294,59.01,MYR,completed,Watsons,grabpay,2026-08-05T14:52:58Z
txn_e4251daee69a,acc_00380,88.28,SGD,completed,NTUC FairPrice,applepay,2026-08-05T14:53:09Z
txn_eb6e12b0880e,acc_00316,99.22,SGD,completed,7-Eleven,applepay,2026-08-05T14:53:12Z
txn_47492603785d,acc_00010,794.93,SGD,completed,NTUC FairPrice,grabpay,2026-08-05T14:53:23Z
txn_3012f7e45bf0,acc_00352,213.28,SGD,completed,Watsons,paynow,2026-08-05T14:53:29Z
txn_e4fc0e08c6ab,acc_00488,655.17,SGD,pending,Cold Storage,card,2026-08-05T14:53:47Z
txn_a1fab18b0d8a,acc_00204,783.08,SGD,denied,Watsons,paynow,2026-08-05T14:53:50Z
txn_d6d402b8e8e0,acc_00222,718.29,SGD,denied,Shopee,grabpay,2026-08-05T14:54:44Z
txn_196d4f9ec71a,acc_00368,776.95,SGD,completed,Watsons,paynow,2026-08-05T14:55:08Z
txn_e45784727505,acc_00133,213.30,SGD,pending,Grab,applepay,2026-08-05T14:55:17Z
txn_f1b16c0328ea,acc_00074,493.54,SGD,completed,Grab,card,2026-08-05T14:55:29Z
txn_6dd03ee97369,acc_00107,830.93,MYR,denied,Grab,card,2026-08-05T14:56:28Z
txn_742e0266a101,acc_00379,21.29,SGD,completed,NTUC FairPrice,applepay,2026-08-05T14:56:28Z
txn_b9b13d407caa,acc_00080,709.20,SGD,completed,Grab,paynow,2026-08-05T14:56:50Z
txn_0a2dc055188c,acc_00264,416.01,SGD,completed,Grab,card,2026-08-05T14:57:16Z
txn_0a65788ef94a,acc_00453,79.88,SGD,pending,McDonald's,googlepay,2026-08-05T14:57:23Z
txn_b1105612e7c2,acc_00285,56.33,SGD,denied,7-Eleven,card,2026-08-05T14:57:25Z
txn_61be0df64037,acc_00042,771.67,SGD,completed,NTUC FairPrice,grabpay,2026-08-05T14:57:25Z
txn_b2a38e2906a9,acc_00474,97.31,SGD,completed,Watsons,grabpay,2026-08-05T14:57:36Z
txn_54e60f933d52,acc_00489,459.38,MYR,denied,Cold Storage,card,2026-08-05T14:57:44Z
txn_d1a896881959,acc_00027,267.18,SGD,pending,Grab,googlepay,2026-08-05T14:58:04Z
txn_aaf0ceecd301,acc_00488,233.49,SGD,completed,Lazada,grabpay,2026-08-05T14:58:55Z
txn_74996902fadc,acc_00408,195.17,SGD,denied,Cold Storage,grabpay,2026-08-05T14:59:25Z
txn_a85a49b028a9,acc_00353,251.18,SGD,completed,McDonald's,paynow,2026-08-05T14:59:36Z
txn_0364d798fd69,acc_00018,553.65,MYR,completed,Cold Storage,applepay,2026-08-05T15:00:00Z
txn_5aeaf93b6f8e,acc_00357,359.78,SGD,pending,McDonald's,googlepay,2026-08-05T15:00:02Z
txn_cc8d5f6ef014,acc_00073,424.53,SGD,pending,Cold Storage,googlepay,2026-08-05T15:00:17Z
txn_b8a259aaab73,acc_00459,125.45,SGD,completed,Lazada,applepay,2026-08-05T15:00:48Z
txn_cfa8c8fc377f,acc_00154,772.13,SGD,pending,NTUC FairPrice,googlepay,2026-08-05T15:01:30Z
txn_2fcfcb0b5cb9,acc_00204,867.32,SGD,pending,Shopee,paynow,2026-08-05T15:01:39Z
txn_aaefcf3a5813,acc_00085,695.54,SGD,completed,7-Eleven,card,2026-08-05T15:01:48Z
txn_75ff2b277d8c,acc_00242,514.19,SGD,pending,Lazada,googlepay,2026-08-05T15:02:34Z
txn_e37bb824aaba,acc_00226,331.64,MYR,completed,7-Eleven,card,2026-08-05T15:02:38Z
txn_8643907c2530,acc_00225,892.44,MYR,pending,7-Eleven,grabpay,2026-08-05T15:02:53Z
txn_b1ba2aecdc50,acc_00413,388.30,SGD,completed,Guardian,googlepay,2026-08-05T15:03:34Z
txn_357f1076cd75,acc_00482,791.11,SGD,pending,NTUC FairPrice,applepay,2026-08-05T15:03:36Z
txn_859ab4204a3e,acc_00297,662.91,SGD,completed,Lazada,paynow,2026-08-05T15:04:00Z
txn_b7c9e61becea,acc_00078,677.62,SGD,completed,7-Eleven,googlepay,2026-08-05T15:04:22Z
txn_18cb9f3d2cd3,acc_00455,401.79,SGD,denied,Watsons,applepay,2026-08-05T15:04:22Z
txn_4153bb2a83cb,acc_00204,385.85,SGD,completed,Guardian,grabpay,2026-08-05T15:04:38Z
txn_417b77e73f61,acc_00013,43.98,SGD,denied,Grab,applepay,2026-08-05T15:05:21Z
txn_614ba81b51c0,acc_00001,108.59,SGD,completed,Lazada,googlepay,2026-08-05T15:05:46Z
txn_499b5b5e9e12,acc_00426,395.13,SGD,pending,7-Eleven,card,2026-08-05T15:06:21Z
txn_dd47390971af,acc_00385,621.64,SGD,denied,McDonald's,googlepay,2026-08-05T15:06:27Z
txn_8d3409ed0f85,acc_00175,259.86,SGD,completed,Cold Storage,grabpay,2026-08-05T15:06:36Z
txn_fff327432611,acc_00107,738.75,SGD,denied,Grab,grabpay,2026-08-05T15:06:37Z
txn_f2b7ff372335,acc_00318,125.90,SGD,completed,Cold Storage,applepay,2026-08-05T15:06:41Z
txn_1e5249351c63,acc_00156,93.59,SGD,completed,Shopee,paynow,2026-08-05T15:06:59Z
txn_02ae500c5508,acc_00308,61.57,SGD,pending,Lazada,applepay,2026-08-05T15:07:01Z
txn_712e6d860395,acc_00423,42.46,SGD,completed,Grab,googlepay,2026-08-05T15:07:12Z
txn_6406b6bbcf8d,acc_00400,422.51,SGD,completed,McDonald's,card,2026-08-05T15:07:40Z
txn_40336b771313,acc_00203,655.64,SGD,denied,McDonald's,grabpay,2026-08-05T15:07:58Z
txn_727a2c3b33c8,acc_00068,691.69,SGD,completed,Guardian,card,2026-08-05T15:08:08Z
txn_4883103fa7cc,acc_00491,122.38,SGD,pending,Guardian,grabpay,2026-08-05T15:08:25Z
txn_2d7de113bbdf,acc_00373,198.52,SGD,completed,Grab,applepay,2026-08-05T15:08:58Z
txn_90f4badbffd1,acc_00413,853.32,MYR,completed,7-Eleven,card,2026-08-05T15:09:17Z
txn_52acb04f1de5,acc_00312,262.16,SGD,denied,McDonald's,paynow,2026-08-05T15:09:31Z
txn_6b08b1c94ac7,acc_00109,526.23,SGD,denied,Guardian,paynow,2026-08-05T15:09:40Z
txn_638796748d1c,acc_00190,709.30,SGD,completed,Guardian,applepay,2026-08-05T15:09:50Z
txn_44cf16bb5e00,acc_00042,43.30,MYR,completed,Lazada,googlepay,2026-08-05T15:10:02Z
txn_103ab39718a1,acc_00383,438.65,SGD,completed,Cold Storage,grabpay,2026-08-05T15:10:34Z
txn_50f060cf7645,acc_00006,548.94,SGD,pending,Watsons,grabpay,2026-08-05T15:10:38Z
txn_499b463cd6c0,acc_00417,283.94,SGD,denied,Lazada,paynow,2026-08-05T15:10:49Z
txn_9c15b8d10f56,acc_00146,301.01,SGD,denied,Grab,applepay,2026-08-05T15:11:29Z
txn_12df6f3a1047,acc_00090,240.61,SGD,completed,Starbucks,googlepay,2026-08-05T15:11:35Z
txn_4f4e30eb5b97,acc_00114,802.90,MYR,completed,Guardian,card,2026-08-05T15:12:38Z
txn_c506844c0b71,acc_00289,34.20,SGD,pending,Watsons,googlepay,2026-08-05T15:12:49Z
txn_e6ad00791f7a,acc_00074,737.03,SGD,pending,Shopee,applepay,2026-08-05T15:12:53Z
txn_78e8738d6d06,acc_00415,408.62,SGD,completed,Cold Storage,applepay,2026-08-05T15:13:04Z
txn_5bc805b1f4fc,acc_00338,35.95,SGD,completed,Starbucks,card,2026-08-05T15:13:06Z
txn_57d4fa5c4e28,acc_00254,155.72,SGD,pending,Shopee,googlepay,2026-08-05T15:13:27Z
txn_4bbdd55a788f,acc_00221,771.05,MYR,completed,Cold Storage,paynow,2026-08-05T15:13:51Z
txn_ff6142cb32ba,acc_00226,416.85,SGD,pending,Watsons,googlepay,2026-08-05T15:14:34Z
txn_1c848043adc4,acc_00010,577.53,SGD,completed,McDonald's,googlepay,2026-08-05T15:14:47Z
txn_622e0373ed30,acc_00230,567.80,SGD,pending,Grab,applepay,2026-08-05T15:15:19Z
txn_70278e6a5eaf,acc_00459,213.68,SGD,denied,Guardian,grabpay,2026-08-05T15:15:27Z
txn_5707becc3efa,acc_00176,867.11,SGD,completed,Lazada,grabpay,2026-08-05T15:15:32Z
txn_4a4abb1ec8ac,acc_00455,484.94,SGD,pending,7-Eleven,googlepay,2026-08-05T15:15:35Z
txn_819ef6102b47,acc_00214,277.84,SGD,denied,Grab,card,2026-08-05T15:16:05Z
txn_2eca738d58ba,acc_00015,552.59,SGD,completed,Shopee,card,2026-08-05T15:16:34Z
txn_1a4285488edd,acc_00235,825.64,SGD,denied,Guardian,googlepay,2026-08-05T15:16:37Z
txn_5365e8de63dc,acc_00432,652.33,SGD,completed,Watsons,grabpay,2026-08-05T15:16:43Z
txn_1796ee11e057,acc_00073,64.66,SGD,completed,Cold Storage,applepay,2026-08-05T15:16:53Z
txn_ae07394abd01,acc_00500,695.72,SGD,completed,Shopee,applepay,2026-08-05T15:17:01Z
txn_a31e32428f1f,acc_00493,678.52,SGD,pending,Starbucks,applepay,2026-08-05T15:17:16Z
txn_0daecd840059,acc_00254,326.92,SGD,completed,NTUC FairPrice,grabpay,2026-08-05T15:17:38Z
txn_f6dfbb3732bc,acc_00012,265.62,SGD,completed,McDonald's,grabpay,2026-08-05T15:17:47Z
txn_9659a554c89f,acc_00238,424.20,SGD,denied,7-Eleven,applepay,2026-08-05T15:17:59Z
txn_0e98a22a3661,acc_00319,240.18,SGD,completed,Cold Storage,grabpay,2026-08-05T15:18:11Z
txn_bcdbc78b34c6,acc_00302,293.08,SGD,completed,NTUC FairPrice,paynow,2026-08-05T15:19:36Z
txn_9175d93070b8,acc_00203,281.39,SGD,completed,McDonald's,grabpay,2026-08-05T15:19:54Z
txn_4edb19d1afba,acc_00276,295.19,SGD,pending,Guardian,googlepay,2026-08-05T15:20:03Z
txn_baff78bc2dbd,acc_00152,461.44,SGD,denied,Starbucks,googlepay,2026-08-05T15:20:46Z
txn_5d4a237b53db,acc_00168,192.46,SGD,completed,Starbucks,grabpay,2026-08-05T15:20:55Z
txn_bec0189df7d0,acc_00346,866.79,SGD,completed,7-Eleven,applepay,2026-08-05T15:21:10Z
txn_f0a60699cf49,acc_00253,480.39,SGD,pending,Grab,googlepay,2026-08-05T15:21:31Z
txn_2e6d03d902e7,acc_00261,445.43,SGD,completed,Shopee,paynow,2026-08-05T15:22:13Z
txn_4168755028aa,acc_00072,87.46,MYR,completed,Cold Storage,paynow,2026-08-05T15:22:17Z
txn_5e906ee7e328,acc_00057,662.47,SGD,completed,Lazada,applepay,2026-08-05T15:22:24Z
txn_ff8a104e92d7,acc_00338,869.97,SGD,pending,Shopee,grabpay,2026-08-05T15:22:38Z
txn_ea474b670a08,acc_00141,780.13,SGD,pending,Starbucks,grabpay,2026-08-05T15:22:40Z
txn_388906034500,acc_00048,98.26,SGD,pending,Starbucks,googlepay,2026-08-05T15:22:44Z
txn_e3ea9800bb67,acc_00072,746.01,SGD,completed,Cold Storage,googlepay,2026-08-05T15:23:09Z
txn_de58f37ae087,acc_00262,351.14,MYR,completed,Guardian,applepay,2026-08-05T15:24:08Z
txn_3d8837897959,acc_00301,558.91,SGD,completed,McDonald's,paynow,2026-08-05T15:24:12Z
txn_75f51d369446,acc_00128,567.09,SGD,completed,Shopee,paynow,2026-08-05T15:24:16Z
txn_4a893b8634d4,acc_00057,838.58,SGD,pending,Grab,googlepay,2026-08-05T15:24:19Z
txn_144949dc4155,acc_00345,450.62,SGD,completed,Cold Storage,paynow,2026-08-05T15:24:20Z
txn_14a0e223d0e2,acc_00493,145.64,SGD,completed,Lazada,paynow,2026-08-05T15:24:25Z
txn_181a475303ef,acc_00401,706.37,SGD,completed,Watsons,applepay,2026-08-05T15:24:38Z
txn_1544ce399296,acc_00006,423.32,SGD,pending,Lazada,applepay,2026-08-05T15:24:41Z
txn_10582536bfb4,acc_00080,384.89,MYR,completed,Cold Storage,googlepay,2026-08-05T15:25:17Z
txn_21a355cccb28,acc_00414,367.83,SGD,completed,Starbucks,grabpay,2026-08-05T15:25:19Z
txn_c38c394be9f4,acc_00160,151.17,SGD,pending,Starbucks,applepay,2026-08-05T15:25:40Z
txn_955c669de7cb,acc_00029,442.59,SGD,completed,7-Eleven,googlepay,2026-08-05T15:25:45Z
txn_ba8bc0c900d1,acc_00373,799.30,SGD,pending,Cold Storage,paynow,2026-08-05T15:25:52Z
txn_1c747b0e1e68,acc_00414,100.52,SGD,completed,Watsons,applepay,2026-08-05T15:25:52Z
txn_18c20be6e475,acc_00061,638.13,SGD,completed,Guardian,googlepay,2026-08-05T15:25:59Z
txn_3216e11e5f9c,acc_00384,111.53,SGD,pending,Grab,card,2026-08-05T15:26:38Z
txn_76554de1bff9,acc_00390,110.47,SGD,denied,Guardian,applepay,2026-08-05T15:27:07Z
txn_e7ccf62b7e07,acc_00335,568.75,SGD,completed,NTUC FairPrice,applepay,2026-08-05T15:27:38Z
txn_17272f1cf582,acc_00379,209.03,SGD,completed,McDonald's,applepay,2026-08-05T15:27:45Z
txn_043d4ba9fc91,acc_00029,672.92,SGD,completed,Starbucks,card,2026-08-05T15:27:47Z
txn_6af807741fb2,acc_00342,249.47,SGD,completed,McDonald's,applepay,2026-08-05T15:28:03Z
txn_95a69f275699,acc_00076,641.19,SGD,completed,Grab,card,2026-08-05T15:28:10Z
txn_70e4ea4cc6b4,acc_00249,589.29,SGD,pending,NTUC FairPrice,grabpay,2026-08-05T15:28:23Z
txn_8bead1b6e68c,acc_00034,335.37,MYR,completed,7-Eleven,grabpay,2026-08-05T15:28:47Z
txn_ed6003460668,acc_00172,504.70,SGD,completed,Watsons,grabpay,2026-08-05T15:29:07Z
txn_411468e7f3d6,acc_00252,478.93,SGD,pending,Starbucks,grabpay,2026-08-05T15:29:40Z
txn_2d26002a3870,acc_00403,752.11,SGD,completed,Cold Storage,googlepay,2026-08-05T15:29:49Z
txn_8e2f8b4ac6f2,acc_00498,836.26,SGD,denied,Grab,applepay,2026-08-05T15:30:22Z
txn_38cceb4043a8,acc_00417,159.29,SGD,completed,7-Eleven,grabpay,2026-08-05T15:30:36Z
txn_a129b6ae3121,acc_00041,296.80,SGD,completed,McDonald's,googlepay,2026-08-05T15:30:51Z
txn_3f007fb3124a,acc_00304,495.08,SGD,completed,Watsons,card,2026-08-05T15:31:08Z
txn_416a6fbcf60c,acc_00267,273.21,SGD,completed,McDonald's,applepay,2026-08-05T15:31:12Z
txn_dd5479667337,acc_00448,794.52,SGD,completed,Cold Storage,grabpay,2026-08-05T15:31:22Z
txn_0fd2334b8e79,acc_00427,740.59,SGD,completed,Cold Storage,googlepay,2026-08-05T15:31:42Z
txn_0d1438c3571e,acc_00069,582.56,SGD,completed,Grab,paynow,2026-08-05T15:31:54Z
txn_edcf827092bf,acc_00094,212.09,SGD,completed,Guardian,applepay,2026-08-05T15:31:58Z
txn_6641e0392b60,acc_00175,45.84,SGD,denied,Guardian,googlepay,2026-08-05T15:32:07Z
txn_69c93461c766,acc_00283,435.25,SGD,pending,Shopee,applepay,2026-08-05T15:32:25Z
txn_a276b5787fb2,acc_00384,503.43,SGD,denied,7-Eleven,applepay,2026-08-05T15:32:57Z
txn_e81b215ad208,acc_00048,692.23,SGD,completed,Starbucks,card,2026-08-05T15:33:30Z
txn_78e12b7d1c7b,acc_00339,645.71,SGD,completed,NTUC FairPrice,grabpay,2026-08-05T15:33:53Z
txn_64a7567c8d9f,acc_00183,557.58,SGD,completed,Grab,applepay,2026-08-05T15:33:54Z
txn_1e3f0679f026,acc_00282,756.26,SGD,completed,7-Eleven,card,2026-08-05T15:34:07Z
txn_cebcc7c85a68,acc_00154,135.87,SGD,completed,Lazada,googlepay,2026-08-05T15:34:23Z
txn_73f3f25c53ac,acc_00242,147.89,SGD,completed,Grab,paynow,2026-08-05T15:34:23Z
txn_9d264b0ea9a2,acc_00064,836.66,SGD,pending,McDonald's,card,2026-08-05T15:34:32Z
txn_f107bbf992ec,acc_00051,701.59,SGD,pending,7-Eleven,paynow,2026-08-05T15:34:54Z
txn_41c2adaacca1,acc_00129,205.42,SGD,completed,Cold Storage,grabpay,2026-08-05T15:35:43Z
txn_686d4a71c96f,acc_00219,472.04,SGD,completed,Shopee,applepay,2026-08-05T15:35:49Z
txn_9e2af9b27204,acc_00061,5.20,SGD,completed,NTUC FairPrice,paynow,2026-08-05T15:35:52Z
txn_6acbcdacab6a,acc_00007,420.60,SGD,denied,Cold Storage,applepay,2026-08-05T15:35:52Z
txn_fdd71ef20e82,acc_00096,866.31,SGD,completed,Starbucks,card,2026-08-05T15:36:05Z
txn_8e61f36a0f05,acc_00269,194.66,SGD,completed,NTUC FairPrice,card,2026-08-05T15:36:08Z
txn_87ab0e15d1f0,acc_00244,764.59,SGD,pending,Starbucks,grabpay,2026-08-05T15:36:30Z
txn_280088bab759,acc_00103,520.99,SGD,completed,Guardian,applepay,2026-08-05T15:37:18Z
txn_b3f07d02ac04,acc_00031,366.55,SGD,denied,Starbucks,card,2026-08-05T15:37:44Z
txn_7a818ce4c5bb,acc_00191,116.42,SGD,completed,NTUC FairPrice,grabpay,2026-08-05T15:37:52Z
txn_c56253a96de1,acc_00494,844.26,SGD,completed,Grab,card,2026-08-05T15:37:56Z
txn_59839445c675,acc_00460,92.67,SGD,denied,Starbucks,grabpay,2026-08-05T15:38:00Z
txn_3e11e19e01eb,acc_00094,315.66,SGD,completed,McDonald's,applepay,2026-08-05T15:38:13Z
txn_9a37c8658bc8,acc_00104,91.96,MYR,pending,Starbucks,grabpay,2026-08-05T15:38:19Z
txn_ab6d587781ec,acc_00220,409.46,SGD,completed,Guardian,card,2026-08-05T15:38:41Z
txn_e655134597d7,acc_00111,539.46,SGD,denied,NTUC FairPrice,googlepay,2026-08-05T15:38:48Z
txn_85b5a8905875,acc_00208,494.27,SGD,completed,Cold Storage,paynow,2026-08-05T15:39:06Z
txn_a7fe786985f0,acc_00114,814.67,SGD,pending,Shopee,googlepay,2026-08-05T15:39:17Z
txn_d0218b759eab,acc_00105,477.06,SGD,pending,7-Eleven,paynow,2026-08-05T15:39:31Z
txn_b61c728971e1,acc_00001,237.89,SGD,completed,Guardian,grabpay,2026-08-05T15:40:01Z
txn_9c8dffa323ba,acc_00434,310.60,SGD,completed,7-Eleven,paynow,2026-08-05T15:40:08Z
txn_bc560db529e0,acc_00176,729.00,SGD,denied,NTUC FairPrice,card,2026-08-05T15:40:14Z
txn_9738588560df,acc_00005,619.77,SGD,pending,Cold Storage,card,2026-08-05T15:40:18Z
txn_9bc9fd451786,acc_00424,773.86,SGD,completed,Grab,grabpay,2026-08-05T15:40:42Z
txn_83c84e284b31,acc_00024,293.62,SGD,completed,7-Eleven,grabpay,2026-08-05T15:40:50Z
txn_f820bad56187,acc_00011,220.34,SGD,completed,7-Eleven,googlepay,2026-08-05T15:41:17Z
txn_cd37b61caca7,acc_00202,349.52,MYR,denied,Starbucks,card,2026-08-05T15:41:19Z
txn_d07f535c945b,acc_00455,445.44,SGD,completed,Cold Storage,applepay,2026-08-05T15:41:25Z
txn_28a19b8495ad,acc_00090,77.93,SGD,completed,Shopee,applepay,2026-08-05T15:41:45Z
txn_4260e6dcf6ec,acc_00205,565.46,SGD,completed,7-Eleven,grabpay,2026-08-05T15:42:13Z
txn_cb37311da858,acc_00432,147.99,SGD,completed,Shopee,paynow,2026-08-05T15:42:30Z
txn_e6f07dad6940,acc_00399,687.35,SGD,completed,NTUC FairPrice,applepay,2026-08-05T15:42:35Z
txn_4f83d34bc4e3,acc_00134,691.10,SGD,pending,Watsons,grabpay,2026-08-05T15:43:42Z
txn_2190f268bdf4,acc_00393,551.28,SGD,pending,Starbucks,googlepay,2026-08-05T15:44:08Z
txn_e26c134d1df2,acc_00386,859.09,SGD,completed,Cold Storage,applepay,2026-08-05T15:44:30Z
txn_58daf7a0d80c,acc_00246,892.01,SGD,completed,7-Eleven,applepay,2026-08-05T15:44:35Z
txn_652e033bf62e,acc_00052,508.38,SGD,completed,Guardian,grabpay,2026-08-05T15:44:46Z
txn_ddee77e25995,acc_00034,359.29,SGD,completed,NTUC FairPrice,applepay,2026-08-05T15:44:47Z
txn_b28667fbf515,acc_00404,257.70,SGD,completed,Shopee,paynow,2026-08-05T15:44:48Z
txn_b7c0c66c10eb,acc_00179,613.58,SGD,completed,NTUC FairPrice,googlepay,2026-08-05T15:45:08Z
txn_3432d63c8d71,acc_00178,565.07,SGD,denied,Lazada,googlepay,2026-08-05T15:45:35Z
txn_d9ac3e467475,acc_00436,299.46,SGD,denied,Lazada,googlepay,2026-08-05T15:46:13Z
txn_05ad88fe9d91,acc_00063,40.82,SGD,completed,Shopee,googlepay,2026-08-05T15:46:14Z
txn_6038eeb7f343,acc_00311,414.55,SGD,denied,Lazada,googlepay,2026-08-05T15:46:53Z
txn_dcc3dfe3f8db,acc_00123,334.25,SGD,completed,Watsons,googlepay,2026-08-05T15:47:28Z
txn_3a849cb62ac4,acc_00339,865.99,SGD,completed,Watsons,googlepay,2026-08-05T15:47:29Z
txn_a21e7febd7f0,acc_00267,615.13,MYR,completed,Lazada,card,2026-08-05T15:47:48Z
txn_a60681ef82a4,acc_00291,39.71,SGD,completed,Lazada,googlepay,2026-08-05T15:47:48Z
txn_c9be209a157f,acc_00105,524.54,SGD,completed,McDonald's,paynow,2026-08-05T15:47:52Z
txn_5dae197bfd90,acc_00252,395.17,SGD,completed,Lazada,paynow,2026-08-05T15:48:13Z
txn_7e22552dc827,acc_00206,323.77,SGD,completed,Shopee,googlepay,2026-08-05T15:48:22Z
txn_73e35aea93b9,acc_00493,772.09,SGD,completed,Cold Storage,card,2026-08-05T15:48:24Z
txn_2e7454c2ca76,acc_00423,508.10,SGD,completed,NTUC FairPrice,card,2026-08-05T15:48:26Z
txn_4880a71cb013,acc_00281,850.36,SGD,pending,McDonald's,paynow,2026-08-05T15:48:28Z
txn_d53d49d54c83,acc_00196,890.80,SGD,pending,7-Eleven,card,2026-08-05T15:48:55Z
txn_32ffe8c671f7,acc_00092,523.57,SGD,completed,Grab,googlepay,2026-08-05T15:49:19Z
txn_1ab7497b1d60,acc_00245,723.57,SGD,completed,Cold Storage,paynow,2026-08-05T15:49:23Z
txn_29ba719c3114,acc_00327,738.41,SGD,denied,Guardian,card,2026-08-05T15:50:14Z
txn_ea2c8a951fa2,acc_00199,205.66,SGD,completed,Shopee,googlepay,2026-08-05T15:50:27Z
txn_83c6eb577698,acc_00090,105.00,SGD,completed,NTUC FairPrice,googlepay,2026-08-05T15:50:28Z
txn_c3e65114aa8e,acc_00395,301.12,SGD,denied,Lazada,applepay,2026-08-05T15:51:00Z
txn_1a831d97fea6,acc_00494,573.19,SGD,completed,McDonald's,googlepay,2026-08-05T15:51:05Z
txn_1ca23374f60e,acc_00340,820.74,SGD,completed,Watsons,paynow,2026-08-05T15:51:14Z
txn_354b57674198,acc_00495,586.28,MYR,denied,McDonald's,applepay,2026-08-05T15:51:31Z
txn_619ffb946e82,acc_00410,543.91,SGD,pending,Lazada,grabpay,2026-08-05T15:52:05Z
txn_90adb1225460,acc_00196,370.66,SGD,denied,Watsons,grabpay,2026-08-05T15:52:13Z
txn_9bd39d51d2d6,acc_00460,546.66,SGD,completed,McDonald's,card,2026-08-05T15:52:18Z
txn_02a88f5baf2e,acc_00464,353.72,SGD,denied,McDonald's,applepay,2026-08-05T15:52:34Z
txn_f2656e60910b,acc_00497,62.38,SGD,denied,McDonald's,googlepay,2026-08-05T15:52:36Z
txn_7d51d3b1ad5e,acc_00112,268.33,SGD,completed,Guardian,paynow,2026-08-05T15:52:42Z
txn_3eeb38de43b9,acc_00015,222.91,SGD,pending,McDonald's,googlepay,2026-08-05T15:52:44Z
txn_70454832471f,acc_00154,287.11,SGD,completed,Guardian,paynow,2026-08-05T15:52:45Z
txn_f1165d3f52e9,acc_00132,189.79,SGD,completed,Watsons,applepay,2026-08-05T15:52:50Z
txn_d6548655df8b,acc_00085,690.11,SGD,denied,Shopee,card,2026-08-05T15:53:56Z
txn_6d16413e64c5,acc_00495,293.98,MYR,pending,7-Eleven,card,2026-08-05T15:54:00Z
txn_c505a9050276,acc_00291,834.58,SGD,denied,Shopee,applepay,2026-08-05T15:54:24Z
txn_2bc06a1f2e27,acc_00165,363.11,SGD,pending,NTUC FairPrice,grabpay,2026-08-05T15:54:40Z
txn_77e99fad61e3,acc_00027,883.46,SGD,denied,Grab,applepay,2026-08-05T15:55:01Z
txn_fcbfcb6e58ce,acc_00031,821.89,SGD,completed,NTUC FairPrice,googlepay,2026-08-05T15:55:05Z
txn_99c42cdef12b,acc_00097,783.27,SGD,pending,McDonald's,grabpay,2026-08-05T15:55:37Z
txn_450a9f229740,acc_00190,736.08,SGD,completed,Guardian,applepay,2026-08-05T15:55:48Z
txn_a20905897060,acc_00376,623.79,SGD,pending,7-Eleven,card,2026-08-05T15:55:49Z
txn_90b286858c46,acc_00306,340.60,SGD,completed,Guardian,paynow,2026-08-05T15:56:06Z
txn_26b92c9fd752,acc_00302,167.40,SGD,completed,Grab,card,2026-08-05T15:56:23Z
txn_0fd6836ad13f,acc_00392,556.56,SGD,denied,Cold Storage,card,2026-08-05T15:56:32Z
txn_8c733f1f5dc8,acc_00411,675.53,SGD,completed,Shopee,googlepay,2026-08-05T15:57:12Z
txn_a26c0692c122,acc_00445,670.18,SGD,pending,NTUC FairPrice,applepay,2026-08-05T15:58:01Z
txn_b9c1fdb1a15a,acc_00073,682.39,SGD,completed,Watsons,paynow,2026-08-05T15:58:16Z
txn_3beb1ad0e98d,acc_00325,303.03,MYR,completed,Shopee,applepay,2026-08-05T15:58:17Z
txn_78e6a9717fdc,acc_00406,79.57,SGD,pending,Starbucks,paynow,2026-08-05T15:58:18Z
txn_962588debf33,acc_00126,728.13,SGD,completed,Guardian,grabpay,2026-08-05T15:59:29Z
txn_da21e291d7f4,acc_00487,373.20,SGD,completed,Grab,paynow,2026-08-05T15:59:37Z
txn_93aee502e2ab,acc_00058,252.59,SGD,completed,7-Eleven,paynow,2026-08-05T15:59:43Z
txn_55e938a162f9,acc_00366,78.18,SGD,completed,Lazada,applepay,2026-08-05T15:59:55Z
txn_a53d44ca34e9,acc_00171,181.07,SGD,denied,Starbucks,paynow,2026-08-05T16:00:03Z
txn_0ea2db769d8d,acc_00358,688.27,SGD,denied,Grab,googlepay,2026-08-05T16:00:21Z
txn_ea7aafed74a1,acc_00232,893.44,SGD,denied,Cold Storage,googlepay,2026-08-05T16:00:53Z
txn_e860a75a6768,acc_00142,689.81,SGD,pending,Lazada,grabpay,2026-08-05T16:00:54Z
txn_ed224bd87b41,acc_00141,519.91,SGD,pending,Guardian,applepay,2026-08-05T16:01:53Z
txn_adfe5f07f8f7,acc_00413,823.83,MYR,pending,Guardian,googlepay,2026-08-05T16:01:57Z
txn_afb18c870f78,acc_00033,204.65,SGD,completed,McDonald's,card,2026-08-05T16:02:21Z
txn_ef2fa7021587,acc_00019,772.40,SGD,denied,Grab,applepay,2026-08-05T16:02:22Z
txn_16b2b7a8ccaa,acc_00084,636.09,SGD,completed,McDonald's,card,2026-08-05T16:04:30Z
txn_d6a6b5742938,acc_00086,567.85,SGD,completed,Shopee,grabpay,2026-08-05T16:04:30Z
txn_66ac4c70e6d0,acc_00298,576.76,SGD,completed,NTUC FairPrice,googlepay,2026-08-05T16:04:43Z
txn_4b9deab2896d,acc_00126,64.65,SGD,pending,McDonald's,googlepay,2026-08-05T16:05:07Z
txn_ffe21a346505,acc_00250,242.79,MYR,completed,Starbucks,card,2026-08-05T16:05:27Z
txn_edfbb6ae39ed,acc_00346,75.72,SGD,pending,McDonald's,googlepay,2026-08-05T16:05:39Z
txn_efa9f463bc76,acc_00279,761.06,SGD,pending,Lazada,paynow,2026-08-05T16:06:08Z
txn_9352ff22ff3a,acc_00283,347.76,SGD,completed,Watsons,paynow,2026-08-05T16:06:26Z
txn_193a9c1e5529,acc_00451,823.65,SGD,pending,7-Eleven,applepay,2026-08-05T16:06:46Z
txn_c439674b8dcf,acc_00441,234.30,SGD,pending,Lazada,grabpay,2026-08-05T16:06:54Z
txn_c3ee2b4cf793,acc_00097,265.05,SGD,pending,Grab,applepay,2026-08-05T16:07:04Z
txn_710bf8d88e69,acc_00125,292.97,SGD,completed,Grab,paynow,2026-08-05T16:07:33Z
txn_0dfe41d3a17b,acc_00440,627.32,SGD,completed,Shopee,grabpay,2026-08-05T16:07:59Z
txn_2cb6c3c2ed20,acc_00072,381.13,SGD,pending,Lazada,card,2026-08-05T16:08:02Z
txn_54dc05c81801,acc_00424,496.05,SGD,completed,Watsons,googlepay,2026-08-05T16:08:23Z
txn_6fe3a82f6376,acc_00209,845.29,SGD,completed,7-Eleven,paynow,2026-08-05T16:08:35Z
txn_ed19acc723e8,acc_00216,755.17,SGD,denied,Lazada,card,2026-08-05T16:08:44Z
txn_652d1490918a,acc_00126,156.22,SGD,denied,7-Eleven,googlepay,2026-08-05T16:09:09Z
txn_cb603235aeec,acc_00450,809.24,SGD,completed,Starbucks,card,2026-08-05T16:09:49Z
txn_93018871cbe8,acc_00407,292.12,SGD,completed,Starbucks,googlepay,2026-08-05T16:09:51Z
txn_9ebf68a3f439,acc_00384,475.88,SGD,pending,Starbucks,grabpay,2026-08-05T16:09:52Z
txn_aca414067ef0,acc_00125,15.02,SGD,completed,Starbucks,applepay,2026-08-05T16:10:05Z
txn_db5673e5b3eb,acc_00228,804.57,SGD,pending,7-Eleven,paynow,2026-08-05T16:10:16Z
txn_106105c4501e,acc_00477,502.99,SGD,completed,7-Eleven,grabpay,2026-08-05T16:10:46Z
txn_079d1e91cb94,acc_00346,373.59,SGD,pending,Lazada,applepay,2026-08-05T16:11:01Z
txn_3313694b6600,acc_00013,889.42,SGD,pending,NTUC FairPrice,card,2026-08-05T16:11:03Z
txn_f89fc2231efe,acc_00155,166.45,SGD,denied,McDonald's,paynow,2026-08-05T16:11:23Z
txn_9ca3bdc20cc0,acc_00117,418.06,SGD,completed,Starbucks,card,2026-08-05T16:11:26Z
txn_c0116b17a9cb,acc_00322,423.93,SGD,completed,Grab,paynow,2026-08-05T16:11:54Z
txn_c23440f73c41,acc_00472,79.62,SGD,completed,7-Eleven,card,2026-08-05T16:11:58Z
txn_d92ff54efec4,acc_00110,430.43,SGD,denied,Lazada,googlepay,2026-08-05T16:12:15Z
txn_368a024fc96d,acc_00490,865.00,SGD,completed,NTUC FairPrice,googlepay,2026-08-05T16:12:17Z
txn_91bb03bf9129,acc_00308,887.68,SGD,completed,7-Eleven,grabpay,2026-08-05T16:12:31Z
txn_1015b12ee0a8,acc_00242,748.71,SGD,denied,Shopee,grabpay,2026-08-05T16:13:39Z
txn_fb7707a4b1d3,acc_00424,253.60,SGD,denied,Shopee,applepay,2026-08-05T16:14:42Z
txn_58bcc4e0fb4b,acc_00255,717.64,SGD,denied,McDonald's,paynow,2026-08-05T16:14:55Z
txn_e752d5a73c47,acc_00046,430.40,SGD,pending,Lazada,card,2026-08-05T16:15:23Z
txn_9a83ea22d382,acc_00396,776.02,SGD,completed,McDonald's,googlepay,2026-08-05T16:15:25Z
txn_0ff843d06a5d,acc_00416,857.88,SGD,denied,Grab,paynow,2026-08-05T16:16:06Z
txn_090c4d6a4720,acc_00445,80.17,SGD,completed,Cold Storage,card,2026-08-05T16:16:31Z
txn_ae88a2d3d4b3,acc_00202,611.67,SGD,completed,7-Eleven,googlepay,2026-08-05T16:17:06Z
txn_3e79508cb89c,acc_00433,792.34,SGD,completed,Lazada,paynow,2026-08-05T16:17:28Z
txn_a0984aa2be42,acc_00042,80.37,SGD,completed,Watsons,paynow,2026-08-05T16:18:16Z
txn_ed29a79d17d8,acc_00202,681.83,SGD,completed,7-Eleven,paynow,2026-08-05T16:18:27Z
txn_4ff30a2a0672,acc_00229,627.62,SGD,completed,McDonald's,grabpay,2026-08-05T16:19:06Z
txn_10c2146eefe8,acc_00107,330.64,SGD,completed,Shopee,paynow,2026-08-05T16:19:13Z
txn_1cfee116b324,acc_00214,800.49,SGD,pending,Guardian,grabpay,2026-08-05T16:19:22Z
txn_4dccf8d70eb5,acc_00288,637.15,SGD,completed,Shopee,grabpay,2026-08-05T16:19:36Z
txn_4741f4211351,acc_00313,850.02,SGD,pending,7-Eleven,paynow,2026-08-05T16:19:39Z
txn_220d21aa0bdd,acc_00098,270.19,SGD,completed,Cold Storage,grabpay,2026-08-05T16:19:52Z
txn_e5fcd23f8f88,acc_00460,815.36,SGD,denied,Starbucks,card,2026-08-05T16:19:54Z
txn_85616dbb7959,acc_00410,775.84,SGD,completed,Lazada,googlepay,2026-08-05T16:20:00Z
txn_9df11ae5810d,acc_00379,595.90,SGD,denied,NTUC FairPrice,googlepay,2026-08-05T16:20:05Z
txn_aa888ce98b25,acc_00023,371.24,SGD,pending,Guardian,grabpay,2026-08-05T16:20:41Z
txn_f5909000101e,acc_00259,71.11,SGD,pending,Guardian,paynow,2026-08-05T16:20:47Z
txn_516cdd2294ca,acc_00173,290.55,SGD,completed,Watsons,card,2026-08-05T16:20:56Z
txn_135aaa4a01bf,acc_00454,409.11,MYR,denied,Guardian,paynow,2026-08-05T16:20:59Z
txn_6a5ae86d2291,acc_00203,240.66,SGD,completed,NTUC FairPrice,paynow,2026-08-05T16:21:24Z
txn_bbfec96e2f97,acc_00014,725.96,SGD,denied,Lazada,card,2026-08-05T16:21:34Z
txn_34ebca26d50e,acc_00086,812.41,SGD,pending,McDonald's,card,2026-08-05T16:21:58Z
txn_78716c26b5e9,acc_00138,121.15,SGD,denied,Lazada,googlepay,2026-08-05T16:22:00Z
txn_1c6e2126724c,acc_00006,826.58,SGD,completed,Cold Storage,googlepay,2026-08-05T16:22:41Z
txn_81aa80992746,acc_00162,439.78,SGD,completed,Starbucks,paynow,2026-08-05T16:22:54Z
txn_5a74cb3eec74,acc_00165,877.94,SGD,completed,7-Eleven,grabpay,2026-08-05T16:23:49Z
txn_69add8413926,acc_00367,305.79,SGD,completed,Guardian,card,2026-08-05T16:24:08Z
txn_a6e4a4a95f28,acc_00008,208.45,SGD,completed,Grab,googlepay,2026-08-05T16:24:24Z
txn_16ae3e1ef3db,acc_00218,191.45,SGD,completed,Starbucks,grabpay,2026-08-05T16:24:37Z
txn_62c8a50e83b0,acc_00147,693.34,MYR,pending,Guardian,card,2026-08-05T16:24:40Z
txn_5a193b8b9e2f,acc_00189,71.19,SGD,denied,7-Eleven,applepay,2026-08-05T16:25:05Z
txn_9494ab5f48be,acc_00286,65.72,SGD,completed,Starbucks,applepay,2026-08-05T16:25:29Z
txn_3a3fd5749635,acc_00310,885.63,SGD,completed,Cold Storage,googlepay,2026-08-05T16:25:39Z
txn_fb91430e7127,acc_00333,893.66,SGD,pending,Cold Storage,applepay,2026-08-05T16:25:51Z
txn_a96f28f99608,acc_00265,642.92,SGD,denied,Starbucks,grabpay,2026-08-05T16:26:17Z
txn_f879f9be29fb,acc_00221,91.51,SGD,denied,Lazada,applepay,2026-08-05T16:26:26Z
txn_dfd22047c057,acc_00250,301.03,SGD,completed,NTUC FairPrice,card,2026-08-05T16:27:31Z
txn_24a23288baa4,acc_00289,492.19,SGD,denied,Cold Storage,grabpay,2026-08-05T16:28:17Z
txn_02dfff3235fe,acc_00152,111.16,SGD,completed,Grab,grabpay,2026-08-05T16:28:43Z
txn_4ac4a08a8ded,acc_00086,680.10,SGD,completed,Cold Storage,grabpay,2026-08-05T16:28:45Z
txn_32f251d55476,acc_00046,438.21,SGD,completed,Shopee,grabpay,2026-08-05T16:28:46Z
txn_e7d081b02893,acc_00118,585.63,SGD,completed,Grab,grabpay,2026-08-05T16:29:07Z
txn_3b8ce71d2898,acc_00133,821.78,SGD,completed,7-Eleven,grabpay,2026-08-05T16:30:12Z
txn_54b7ec565fee,acc_00479,771.84,SGD,completed,Cold Storage,grabpay,2026-08-05T16:30:13Z
txn_aa249fda6d5d,acc_00056,843.36,SGD,completed,Lazada,googlepay,2026-08-05T16:30:19Z
txn_1a051c8f88e0,acc_00368,525.87,SGD,denied,McDonald's,card,2026-08-05T16:30:32Z
txn_b1ecc28dc309,acc_00123,404.77,SGD,completed,Grab,googlepay,2026-08-05T16:30:47Z
txn_58af87dbe00f,acc_00214,311.05,SGD,denied,Starbucks,paynow,2026-08-05T16:30:56Z
txn_07c237af2ef3,acc_00318,118.11,SGD,pending,Starbucks,card,2026-08-05T16:31:08Z
txn_d9394b5cc8e0,acc_00284,479.00,SGD,denied,7-Eleven,grabpay,2026-08-05T16:31:13Z
txn_324d4a8fb7f1,acc_00090,671.51,MYR,completed,Lazada,applepay,2026-08-05T16:31:22Z
txn_540876ae8b80,acc_00429,292.87,SGD,completed,McDonald's,applepay,2026-08-05T16:31:53Z
txn_2acde883326d,acc_00477,591.06,SGD,pending,Watsons,applepay,2026-08-05T16:32:04Z
txn_4884a5f4cf76,acc_00016,463.07,SGD,completed,Watsons,card,2026-08-05T16:32:20Z
txn_3d0a809ae15c,acc_00361,475.65,SGD,completed,McDonald's,card,2026-08-05T16:32:46Z
txn_1e6be57796e1,acc_00298,725.76,SGD,pending,Lazada,paynow,2026-08-05T16:33:09Z
txn_03dbb812134a,acc_00303,552.18,MYR,completed,Starbucks,card,2026-08-05T16:33:51Z
txn_a89d8076522d,acc_00140,472.65,SGD,denied,Grab,applepay,2026-08-05T16:34:23Z
txn_1f2c3cc69986,acc_00437,415.89,SGD,completed,Lazada,applepay,2026-08-05T16:35:40Z
txn_86facee7ab58,acc_00268,225.05,SGD,completed,Lazada,paynow,2026-08-05T16:36:17Z
txn_d3637f17fcfc,acc_00336,709.20,SGD,completed,Lazada,grabpay,2026-08-05T16:36:35Z
txn_e0a7ecf32a0d,acc_00414,339.84,SGD,denied,Guardian,googlepay,2026-08-05T16:36:35Z
txn_45f978fa45c5,acc_00401,494.20,SGD,denied,McDonald's,applepay,2026-08-05T16:36:37Z
txn_932c7c36a552,acc_00441,814.72,SGD,completed,Guardian,googlepay,2026-08-05T16:36:42Z
txn_9b9dcb3779b5,acc_00084,421.49,SGD,completed,McDonald's,googlepay,2026-08-05T16:37:07Z
txn_84d120147d4b,acc_00113,715.63,MYR,completed,Cold Storage,grabpay,2026-08-05T16:37:19Z
txn_cdeff7c6f4bd,acc_00281,401.74,SGD,completed,Guardian,googlepay,2026-08-05T16:37:20Z
txn_62c8dc4e5ee2,acc_00132,629.62,SGD,completed,McDonald's,card,2026-08-05T16:37:47Z
txn_353943960f49,acc_00305,483.70,SGD,denied,Grab,applepay,2026-08-05T16:38:06Z
txn_4b623911435e,acc_00194,550.70,SGD,completed,Grab,card,2026-08-05T16:38:09Z
txn_390943eca9c5,acc_00185,303.71,SGD,completed,McDonald's,applepay,2026-08-05T16:38:09Z
txn_f686f634e6fb,acc_00495,532.18,SGD,pending,Grab,googlepay,2026-08-05T16:38:10Z
txn_b270503639e0,acc_00395,33.91,SGD,completed,Shopee,grabpay,2026-08-05T16:38:10Z
txn_5a253e3cca25,acc_00435,162.51,SGD,completed,Lazada,card,2026-08-05T16:38:50Z
txn_2cee3cf32909,acc_00495,795.49,SGD,completed,McDonald's,card,2026-08-05T16:39:30Z
txn_7f9e54f22774,acc_00410,785.09,SGD,completed,7-Eleven,paynow,2026-08-05T16:39:32Z
txn_347147a3db64,acc_00219,137.57,SGD,denied,7-Eleven,googlepay,2026-08-05T16:39:58Z
txn_a14aa409904b,acc_00377,242.46,SGD,completed,Guardian,applepay,2026-08-05T16:40:03Z
txn_8032ca73c160,acc_00035,315.54,MYR,completed,McDonald's,grabpay,2026-08-05T16:40:30Z
txn_d9c5d7e4d42c,acc_00284,103.25,SGD,pending,Shopee,paynow,2026-08-05T16:40:44Z
txn_cdab2ae82be5,acc_00028,79.01,SGD,completed,Watsons,paynow,2026-08-05T16:41:07Z
txn_48399d77b31b,acc_00428,799.14,SGD,completed,Starbucks,paynow,2026-08-05T16:42:00Z
txn_5a989b128b57,acc_00402,293.04,SGD,completed,Cold Storage,grabpay,2026-08-05T16:42:29Z
txn_d150581cf845,acc_00365,870.39,SGD,pending,Starbucks,grabpay,2026-08-05T16:42:41Z
txn_f7c318e388cb,acc_00260,202.38,SGD,pending,Lazada,card,2026-08-05T16:42:54Z
txn_ef7091e4ab06,acc_00425,633.20,SGD,completed,Shopee,card,2026-08-05T16:43:11Z
txn_5db22737e506,acc_00185,651.00,SGD,denied,Cold Storage,paynow,2026-08-05T16:43:14Z
txn_c87f714249eb,acc_00421,884.08,SGD,completed,Lazada,card,2026-08-05T16:43:30Z
txn_dded1f008011,acc_00161,231.45,SGD,completed,Cold Storage,card,2026-08-05T16:43:31Z
txn_ac9b28043b93,acc_00189,135.63,SGD,completed,McDonald's,paynow,2026-08-05T16:43:33Z
txn_fed307dd06b0,acc_00263,58.83,SGD,completed,Guardian,grabpay,2026-08-05T16:43:45Z
txn_038b2e535ff6,acc_00177,644.43,MYR,completed,McDonald's,applepay,2026-08-05T16:44:00Z
txn_ae2e9e7917d4,acc_00083,577.03,SGD,completed,Cold Storage,grabpay,2026-08-05T16:44:31Z
txn_c909bf8fa939,acc_00177,676.20,SGD,completed,Guardian,card,2026-08-05T16:44:54Z
txn_03d5180ffc7f,acc_00178,355.86,SGD,pending,Grab,googlepay,2026-08-05T16:45:02Z
txn_5a3085c7f9f2,acc_00070,23.42,SGD,completed,Shopee,paynow,2026-08-05T16:45:02Z
txn_8fc6c529211e,acc_00429,23.50,SGD,completed,Lazada,paynow,2026-08-05T16:45:15Z
txn_cd20826e8212,acc_00125,643.17,SGD,pending,McDonald's,grabpay,2026-08-05T16:45:24Z
txn_90326b27a88b,acc_00078,659.24,SGD,completed,Shopee,card,2026-08-05T16:45:38Z
txn_8b64bf693650,acc_00472,101.36,SGD,completed,Shopee,grabpay,2026-08-05T16:45:44Z
txn_ba5c485527c9,acc_00127,358.87,SGD,completed,McDonald's,paynow,2026-08-05T16:45:59Z
txn_957d440051d0,acc_00364,293.83,SGD,denied,Cold Storage,googlepay,2026-08-05T16:46:17Z
txn_b6a42786d0ea,acc_00319,116.87,MYR,pending,Starbucks,card,2026-08-05T16:46:17Z
txn_54a83cc0af1f,acc_00418,872.58,SGD,completed,Starbucks,googlepay,2026-08-05T16:46:18Z
txn_65606f643dd6,acc_00144,519.91,SGD,completed,Grab,paynow,2026-08-05T16:46:30Z
txn_124916d4b528,acc_00053,134.69,SGD,completed,Lazada,card,2026-08-05T16:46:44Z
txn_479cccdcf8db,acc_00288,886.77,MYR,denied,Shopee,card,2026-08-05T16:46:51Z
txn_36f73e18089c,acc_00113,182.91,SGD,completed,Shopee,grabpay,2026-08-05T16:46:55Z
txn_8f90ac255ea1,acc_00438,7.75,MYR,completed,Shopee,card,2026-08-05T16:47:02Z
txn_d2348a2595aa,acc_00051,606.53,SGD,completed,7-Eleven,paynow,2026-08-05T16:47:15Z
txn_fe81484dfbcb,acc_00295,857.33,SGD,pending,Lazada,applepay,2026-08-05T16:47:15Z
txn_f051e82fe59d,acc_00250,29.66,SGD,completed,7-Eleven,applepay,2026-08-05T16:47:35Z
txn_de02548d5f30,acc_00414,837.61,SGD,completed,Lazada,paynow,2026-08-05T16:47:41Z
txn_538853b12a58,acc_00452,405.99,SGD,completed,Starbucks,grabpay,2026-08-05T16:47:48Z
txn_8fba9e1c3a33,acc_00254,220.94,SGD,denied,NTUC FairPrice,card,2026-08-05T16:47:55Z
txn_db1c18d5f3a1,acc_00056,629.74,SGD,denied,Lazada,paynow,2026-08-05T16:49:17Z
txn_e9bb35385380,acc_00265,159.07,SGD,completed,Watsons,applepay,2026-08-05T16:49:22Z
txn_eeab78a7754d,acc_00046,8.44,SGD,pending,Shopee,googlepay,2026-08-05T16:49:30Z
txn_2bad3b340b57,acc_00429,474.66,MYR,completed,Shopee,card,2026-08-05T16:49:59Z
txn_388182e1a9fd,acc_00068,463.13,SGD,denied,NTUC FairPrice,googlepay,2026-08-05T16:50:04Z
txn_9cf18c20deea,acc_00479,510.58,SGD,denied,Lazada,grabpay,2026-08-05T16:50:19Z
txn_ffeefd0f6c1a,acc_00452,337.53,SGD,pending,Cold Storage,googlepay,2026-08-05T16:50:29Z
txn_fc2add69f42c,acc_00352,618.16,SGD,denied,7-Eleven,paynow,2026-08-05T16:50:45Z
txn_f682f4f09ad3,acc_00064,277.94,SGD,completed,Shopee,applepay,2026-08-05T16:50:50Z
txn_89d871f81ea9,acc_00242,495.97,SGD,completed,McDonald's,applepay,2026-08-05T16:52:29Z
txn_bf1b52d55b0a,acc_00026,30.66,SGD,pending,Shopee,applepay,2026-08-05T16:52:32Z
txn_e474fd919dd6,acc_00397,663.52,SGD,pending,Guardian,grabpay,2026-08-05T16:53:04Z
txn_b181d4836e91,acc_00361,414.70,MYR,denied,NTUC FairPrice,applepay,2026-08-05T16:53:06Z
txn_fce45102611a,acc_00427,621.54,SGD,denied,Cold Storage,grabpay,2026-08-05T16:53:08Z
txn_4b87c3641f50,acc_00283,344.52,SGD,pending,Grab,grabpay,2026-08-05T16:53:30Z
txn_9e08a87fd4e0,acc_00102,158.21,SGD,completed,Shopee,applepay,2026-08-05T16:53:31Z
txn_1d8396de8ad0,acc_00120,778.45,MYR,completed,McDonald's,applepay,2026-08-05T16:54:04Z
txn_57c2f019198c,acc_00204,36.40,SGD,completed,Shopee,grabpay,2026-08-05T16:54:09Z
txn_27b020dca643,acc_00469,865.00,SGD,pending,Watsons,card,2026-08-05T16:54:10Z
txn_e7f32aa0350e,acc_00052,171.07,SGD,completed,Guardian,applepay,2026-08-05T16:54:49Z
txn_d2e140b52f89,acc_00276,857.46,SGD,pending,NTUC FairPrice,card,2026-08-05T16:55:02Z
txn_4f017748688e,acc_00290,18.56,SGD,completed,NTUC FairPrice,card,2026-08-05T16:55:02Z
txn_492f08aeb9c9,acc_00114,681.01,SGD,denied,NTUC FairPrice,paynow,2026-08-05T16:55:03Z
txn_d04bcae545ea,acc_00046,566.13,SGD,denied,Watsons,card,2026-08-05T16:55:06Z
txn_8ac8f7155ea5,acc_00386,455.21,SGD,completed,NTUC FairPrice,grabpay,2026-08-05T16:55:25Z
txn_037d5b88a45c,acc_00074,210.89,SGD,pending,Cold Storage,card,2026-08-05T16:56:21Z
txn_e479366e815d,acc_00414,744.09,SGD,completed,Watsons,paynow,2026-08-05T16:56:26Z
txn_a8e5870c1076,acc_00333,324.93,SGD,completed,Watsons,applepay,2026-08-05T16:58:00Z
txn_add5370a633f,acc_00156,560.71,SGD,completed,Watsons,applepay,2026-08-05T16:58:02Z
txn_6a894fd1cf5d,acc_00009,810.69,SGD,completed,McDonald's,applepay,2026-08-05T16:58:45Z
txn_7b0384411b5c,acc_00222,760.29,SGD,completed,Grab,googlepay,2026-08-05T16:59:16Z
txn_dc27a16e1b5c,acc_00247,181.31,SGD,completed,Watsons,grabpay,2026-08-05T17:00:16Z
txn_05059bea3cc6,acc_00294,647.99,SGD,completed,Shopee,applepay,2026-08-05T17:00:54Z
txn_879b97f31d71,acc_00321,652.92,SGD,completed,McDonald's,applepay,2026-08-05T17:01:08Z
txn_131c664c2201,acc_00022,420.06,MYR,completed,Starbucks,applepay,2026-08-05T17:01:22Z
txn_2006075c063e,acc_00257,798.79,SGD,completed,7-Eleven,paynow,2026-08-05T17:01:25Z
txn_17719115246a,acc_00311,646.76,SGD,completed,McDonald's,card,2026-08-05T17:02:29Z
txn_e16ccf54bc18,acc_00426,150.18,SGD,completed,7-Eleven,card,2026-08-05T17:03:05Z
txn_8e2c31f8338b,acc_00050,126.90,SGD,completed,Watsons,grabpay,2026-08-05T17:03:11Z
txn_ff5a055b5d29,acc_00458,743.30,SGD,pending,Lazada,applepay,2026-08-05T17:03:18Z
txn_ad4c4e07f802,acc_00406,278.58,MYR,completed,McDonald's,card,2026-08-05T17:03:53Z
txn_77c524d4438b,acc_00443,873.94,SGD,completed,McDonald's,card,2026-08-05T17:04:22Z
txn_c9bf6d8d9004,acc_00259,805.61,SGD,completed,Shopee,card,2026-08-05T17:04:41Z
txn_2fe839772b10,acc_00185,576.73,SGD,denied,McDonald's,paynow,2026-08-05T17:04:53Z
txn_8f8962867b9b,acc_00356,505.26,MYR,denied,Guardian,paynow,2026-08-05T17:05:15Z
txn_a23a869c48f6,acc_00445,678.12,SGD,completed,Guardian,grabpay,2026-08-05T17:05:24Z
txn_dd75115d9737,acc_00111,799.87,SGD,completed,McDonald's,applepay,2026-08-05T17:05:58Z
txn_0f73219e3f2e,acc_00363,534.56,SGD,completed,McDonald's,googlepay,2026-08-05T17:06:11Z
txn_a6c91f417470,acc_00091,509.20,SGD,denied,Shopee,paynow,2026-08-05T17:06:19Z
txn_51b6e5dbb511,acc_00279,615.65,SGD,completed,NTUC FairPrice,card,2026-08-05T17:06:21Z
txn_4619e8f90c16,acc_00055,385.51,SGD,denied,Grab,googlepay,2026-08-05T17:06:41Z
txn_b24d7efcb620,acc_00013,295.57,SGD,completed,Starbucks,grabpay,2026-08-05T17:08:13Z
txn_dab242a0b8d5,acc_00112,453.38,SGD,denied,NTUC FairPrice,applepay,2026-08-05T17:08:19Z
txn_4269e6ada3d6,acc_00431,592.70,SGD,completed,Cold Storage,card,2026-08-05T17:08:26Z
txn_11c8b097363d,acc_00441,597.53,SGD,pending,7-Eleven,googlepay,2026-08-05T17:08:54Z
txn_37dbc1e7ccbe,acc_00120,832.51,SGD,completed,McDonald's,card,2026-08-05T17:09:23Z
txn_d526c09cba94,acc_00485,763.40,SGD,completed,Grab,applepay,2026-08-05T17:09:42Z
txn_9176521ca20c,acc_00255,726.24,SGD,completed,Starbucks,card,2026-08-05T17:10:04Z
txn_8730a0854f2b,acc_00215,138.41,SGD,pending,Watsons,googlepay,2026-08-05T17:10:14Z
txn_82adf6a8dcd0,acc_00412,491.07,SGD,completed,Watsons,googlepay,2026-08-05T17:10:53Z
txn_b5f4e213a267,acc_00422,313.60,SGD,pending,Guardian,card,2026-08-05T17:11:06Z
txn_2650ac93fc84,acc_00478,645.64,SGD,completed,Starbucks,applepay,2026-08-05T17:11:34Z
txn_c1cb7f342183,acc_00240,120.21,SGD,pending,Starbucks,grabpay,2026-08-05T17:11:48Z
txn_c86c941925ca,acc_00116,575.05,SGD,completed,Starbucks,grabpay,2026-08-05T17:11:58Z
txn_304773e5477f,acc_00115,620.90,SGD,pending,7-Eleven,paynow,2026-08-05T17:12:32Z
txn_4699252d6422,acc_00371,842.11,MYR,denied,McDonald's,paynow,2026-08-05T17:13:13Z
txn_a4a97dc52286,acc_00285,390.41,SGD,completed,Shopee,paynow,2026-08-05T17:13:15Z
txn_ac8bb5f2d03f,acc_00210,112.55,SGD,denied,Cold Storage,paynow,2026-08-05T17:13:46Z
txn_96493a19d32b,acc_00151,201.38,SGD,completed,Guardian,grabpay,2026-08-05T17:13:51Z
txn_4100def4ecec,acc_00150,164.10,SGD,completed,Starbucks,card,2026-08-05T17:14:07Z
txn_e0dea312577f,acc_00191,210.82,SGD,completed,Starbucks,grabpay,2026-08-05T17:14:16Z
txn_0bfec536b99b,acc_00063,764.11,SGD,pending,NTUC FairPrice,paynow,2026-08-05T17:14:44Z
txn_d919b290712f,acc_00451,111.13,SGD,completed,Lazada,card,2026-08-05T17:14:54Z
txn_018dd6e5f848,acc_00238,163.15,SGD,denied,McDonald's,applepay,2026-08-05T17:14:56Z
txn_4fb3b852dad7,acc_00241,641.53,SGD,completed,Starbucks,applepay,2026-08-05T17:15:08Z
txn_ba4ecf7b8062,acc_00242,417.93,SGD,completed,Shopee,googlepay,2026-08-05T17:15:11Z
txn_aee4a3f70796,acc_00144,690.63,SGD,completed,Starbucks,paynow,2026-08-05T17:15:14Z
txn_979a2c1a58df,acc_00145,689.33,SGD,pending,Starbucks,card,2026-08-05T17:15:26Z
txn_53756b326bd1,acc_00192,618.77,SGD,completed,Lazada,applepay,2026-08-05T17:15:34Z
txn_0db03b12fc1b,acc_00133,7.91,SGD,denied,Guardian,paynow,2026-08-05T17:16:02Z
txn_a8032fa2358f,acc_00390,107.77,SGD,pending,Starbucks,applepay,2026-08-05T17:16:30Z
txn_8a9315ea1c5c,acc_00357,836.04,SGD,completed,Grab,card,2026-08-05T17:16:31Z
txn_6fa181bdbbea,acc_00291,583.42,SGD,completed,Guardian,googlepay,2026-08-05T17:16:42Z
txn_6b0172d087a7,acc_00244,272.97,SGD,completed,Starbucks,applepay,2026-08-05T17:16:45Z
txn_f601c9c8ea7a,acc_00360,381.47,SGD,completed,Cold Storage,grabpay,2026-08-05T17:16:50Z
txn_3e72aab239ae,acc_00385,251.15,SGD,completed,Guardian,googlepay,2026-08-05T17:16:55Z
txn_fb142f841df8,acc_00445,749.75,SGD,pending,Shopee,card,2026-08-05T17:17:04Z
txn_5999fe7af9c9,acc_00246,876.27,SGD,denied,7-Eleven,googlepay,2026-08-05T17:17:31Z
txn_51adc696a673,acc_00236,863.32,MYR,denied,Watsons,googlepay,2026-08-05T17:17:59Z
txn_117d805250b6,acc_00112,422.25,SGD,completed,Watsons,paynow,2026-08-05T17:18:06Z
txn_8a21749c5563,acc_00062,357.73,SGD,completed,NTUC FairPrice,googlepay,2026-08-05T17:18:14Z
txn_d6957550684f,acc_00402,174.52,SGD,completed,7-Eleven,googlepay,2026-08-05T17:18:31Z
txn_93465ccf40cc,acc_00302,380.13,MYR,completed,Watsons,applepay,2026-08-05T17:18:58Z
txn_4740966aeca3,acc_00500,182.33,SGD,completed,7-Eleven,paynow,2026-08-05T17:19:14Z
txn_f7f598d5c637,acc_00278,162.11,SGD,denied,7-Eleven,googlepay,2026-08-05T17:19:33Z
txn_834ad153a326,acc_00413,227.16,MYR,denied,Lazada,card,2026-08-05T17:19:51Z
txn_c430d33fc6d5,acc_00249,361.64,MYR,completed,7-Eleven,applepay,2026-08-05T17:20:06Z
txn_1c3b25770695,acc_00176,411.16,SGD,denied,McDonald's,grabpay,2026-08-05T17:20:11Z
txn_b92875520d49,acc_00476,836.24,SGD,completed,Lazada,grabpay,2026-08-05T17:20:29Z
txn_e247fa0cb60d,acc_00427,332.29,SGD,pending,McDonald's,applepay,2026-08-05T17:20:47Z
txn_b0f33abecc8e,acc_00025,360.06,SGD,completed,Lazada,grabpay,2026-08-05T17:21:00Z
txn_bc5bf705d6f0,acc_00148,85.98,SGD,completed,Watsons,paynow,2026-08-05T17:21:03Z
txn_762d949ec5cd,acc_00497,509.67,SGD,completed,Guardian,paynow,2026-08-05T17:21:11Z
txn_5c77acdf2209,acc_00497,600.04,SGD,completed,Grab,grabpay,2026-08-05T17:21:22Z
txn_11495057fdff,acc_00444,50.44,SGD,denied,Shopee,paynow,2026-08-05T17:21:31Z
txn_0cbd1e8078b6,acc_00044,492.33,SGD,denied,Guardian,googlepay,2026-08-05T17:21:32Z
txn_4e74bfad8314,acc_00296,877.72,SGD,completed,McDonald's,grabpay,2026-08-05T17:21:35Z
txn_fc5278094887,acc_00050,680.71,SGD,pending,McDonald's,applepay,2026-08-05T17:21:45Z
txn_26bd4a967d53,acc_00427,379.57,MYR,completed,Guardian,applepay,2026-08-05T17:21:58Z
txn_24682ea8b8b0,acc_00113,354.58,SGD,denied,Grab,applepay,2026-08-05T17:22:55Z
txn_395ecaea8304,acc_00172,134.04,SGD,completed,Lazada,card,2026-08-05T17:23:16Z
txn_f760b6b6fcb3,acc_00332,473.39,SGD,pending,Starbucks,card,2026-08-05T17:23:21Z
txn_42d8f894ea3c,acc_00005,9.74,SGD,completed,Starbucks,paynow,2026-08-05T17:23:33Z
txn_c131bccc3a97,acc_00066,292.28,SGD,completed,Guardian,card,2026-08-05T17:23:44Z
txn_be6882ce4526,acc_00064,250.89,SGD,completed,Guardian,paynow,2026-08-05T17:23:58Z
txn_c8d5bef8c6e4,acc_00229,602.23,SGD,denied,Lazada,googlepay,2026-08-05T17:24:02Z
txn_16a445e34174,acc_00094,104.66,SGD,pending,Cold Storage,applepay,2026-08-05T17:24:44Z
txn_3525f8446884,acc_00275,793.76,SGD,completed,Grab,paynow,2026-08-05T17:24:51Z
txn_fce05684992c,acc_00434,447.63,SGD,completed,Watsons,googlepay,2026-08-05T17:24:53Z
txn_859a3d3c482b,acc_00026,93.62,MYR,completed,7-Eleven,applepay,2026-08-05T17:25:00Z
txn_cb8c0c207837,acc_00399,591.12,SGD,completed,Starbucks,applepay,2026-08-05T17:25:09Z
txn_857de68e9259,acc_00224,231.29,SGD,completed,7-Eleven,grabpay,2026-08-05T17:25:21Z
txn_e39435682de7,acc_00069,42.29,SGD,completed,Shopee,applepay,2026-08-05T17:25:22Z
txn_067aed134a48,acc_00117,217.24,SGD,completed,NTUC FairPrice,paynow,2026-08-05T17:25:43Z
txn_ace4b9bf707a,acc_00416,438.52,SGD,completed,Watsons,applepay,2026-08-05T17:25:46Z
txn_3a8187ca1480,acc_00479,387.34,SGD,pending,Shopee,card,2026-08-05T17:26:00Z
txn_12124b24ae88,acc_00389,507.65,SGD,completed,Cold Storage,grabpay,2026-08-05T17:26:11Z
txn_a5fd0d6af5e1,acc_00199,646.12,SGD,completed,NTUC FairPrice,paynow,2026-08-05T17:26:21Z
txn_fa0fdc300af9,acc_00499,535.96,SGD,completed,Guardian,paynow,2026-08-05T17:26:24Z
txn_881a3f00c438,acc_00148,859.88,SGD,completed,McDonald's,grabpay,2026-08-05T17:26:33Z
txn_ff3af8dfd634,acc_00359,570.89,SGD,completed,7-Eleven,applepay,2026-08-05T17:26:49Z
txn_3a027275a945,acc_00477,50.80,SGD,completed,Guardian,paynow,2026-08-05T17:27:04Z
txn_0780f37e4fc8,acc_00157,893.89,SGD,pending,Guardian,paynow,2026-08-05T17:27:08Z
txn_3afbb6610b52,acc_00021,786.57,SGD,denied,Watsons,paynow,2026-08-05T17:27:15Z
txn_f282cf0bd2ca,acc_00144,683.99,SGD,completed,Guardian,paynow,2026-08-05T17:27:41Z
txn_2ef4cd61410a,acc_00463,842.50,MYR,completed,Guardian,grabpay,2026-08-05T17:27:42Z
txn_519c88d676b0,acc_00456,159.63,SGD,completed,7-Eleven,paynow,2026-08-05T17:28:23Z
txn_fddfb45eb40a,acc_00101,150.12,SGD,completed,Grab,card,2026-08-05T17:28:30Z
txn_25666d70942e,acc_00286,429.09,SGD,completed,Shopee,card,2026-08-05T17:28:36Z
txn_2592162312c2,acc_00275,97.79,SGD,completed,Guardian,applepay,2026-08-05T17:29:10Z
txn_c8e5b59a12fa,acc_00384,521.17,SGD,completed,Shopee,paynow,2026-08-05T17:29:11Z
txn_4570cec9db93,acc_00353,777.79,SGD,pending,Cold Storage,paynow,2026-08-05T17:29:20Z
txn_e4e5cf669624,acc_00278,663.17,SGD,completed,Lazada,paynow,2026-08-05T17:29:30Z
txn_f1439c5a0985,acc_00409,472.43,SGD,completed,7-Eleven,applepay,2026-08-05T17:29:31Z
txn_50d451a3fa15,acc_00091,514.08,SGD,pending,McDonald's,googlepay,2026-08-05T17:29:32Z
txn_7e495b0033fa,acc_00450,684.55,SGD,completed,7-Eleven,paynow,2026-08-05T17:30:10Z
txn_b33db2679334,acc_00115,624.66,SGD,denied,Lazada,paynow,2026-08-05T17:30:12Z
txn_4ec9b99a62a2,acc_00388,668.62,MYR,completed,Grab,paynow,2026-08-05T17:30:16Z
txn_9c865e7b02eb,acc_00010,610.11,SGD,pending,McDonald's,googlepay,2026-08-05T17:30:49Z
txn_55ff3cbe4f46,acc_00008,173.74,SGD,completed,NTUC FairPrice,paynow,2026-08-05T17:31:00Z
txn_1180784d3af6,acc_00002,112.29,SGD,completed,NTUC FairPrice,applepay,2026-08-05T17:31:08Z
txn_5f92ae8e848b,acc_00255,381.97,SGD,completed,7-Eleven,grabpay,2026-08-05T17:31:09Z
txn_5d31b1767488,acc_00063,451.66,SGD,pending,Watsons,card,2026-08-05T17:31:17Z
txn_a6a1ab8a04ac,acc_00327,220.01,SGD,denied,Starbucks,applepay,2026-08-05T17:31:24Z
txn_59ec7c7d2d8e,acc_00497,86.20,SGD,completed,Starbucks,applepay,2026-08-05T17:31:32Z
txn_2235173dddae,acc_00464,516.95,SGD,completed,7-Eleven,applepay,2026-08-05T17:31:37Z
txn_c4b6859a4a5e,acc_00368,735.71,SGD,pending,7-Eleven,card,2026-08-05T17:31:53Z
txn_721504c630aa,acc_00068,164.78,SGD,completed,Lazada,card,2026-08-05T17:32:06Z
txn_6015de8d8704,acc_00349,538.93,MYR,denied,Grab,paynow,2026-08-05T17:32:34Z
txn_758ac840256c,acc_00434,26.77,SGD,completed,NTUC FairPrice,paynow,2026-08-05T17:32:37Z
txn_411089f9c3a2,acc_00266,471.98,MYR,completed,Starbucks,paynow,2026-08-05T17:32:47Z
txn_0a1ff98ca39b,acc_00194,311.88,SGD,completed,NTUC FairPrice,googlepay,2026-08-05T17:32:47Z
txn_474123ddd7a3,acc_00145,145.40,SGD,completed,Grab,applepay,2026-08-05T17:32:53Z
txn_9995a6dd81ba,acc_00242,398.63,SGD,denied,Starbucks,paynow,2026-08-05T17:32:56Z
txn_1594ad9d1274,acc_00119,246.77,SGD,completed,McDonald's,applepay,2026-08-05T17:33:00Z
txn_dd2eb8689771,acc_00493,746.85,SGD,completed,NTUC FairPrice,card,2026-08-05T17:33:21Z
txn_b1cb2f349c39,acc_00048,514.51,MYR,completed,Grab,grabpay,2026-08-05T17:34:06Z
txn_66502eeff909,acc_00243,223.81,SGD,completed,7-Eleven,googlepay,2026-08-05T17:34:09Z
txn_324132aad314,acc_00296,878.03,SGD,denied,Grab,paynow,2026-08-05T17:34:09Z
txn_7c073357ac8d,acc_00125,577.93,SGD,denied,Watsons,card,2026-08-05T17:34:13Z
txn_9655c2dc28aa,acc_00470,191.53,SGD,completed,NTUC FairPrice,grabpay,2026-08-05T17:34:23Z
txn_7b3b1bb62934,acc_00281,847.79,SGD,completed,Guardian,googlepay,2026-08-05T17:34:33Z
txn_6eced678512b,acc_00317,575.99,SGD,denied,Cold Storage,grabpay,2026-08-05T17:35:00Z
txn_0fb40781127b,acc_00313,343.32,SGD,denied,NTUC FairPrice,paynow,2026-08-05T17:35:18Z
txn_eb61facdb2a4,acc_00085,236.50,SGD,completed,Watsons,grabpay,2026-08-05T17:35:47Z
txn_cb67544bdb41,acc_00417,714.56,SGD,pending,Starbucks,googlepay,2026-08-05T17:36:30Z
txn_7c00ce62c0c5,acc_00315,864.94,SGD,completed,Cold Storage,googlepay,2026-08-05T17:36:46Z
txn_e60d3b387893,acc_00402,502.91,SGD,completed,Watsons,googlepay,2026-08-05T17:36:47Z
txn_e801ca909eb3,acc_00116,824.02,SGD,completed,Shopee,googlepay,2026-08-05T17:36:53Z
txn_6e9376466c8d,acc_00294,432.84,SGD,denied,Shopee,applepay,2026-08-05T17:37:43Z
txn_0cb9011e849d,acc_00075,59.28,SGD,completed,Starbucks,grabpay,2026-08-05T17:37:49Z
txn_9d60fcdd2355,acc_00087,516.64,SGD,denied,NTUC FairPrice,grabpay,2026-08-05T17:38:58Z
txn_e4855e4ba65b,acc_00070,203.13,SGD,completed,Cold Storage,card,2026-08-05T17:39:24Z
txn_ab2c8006d3b2,acc_00197,228.05,SGD,completed,Watsons,paynow,2026-08-05T17:39:51Z
txn_c32b2736bfc7,acc_00425,257.02,SGD,denied,Shopee,googlepay,2026-08-05T17:40:14Z
txn_7a7b7e9b44b0,acc_00415,399.15,SGD,completed,NTUC FairPrice,grabpay,2026-08-05T17:40:36Z
txn_1d835e5a56e2,acc_00342,753.07,SGD,completed,NTUC FairPrice,card,2026-08-05T17:40:41Z
txn_a0a1d4d58cd1,acc_00015,234.41,SGD,denied,Shopee,card,2026-08-05T17:41:20Z
txn_54b54acc1550,acc_00356,44.48,SGD,denied,Shopee,applepay,2026-08-05T17:41:21Z
txn_80d2c5c2c271,acc_00222,434.53,SGD,completed,Grab,card,2026-08-05T17:41:25Z
txn_39a2505e47f5,acc_00375,499.98,SGD,completed,McDonald's,applepay,2026-08-05T17:41:54Z
txn_4d16ff8d65a6,acc_00186,18.86,SGD,completed,Lazada,grabpay,2026-08-05T17:42:16Z
txn_7ec9e19886c6,acc_00136,834.04,SGD,completed,Starbucks,googlepay,2026-08-05T17:43:08Z
txn_85b14aa41b08,acc_00241,405.18,SGD,denied,Starbucks,googlepay,2026-08-05T17:43:33Z
txn_2298da9c6849,acc_00167,651.25,MYR,pending,NTUC FairPrice,applepay,2026-08-05T17:43:57Z
txn_0568f35f8e6b,acc_00098,439.16,SGD,pending,Starbucks,paynow,2026-08-05T17:44:36Z
txn_e2fe1733959f,acc_00025,115.15,SGD,completed,Grab,card,2026-08-05T17:44:54Z
txn_01cc4be04834,acc_00333,485.74,SGD,completed,7-Eleven,googlepay,2026-08-05T17:44:56Z
txn_9f680cd0d74b,acc_00434,811.41,SGD,completed,7-Eleven,paynow,2026-08-05T17:46:46Z
txn_2a6b9546adf5,acc_00463,38.17,SGD,denied,Lazada,card,2026-08-05T17:46:51Z
txn_f94512987b85,acc_00216,46.16,SGD,completed,Lazada,paynow,2026-08-05T17:47:47Z
txn_1848a1dc958b,acc_00367,772.14,SGD,completed,Cold Storage,grabpay,2026-08-05T17:47:55Z
txn_3a647365f784,acc_00482,346.43,MYR,completed,Guardian,card,2026-08-05T17:47:58Z
txn_250411ef7d6e,acc_00281,171.62,SGD,completed,Cold Storage,googlepay,2026-08-05T17:48:07Z
txn_f04af972bda6,acc_00083,600.41,SGD,completed,Grab,applepay,2026-08-05T17:48:23Z
txn_6052219e993c,acc_00432,386.05,MYR,completed,NTUC FairPrice,googlepay,2026-08-05T17:48:36Z
txn_f9574f2c7aee,acc_00296,873.19,SGD,completed,Starbucks,googlepay,2026-08-05T17:48:42Z
txn_da0a37b14782,acc_00137,738.93,SGD,completed,Guardian,googlepay,2026-08-05T17:49:38Z
txn_3ed4bfc148cb,acc_00096,439.28,SGD,completed,Watsons,paynow,2026-08-05T17:49:38Z
txn_ec3556994625,acc_00083,15.38,SGD,completed,Starbucks,grabpay,2026-08-05T17:50:29Z
txn_bca6e6215f6c,acc_00337,859.01,SGD,completed,Cold Storage,applepay,2026-08-05T17:50:54Z
txn_8d5f87798b76,acc_00464,705.06,SGD,pending,Shopee,googlepay,2026-08-05T17:51:23Z
txn_b8ffdfef1349,acc_00221,123.20,SGD,pending,Grab,googlepay,2026-08-05T17:51:37Z
txn_7e841c76f646,acc_00286,878.83,MYR,completed,Guardian,card,2026-08-05T17:51:56Z
txn_846171d932b6,acc_00107,116.31,SGD,denied,Cold Storage,card,2026-08-05T17:52:21Z
txn_13320b57db25,acc_00278,655.85,SGD,completed,Grab,applepay,2026-08-05T17:53:28Z
txn_63059b1ddaf2,acc_00236,34.79,SGD,denied,Cold Storage,paynow,2026-08-05T17:53:39Z
txn_14f445f70d82,acc_00088,823.86,SGD,completed,Shopee,card,2026-08-05T17:53:51Z
txn_f9c5e1456df8,acc_00460,336.76,SGD,completed,Cold Storage,grabpay,2026-08-05T17:53:57Z
txn_b375b6abc09f,acc_00076,319.59,SGD,completed,Starbucks,card,2026-08-05T17:54:23Z
txn_c8a5428d4cc6,acc_00171,843.98,SGD,completed,Lazada,applepay,2026-08-05T17:54:29Z
txn_b0e0da730e18,acc_00113,288.48,SGD,denied,Lazada,grabpay,2026-08-05T17:54:46Z
txn_197747f1faf1,acc_00342,435.89,SGD,completed,Shopee,googlepay,2026-08-05T17:55:11Z
txn_cd09e0ffe2a9,acc_00166,350.30,SGD,completed,Watsons,grabpay,2026-08-05T17:55:17Z
txn_dbae1ee64414,acc_00482,673.06,SGD,completed,7-Eleven,paynow,2026-08-05T17:55:36Z
txn_3e683b1531d7,acc_00498,322.98,SGD,pending,7-Eleven,card,2026-08-05T17:55:47Z
txn_6b5496e66aa4,acc_00369,565.96,SGD,pending,Guardian,googlepay,2026-08-05T17:55:49Z
txn_bf4db5c13a2b,acc_00140,172.63,MYR,pending,Cold Storage,paynow,2026-08-05T17:55:52Z
txn_41cd73f0210e,acc_00284,558.77,SGD,completed,Starbucks,card,2026-08-05T17:55:55Z
txn_f4d14a36d24a,acc_00093,663.01,SGD,completed,Watsons,applepay,2026-08-05T17:56:11Z
txn_559031fa66d8,acc_00245,605.40,SGD,completed,Grab,grabpay,2026-08-05T17:56:37Z
txn_c80caa29b57e,acc_00478,200.44,MYR,pending,Grab,applepay,2026-08-05T17:56:51Z
txn_23229ec86548,acc_00295,14.83,SGD,denied,7-Eleven,grabpay,2026-08-05T17:56:56Z
txn_aec7ba399628,acc_00367,481.26,SGD,completed,McDonald's,grabpay,2026-08-05T17:56:58Z
txn_ee74b74578c3,acc_00252,816.34,SGD,completed,Grab,grabpay,2026-08-05T17:57:05Z
txn_12452e3458c8,acc_00351,344.20,SGD,completed,Cold Storage,grabpay,2026-08-05T17:57:14Z
txn_d9c49a253f89,acc_00440,304.19,SGD,completed,Watsons,grabpay,2026-08-05T17:57:18Z
txn_ba1e8ad00172,acc_00261,650.97,SGD,completed,Lazada,grabpay,2026-08-05T17:57:36Z
txn_eb4f0dfecdb8,acc_00353,275.42,SGD,completed,Watsons,googlepay,2026-08-05T17:58:42Z
txn_07be8dfe5037,acc_00166,895.30,SGD,pending,7-Eleven,grabpay,2026-08-05T17:59:36Z
txn_154729c41b87,acc_00053,81.99,MYR,denied,7-Eleven,paynow,2026-08-05T18:00:19Z
txn_2635563f47d0,acc_00454,112.94,SGD,completed,7-Eleven,googlepay,2026-08-05T18:01:07Z
txn_76a2967b861f,acc_00487,169.17,SGD,completed,Grab,paynow,2026-08-05T18:01:56Z
txn_24188c1b7d4d,acc_00475,21.89,SGD,denied,NTUC FairPrice,applepay,2026-08-05T18:01:59Z
txn_e83d2403c878,acc_00379,645.96,SGD,denied,Shopee,googlepay,2026-08-05T18:02:00Z
txn_d41e002846c3,acc_00468,829.51,SGD,completed,NTUC FairPrice,applepay,2026-08-05T18:02:10Z
txn_d7b938119791,acc_00323,795.29,SGD,denied,McDonald's,googlepay,2026-08-05T18:02:14Z
txn_902c202a4960,acc_00377,431.01,SGD,denied,Watsons,applepay,2026-08-05T18:02:17Z
txn_a1d7575c1926,acc_00210,301.64,SGD,completed,7-Eleven,applepay,2026-08-05T18:02:22Z
txn_148b4e698295,acc_00302,24.12,SGD,completed,Lazada,paynow,2026-08-05T18:02:27Z
txn_58224c931d25,acc_00141,57.21,MYR,completed,Starbucks,googlepay,2026-08-05T18:02:42Z
txn_f78644093e37,acc_00112,272.21,SGD,completed,Watsons,googlepay,2026-08-05T18:02:53Z
txn_a1768c6d67e8,acc_00315,801.74,SGD,completed,Starbucks,paynow,2026-08-05T18:03:01Z
txn_678cfaa46bbf,acc_00373,742.11,SGD,completed,NTUC FairPrice,paynow,2026-08-05T18:03:39Z
txn_4e25f884ab5a,acc_00380,880.96,MYR,denied,NTUC FairPrice,applepay,2026-08-05T18:03:50Z
txn_5f332890cb99,acc_00472,728.40,MYR,completed,Guardian,card,2026-08-05T18:03:55Z
txn_c55911a11240,acc_00224,800.81,SGD,pending,7-Eleven,paynow,2026-08-05T18:03:58Z
txn_892e76dd901c,acc_00027,447.84,SGD,completed,Shopee,card,2026-08-05T18:04:14Z
txn_6f1d890d8dce,acc_00128,55.14,SGD,denied,7-Eleven,applepay,2026-08-05T18:04:22Z
txn_c0dd54e08fdb,acc_00313,548.94,SGD,denied,Cold Storage,googlepay,2026-08-05T18:05:30Z
txn_8a25910b8541,acc_00465,633.33,SGD,completed,Starbucks,card,2026-08-05T18:05:47Z
txn_070244edc712,acc_00138,517.89,SGD,pending,Guardian,applepay,2026-08-05T18:06:00Z
txn_cad178bfc37b,acc_00197,488.92,MYR,denied,Starbucks,googlepay,2026-08-05T18:06:12Z
txn_658a161aaf8e,acc_00391,145.51,SGD,pending,McDonald's,grabpay,2026-08-05T18:06:31Z
txn_05a37c973909,acc_00437,481.08,SGD,denied,Cold Storage,grabpay,2026-08-05T18:06:45Z
txn_fc11c3bb7681,acc_00492,184.56,MYR,completed,NTUC FairPrice,applepay,2026-08-05T18:07:05Z
txn_0721baa45c65,acc_00179,615.51,MYR,denied,Shopee,card,2026-08-05T18:07:08Z
txn_2c078ac5d31b,acc_00128,555.70,SGD,pending,Cold Storage,googlepay,2026-08-05T18:07:11Z
txn_eb1db47ca525,acc_00322,848.30,SGD,completed,NTUC FairPrice,card,2026-08-05T18:08:11Z
txn_1ce83dd4e110,acc_00389,450.00,SGD,completed,7-Eleven,googlepay,2026-08-05T18:08:22Z
txn_1ab2dbac9cc1,acc_00188,852.53,SGD,pending,Cold Storage,googlepay,2026-08-05T18:08:31Z
txn_ce26e49d2c75,acc_00209,86.15,SGD,pending,Grab,paynow,2026-08-05T18:08:43Z
txn_3b95219d2980,acc_00138,425.53,MYR,completed,7-Eleven,paynow,2026-08-05T18:09:34Z
txn_21b7d084fe3c,acc_00207,530.44,SGD,pending,Cold Storage,googlepay,2026-08-05T18:09:42Z
txn_0eeb8c463d80,acc_00496,713.78,SGD,completed,Grab,card,2026-08-05T18:09:55Z
txn_01ca8572825a,acc_00161,319.80,MYR,completed,Shopee,paynow,2026-08-05T18:10:04Z
txn_49738f1b2bbb,acc_00103,536.47,SGD,completed,Lazada,applepay,2026-08-05T18:10:19Z
txn_861d553d49ba,acc_00417,329.00,SGD,completed,Watsons,card,2026-08-05T18:10:22Z
txn_94ca4fbc1131,acc_00369,242.20,SGD,pending,Guardian,grabpay,2026-08-05T18:10:54Z
txn_724c8f5e98a6,acc_00024,29.00,SGD,completed,Grab,card,2026-08-05T18:11:01Z
txn_040b7b3ebe6a,acc_00023,62.93,SGD,pending,Cold Storage,googlepay,2026-08-05T18:11:20Z
txn_0989b957bff6,acc_00013,280.63,SGD,completed,7-Eleven,paynow,2026-08-05T18:11:22Z
txn_977037ada2f2,acc_00373,756.14,SGD,completed,McDonald's,grabpay,2026-08-05T18:11:36Z
txn_ad866ab24bf5,acc_00231,54.35,SGD,denied,Guardian,applepay,2026-08-05T18:11:51Z
txn_25c70635c760,acc_00116,161.40,MYR,pending,McDonald's,grabpay,2026-08-05T18:11:59Z
txn_c0344ca29824,acc_00353,537.59,SGD,completed,Lazada,paynow,2026-08-05T18:12:05Z
txn_ac973b85e427,acc_00034,398.78,SGD,pending,Lazada,card,2026-08-05T18:12:21Z
txn_c819d05161df,acc_00139,193.22,SGD,pending,Watsons,grabpay,2026-08-05T18:12:43Z
txn_ee8fabbb833c,acc_00262,726.98,SGD,pending,7-Eleven,grabpay,2026-08-05T18:13:05Z
txn_ae5950b158be,acc_00348,256.77,SGD,completed,Cold Storage,paynow,2026-08-05T18:13:34Z
txn_b1d21abde732,acc_00255,683.15,SGD,pending,Grab,applepay,2026-08-05T18:13:45Z
txn_2482cc3eb393,acc_00347,807.12,SGD,pending,Shopee,card,2026-08-05T18:13:59Z
txn_e53adc59e535,acc_00403,10.35,SGD,completed,Watsons,card,2026-08-05T18:14:15Z
txn_a196b37f72a4,acc_00115,802.56,MYR,completed,Shopee,applepay,2026-08-05T18:14:43Z
txn_6a2f39b59201,acc_00148,443.29,SGD,completed,Shopee,grabpay,2026-08-05T18:15:21Z
txn_4fdd5da4954a,acc_00499,116.35,SGD,completed,Shopee,card,2026-08-05T18:16:01Z
txn_f6e36b20b5b5,acc_00203,749.82,SGD,denied,Cold Storage,googlepay,2026-08-05T18:16:21Z
txn_6b7675f2bcd9,acc_00022,517.63,SGD,completed,Watsons,card,2026-08-05T18:17:15Z
txn_6d38e664019d,acc_00198,889.59,SGD,pending,NTUC FairPrice,paynow,2026-08-05T18:17:16Z
txn_172532fc6ef4,acc_00373,269.98,SGD,pending,Starbucks,applepay,2026-08-05T18:17:28Z
txn_ff643afb465b,acc_00066,51.10,SGD,pending,Watsons,card,2026-08-05T18:17:40Z
txn_2a62b21c730e,acc_00372,132.11,SGD,completed,McDonald's,googlepay,2026-08-05T18:17:55Z
txn_497ccdcd2f51,acc_00091,338.75,SGD,completed,McDonald's,paynow,2026-08-05T18:17:58Z
txn_c25c215b1089,acc_00296,682.45,MYR,denied,Lazada,applepay,2026-08-05T18:18:01Z
txn_29d208d15376,acc_00236,156.58,SGD,completed,McDonald's,paynow,2026-08-05T18:19:02Z
txn_40d5e9569939,acc_00352,331.02,SGD,pending,Grab,card,2026-08-05T18:19:06Z
txn_59a7db2b997f,acc_00024,737.48,MYR,completed,Lazada,googlepay,2026-08-05T18:19:08Z
txn_d022c2825873,acc_00035,778.53,SGD,completed,Shopee,applepay,2026-08-05T18:19:20Z
txn_092e2f218e19,acc_00091,429.59,MYR,denied,NTUC FairPrice,googlepay,2026-08-05T18:19:32Z
txn_15d1850e2ca0,acc_00255,675.57,MYR,denied,Grab,applepay,2026-08-05T18:19:36Z
txn_e316dd26bcca,acc_00054,73.46,SGD,completed,Grab,grabpay,2026-08-05T18:19:36Z
txn_36b396e80fe4,acc_00312,821.10,SGD,pending,Watsons,paynow,2026-08-05T18:19:44Z
txn_4901b7023e68,acc_00410,666.69,SGD,denied,Shopee,applepay,2026-08-05T18:19:49Z
txn_64d3d5f64159,acc_00206,396.46,SGD,completed,NTUC FairPrice,paynow,2026-08-05T18:20:46Z
txn_9fbfcfa18813,acc_00023,64.64,SGD,pending,NTUC FairPrice,card,2026-08-05T18:20:49Z
txn_a38e1111c913,acc_00424,800.82,SGD,completed,Starbucks,applepay,2026-08-05T18:21:02Z
txn_dd6fa0a39e22,acc_00277,243.94,SGD,completed,McDonald's,card,2026-08-05T18:21:22Z
txn_aee2fac0a05e,acc_00088,811.73,SGD,completed,Grab,paynow,2026-08-05T18:21:25Z
txn_44466f48648f,acc_00121,334.01,MYR,denied,Watsons,googlepay,2026-08-05T18:22:00Z
txn_af3dc50df441,acc_00336,362.17,SGD,completed,Grab,card,2026-08-05T18:22:07Z
txn_71aee93f7bb6,acc_00026,607.08,SGD,pending,Guardian,googlepay,2026-08-05T18:22:35Z
txn_1b33838614e6,acc_00021,794.43,SGD,completed,Grab,googlepay,2026-08-05T18:22:56Z
txn_fb2d096ec2be,acc_00326,370.98,SGD,completed,Lazada,applepay,2026-08-05T18:23:36Z
txn_9ef37c226753,acc_00488,11.10,SGD,completed,Starbucks,googlepay,2026-08-05T18:24:08Z
txn_5a9f7e5fa58b,acc_00462,580.60,SGD,pending,Shopee,grabpay,2026-08-05T18:24:29Z
txn_117ba806553f,acc_00384,564.87,SGD,completed,McDonald's,card,2026-08-05T18:24:38Z
txn_c0a0e74afe01,acc_00432,568.55,SGD,completed,NTUC FairPrice,paynow,2026-08-05T18:24:47Z
txn_31e1bdb9ff2a,acc_00460,657.18,MYR,completed,Grab,paynow,2026-08-05T18:26:38Z
txn_39ffa7761d3c,acc_00035,14.88,SGD,completed,NTUC FairPrice,applepay,2026-08-05T18:26:42Z
txn_c4afa821941b,acc_00104,621.78,SGD,completed,Cold Storage,grabpay,2026-08-05T18:26:52Z
txn_2a83499a0016,acc_00319,710.00,SGD,pending,McDonald's,card,2026-08-05T18:27:52Z
txn_f50139027be7,acc_00310,886.93,SGD,completed,NTUC FairPrice,googlepay,2026-08-05T18:28:03Z
txn_1b754e86e768,acc_00337,54.38,SGD,completed,Guardian,card,2026-08-05T18:28:10Z
txn_6c705c059519,acc_00227,569.16,SGD,denied,NTUC FairPrice,grabpay,2026-08-05T18:28:17Z
txn_7baea9d06bae,acc_00212,817.42,SGD,completed,7-Eleven,paynow,2026-08-05T18:28:47Z
txn_f51ce148711a,acc_00383,791.69,SGD,completed,Starbucks,grabpay,2026-08-05T18:29:10Z
txn_68b5f48a7603,acc_00434,155.79,SGD,denied,Guardian,paynow,2026-08-05T18:29:37Z
txn_d7d3330a0257,acc_00276,628.24,SGD,completed,Lazada,googlepay,2026-08-05T18:29:38Z
txn_41a41b7eda9f,acc_00087,488.67,SGD,completed,Lazada,card,2026-08-05T18:30:05Z
txn_5bff2dca16fa,acc_00125,412.46,SGD,pending,Lazada,googlepay,2026-08-05T18:30:16Z
txn_e8e05a5beac1,acc_00405,135.84,SGD,completed,Cold Storage,paynow,2026-08-05T18:30:19Z
txn_af9ab6786063,acc_00286,495.31,SGD,denied,Guardian,grabpay,2026-08-05T18:30:28Z
txn_cf4e0fbcfc7b,acc_00426,146.01,SGD,completed,Starbucks,paynow,2026-08-05T18:30:31Z
txn_540d16b1eb7a,acc_00406,297.30,SGD,denied,Grab,applepay,2026-08-05T18:30:48Z
txn_00a4c89423ea,acc_00440,196.31,SGD,pending,Guardian,paynow,2026-08-05T18:30:52Z
txn_4f33878875e6,acc_00443,99.33,SGD,pending,Lazada,applepay,2026-08-05T18:30:55Z
txn_47e6f83d145f,acc_00299,274.40,MYR,completed,Cold Storage,grabpay,2026-08-05T18:31:02Z
txn_48c2382f01f5,acc_00027,184.30,MYR,denied,Lazada,applepay,2026-08-05T18:31:06Z
txn_61d5f31531b1,acc_00277,652.26,SGD,denied,7-Eleven,googlepay,2026-08-05T18:31:20Z
txn_c42b5cad7674,acc_00108,886.66,SGD,completed,McDonald's,grabpay,2026-08-05T18:31:20Z
txn_18627edb600f,acc_00282,489.09,SGD,completed,Shopee,grabpay,2026-08-05T18:31:23Z
txn_0b7147c80f38,acc_00449,506.38,MYR,denied,Guardian,grabpay,2026-08-05T18:31:24Z
txn_ab2a84e94100,acc_00117,636.03,SGD,completed,Starbucks,googlepay,2026-08-05T18:32:21Z
txn_3e584e63f851,acc_00321,397.43,SGD,pending,NTUC FairPrice,grabpay,2026-08-05T18:33:07Z
txn_343109e5a9c1,acc_00202,891.57,SGD,denied,7-Eleven,googlepay,2026-08-05T18:33:29Z
txn_6cc8dc02d075,acc_00199,498.84,SGD,completed,Shopee,paynow,2026-08-05T18:33:49Z
txn_d50027cce818,acc_00140,539.08,SGD,completed,Lazada,googlepay,2026-08-05T18:34:49Z
txn_726cef4f67fe,acc_00199,283.59,SGD,denied,Starbucks,googlepay,2026-08-05T18:35:14Z
txn_55c52af2d04f,acc_00490,834.11,SGD,pending,Watsons,applepay,2026-08-05T18:35:30Z
txn_9bd6752adfdd,acc_00276,261.58,SGD,denied,McDonald's,googlepay,2026-08-05T18:35:52Z
txn_abb794706faf,acc_00290,434.61,SGD,completed,Grab,googlepay,2026-08-05T18:35:54Z
txn_1a604759eb8c,acc_00028,583.92,SGD,denied,Cold Storage,paynow,2026-08-05T18:36:30Z
txn_365350f4fa62,acc_00386,383.32,SGD,completed,Watsons,card,2026-08-05T18:36:39Z
txn_bec8382dae7f,acc_00436,138.77,SGD,completed,7-Eleven,grabpay,2026-08-05T18:37:05Z
txn_5fcc9b555b0c,acc_00059,636.33,SGD,completed,Watsons,applepay,2026-08-05T18:37:45Z
txn_e3caf0180bcb,acc_00210,295.72,SGD,completed,Lazada,applepay,2026-08-05T18:38:10Z
txn_b1a7383c138c,acc_00197,212.39,SGD,completed,Grab,googlepay,2026-08-05T18:38:47Z
txn_260fa492c31e,acc_00079,159.67,SGD,completed,Cold Storage,card,2026-08-05T18:39:07Z
txn_b6345735ae2d,acc_00068,80.85,SGD,pending,Watsons,googlepay,2026-08-05T18:39:26Z
txn_cd0d649a367b,acc_00330,537.19,SGD,denied,McDonald's,googlepay,2026-08-05T18:39:33Z
txn_c42b44627573,acc_00223,248.91,SGD,completed,Starbucks,grabpay,2026-08-05T18:40:51Z
txn_444d5ae95d43,acc_00270,104.50,SGD,pending,McDonald's,grabpay,2026-08-05T18:41:11Z
txn_074a150612dc,acc_00204,424.68,SGD,completed,McDonald's,applepay,2026-08-05T18:41:31Z
txn_81eb13117618,acc_00324,58.98,SGD,completed,Cold Storage,googlepay,2026-08-05T18:41:47Z
txn_ba557c90fd82,acc_00044,79.64,SGD,completed,Watsons,applepay,2026-08-05T18:41:47Z
txn_4b062e7562a2,acc_00147,221.36,SGD,pending,Starbucks,card,2026-08-05T18:42:29Z
txn_78e907777ee3,acc_00095,757.91,SGD,completed,McDonald's,card,2026-08-05T18:43:07Z
txn_5b1e3c0abab2,acc_00388,431.51,SGD,completed,Shopee,paynow,2026-08-05T18:43:24Z
txn_fab42176310e,acc_00005,93.45,SGD,completed,Grab,googlepay,2026-08-05T18:43:32Z
txn_41c70efc8627,acc_00257,794.12,SGD,completed,Lazada,card,2026-08-05T18:44:01Z
txn_06c020f13f63,acc_00253,674.47,MYR,completed,Shopee,paynow,2026-08-05T18:44:27Z
txn_f1713bbb00fd,acc_00082,167.71,SGD,pending,McDonald's,googlepay,2026-08-05T18:44:46Z
txn_bb303231db96,acc_00493,853.68,SGD,completed,McDonald's,applepay,2026-08-05T18:45:03Z
txn_354b8123085c,acc_00385,186.71,SGD,completed,Cold Storage,paynow,2026-08-05T18:45:06Z
txn_ff7d79680b14,acc_00441,204.08,SGD,completed,Grab,applepay,2026-08-05T18:45:37Z
txn_9ed19783c830,acc_00104,41.82,SGD,completed,7-Eleven,grabpay,2026-08-05T18:45:52Z
txn_2694121bfe76,acc_00175,706.93,SGD,denied,Cold Storage,paynow,2026-08-05T18:45:52Z
txn_b294ff72d301,acc_00050,321.63,SGD,completed,NTUC FairPrice,card,2026-08-05T18:45:59Z
txn_6bacc78477bf,acc_00214,363.35,SGD,pending,McDonald's,card,2026-08-05T18:46:45Z
txn_2b31e88403a2,acc_00454,222.94,SGD,completed,Grab,grabpay,2026-08-05T18:46:58Z
txn_0313037b7a2b,acc_00351,476.44,SGD,pending,Shopee,googlepay,2026-08-05T18:47:38Z
txn_70a545ce7ce8,acc_00205,250.36,SGD,pending,Shopee,applepay,2026-08-05T18:47:49Z
txn_36d5b0f19723,acc_00330,86.52,SGD,denied,Guardian,paynow,2026-08-05T18:48:28Z
txn_1bba7dd6f993,acc_00374,594.28,SGD,pending,Guardian,googlepay,2026-08-05T18:49:11Z
txn_e274be5750d4,acc_00236,313.86,SGD,completed,7-Eleven,card,2026-08-05T18:49:23Z
txn_422de1ea55f2,acc_00232,429.15,SGD,denied,Grab,card,2026-08-05T18:49:27Z
txn_404bcbf937e9,acc_00321,340.06,SGD,denied,Grab,paynow,2026-08-05T18:49:56Z
txn_35fc016d362b,acc_00167,775.68,SGD,completed,Lazada,paynow,2026-08-05T18:50:02Z
txn_972ff5f66006,acc_00134,862.76,SGD,completed,Shopee,applepay,2026-08-05T18:50:09Z
txn_43bd514b49fd,acc_00027,181.47,SGD,denied,Shopee,applepay,2026-08-05T18:50:29Z
txn_e123d2e34821,acc_00003,103.76,SGD,completed,NTUC FairPrice,card,2026-08-05T18:51:34Z
txn_cee10d6f3f5d,acc_00063,180.31,MYR,completed,7-Eleven,paynow,2026-08-05T18:51:48Z
txn_357429b12fe4,acc_00050,482.14,SGD,completed,NTUC FairPrice,paynow,2026-08-05T18:51:57Z
txn_68635c3d7bfa,acc_00285,315.99,SGD,denied,7-Eleven,card,2026-08-05T18:52:01Z
txn_c991fe69fd5f,acc_00152,817.95,SGD,denied,Shopee,card,2026-08-05T18:52:52Z
txn_e1dde2a8f366,acc_00207,161.04,SGD,denied,Guardian,applepay,2026-08-05T18:52:56Z
txn_4692051666e5,acc_00400,634.99,SGD,denied,Grab,card,2026-08-05T18:53:00Z
txn_77a50396a3d8,acc_00403,113.11,SGD,completed,Starbucks,applepay,2026-08-05T18:53:28Z
txn_a6e758dbf164,acc_00034,152.77,SGD,denied,7-Eleven,applepay,2026-08-05T18:53:32Z
txn_2f46c458da49,acc_00217,879.44,SGD,completed,Cold Storage,card,2026-08-05T18:54:44Z
txn_693b0d77f80e,acc_00284,832.33,SGD,completed,Cold Storage,card,2026-08-05T18:54:47Z
txn_9b4dc42d4425,acc_00422,378.53,SGD,denied,Watsons,card,2026-08-05T18:55:00Z
txn_3197b324976f,acc_00045,350.82,SGD,denied,7-Eleven,grabpay,2026-08-05T18:55:16Z
txn_69693055e924,acc_00209,103.78,SGD,completed,McDonald's,card,2026-08-05T18:55:21Z
txn_27fafd90a8aa,acc_00098,762.78,SGD,completed,7-Eleven,paynow,2026-08-05T18:55:24Z
txn_019c7545cdb5,acc_00132,172.14,SGD,denied,Watsons,card,2026-08-05T18:55:26Z
txn_e77a8cad08d3,acc_00422,698.17,SGD,completed,Guardian,grabpay,2026-08-05T18:55:44Z
txn_ae5d83eede14,acc_00013,461.88,SGD,completed,Shopee,applepay,2026-08-05T18:55:46Z
txn_d3ac2556d813,acc_00218,630.07,SGD,completed,NTUC FairPrice,paynow,2026-08-05T18:55:49Z
txn_54fc1b6ff280,acc_00484,894.55,SGD,completed,NTUC FairPrice,googlepay,2026-08-05T18:56:07Z
txn_c9dd807f9808,acc_00431,491.06,SGD,denied,Cold Storage,grabpay,2026-08-05T18:56:08Z
txn_fcf11ab0a1a8,acc_00383,118.08,SGD,completed,Lazada,card,2026-08-05T18:56:31Z
txn_0c29db8ac3f7,acc_00106,626.43,SGD,completed,Starbucks,card,2026-08-05T18:56:37Z
txn_fa0e69c06bca,acc_00385,304.75,SGD,completed,Lazada,paynow,2026-08-05T18:56:38Z
txn_01af7d6cd802,acc_00434,790.93,SGD,denied,McDonald's,googlepay,2026-08-05T18:56:41Z
txn_66e2e45e170c,acc_00497,83.29,SGD,denied,Shopee,grabpay,2026-08-05T18:57:14Z
txn_4aebd3e9ed8a,acc_00184,67.91,SGD,denied,Lazada,paynow,2026-08-05T18:57:16Z
txn_6c6dcba9162e,acc_00106,400.43,SGD,completed,NTUC FairPrice,card,2026-08-05T18:57:18Z
txn_2afc9c8d4d3e,acc_00116,138.66,SGD,completed,Grab,applepay,2026-08-05T18:57:31Z
txn_81911832925f,acc_00421,536.68,SGD,completed,Watsons,applepay,2026-08-05T18:58:13Z
txn_6ea1f99469dd,acc_00303,24.29,SGD,completed,Lazada,card,2026-08-05T18:58:52Z
txn_53f293414e84,acc_00028,816.19,SGD,completed,Guardian,applepay,2026-08-05T18:59:10Z
txn_c3930514fdcb,acc_00157,639.14,SGD,completed,Cold Storage,card,2026-08-05T18:59:14Z
txn_db69c8516b79,acc_00468,434.39,SGD,completed,NTUC FairPrice,paynow,2026-08-05T18:59:19Z
txn_c5567decfa78,acc_00340,590.18,SGD,denied,Guardian,googlepay,2026-08-05T18:59:36Z
txn_ceef898bb29e,acc_00222,864.80,SGD,completed,Starbucks,paynow,2026-08-05T18:59:46Z
txn_0bb9eb902ffb,acc_00248,895.43,MYR,denied,NTUC FairPrice,paynow,2026-08-05T18:59:46Z
txn_998a52124a04,acc_00036,189.49,SGD,completed,McDonald's,card,2026-08-05T18:59:51Z
txn_b198f9a45737,acc_00288,640.95,SGD,completed,Shopee,googlepay,2026-08-05T19:00:06Z
txn_3edbe8face61,acc_00156,482.75,SGD,completed,McDonald's,grabpay,2026-08-05T19:00:12Z
txn_471e3dbc0069,acc_00328,624.66,SGD,completed,Guardian,paynow,2026-08-05T19:00:47Z
txn_86d9903145fc,acc_00458,459.30,SGD,completed,7-Eleven,paynow,2026-08-05T19:01:17Z
txn_b3641ccea6eb,acc_00205,10.81,SGD,pending,Cold Storage,grabpay,2026-08-05T19:01:22Z
txn_bfafaa50f6b0,acc_00498,681.41,SGD,denied,NTUC FairPrice,applepay,2026-08-05T19:01:35Z
txn_ad56d1a8c165,acc_00239,384.75,SGD,pending,Cold Storage,paynow,2026-08-05T19:02:09Z
txn_4f5c067678f9,acc_00087,664.72,SGD,completed,Starbucks,card,2026-08-05T19:02:27Z
txn_2356757e2e91,acc_00450,727.03,SGD,completed,Guardian,googlepay,2026-08-05T19:02:29Z
txn_f4da3a48f0ad,acc_00188,372.45,SGD,completed,NTUC FairPrice,card,2026-08-05T19:03:12Z
txn_1306c67b2e67,acc_00498,311.43,SGD,denied,Watsons,grabpay,2026-08-05T19:03:14Z
txn_e6ed381cfb37,acc_00431,608.88,SGD,completed,Grab,card,2026-08-05T19:03:45Z
txn_cd7d7756ca2d,acc_00117,317.70,SGD,completed,McDonald's,card,2026-08-05T19:04:24Z
txn_dc4d1dab3184,acc_00403,809.91,SGD,denied,NTUC FairPrice,paynow,2026-08-05T19:04:31Z
txn_c28f9193f706,acc_00072,648.97,SGD,completed,Watsons,card,2026-08-05T19:04:34Z
txn_6d6a0220fdf7,acc_00097,318.21,SGD,completed,Starbucks,googlepay,2026-08-05T19:04:39Z
txn_0e0ba6b59464,acc_00422,43.53,SGD,pending,Watsons,googlepay,2026-08-05T19:04:57Z
txn_30ac95936b9e,acc_00250,357.29,MYR,completed,Watsons,googlepay,2026-08-05T19:05:14Z
txn_339ba3c89336,acc_00309,98.80,SGD,completed,McDonald's,googlepay,2026-08-05T19:05:23Z
txn_ff6428459f1d,acc_00334,576.27,SGD,completed,Shopee,paynow,2026-08-05T19:05:24Z
txn_cc1682aa9dde,acc_00046,251.49,SGD,completed,Lazada,paynow,2026-08-05T19:06:39Z
txn_9707e084d4de,acc_00334,156.55,SGD,completed,Grab,googlepay,2026-08-05T19:07:20Z
txn_2dd2bee2439f,acc_00058,514.94,SGD,completed,Watsons,googlepay,2026-08-05T19:07:26Z
txn_8ed194eeb19a,acc_00093,837.99,SGD,completed,Watsons,paynow,2026-08-05T19:07:40Z
txn_4a9272013bcd,acc_00073,756.40,SGD,completed,Lazada,grabpay,2026-08-05T19:08:08Z
txn_08e414841d9c,acc_00112,141.21,SGD,completed,Watsons,googlepay,2026-08-05T19:08:18Z
txn_4fba29cb5b52,acc_00140,457.14,SGD,completed,Watsons,grabpay,2026-08-05T19:09:10Z
txn_fe46ca6ef1c4,acc_00455,119.23,SGD,pending,Grab,grabpay,2026-08-05T19:09:37Z
txn_7531d0442540,acc_00046,816.59,SGD,completed,Guardian,card,2026-08-05T19:09:46Z
txn_587c633fab40,acc_00471,88.94,SGD,completed,Lazada,googlepay,2026-08-05T19:10:03Z
txn_f35f9f4c0b5d,acc_00059,655.08,SGD,denied,NTUC FairPrice,paynow,2026-08-05T19:10:39Z
txn_e4c9b2a10c06,acc_00281,436.01,SGD,completed,Starbucks,googlepay,2026-08-05T19:10:48Z
txn_a7dde5e0f3ae,acc_00216,829.02,SGD,completed,McDonald's,googlepay,2026-08-05T19:10:59Z
txn_085f34bda9f7,acc_00472,859.44,SGD,completed,Watsons,applepay,2026-08-05T19:11:02Z
txn_b7a7f93ac7ed,acc_00065,826.76,SGD,completed,7-Eleven,googlepay,2026-08-05T19:12:18Z
txn_ae38c7bbf9cf,acc_00217,610.91,SGD,pending,Starbucks,card,2026-08-05T19:13:05Z
txn_971c736fbfde,acc_00043,451.12,SGD,completed,Guardian,card,2026-08-05T19:13:46Z
txn_c7c325ed209d,acc_00268,96.57,SGD,completed,NTUC FairPrice,paynow,2026-08-05T19:13:47Z
txn_3f80dc8c5fb8,acc_00254,348.83,SGD,pending,Guardian,card,2026-08-05T19:14:03Z
txn_1dbefda2f9e9,acc_00263,532.95,MYR,pending,Lazada,card,2026-08-05T19:14:06Z
txn_eb02db8554f9,acc_00062,578.90,SGD,pending,McDonald's,card,2026-08-05T19:14:18Z
txn_aab21c724236,acc_00032,242.86,SGD,completed,Starbucks,grabpay,2026-08-05T19:14:41Z
txn_1187f1dc75ea,acc_00349,593.65,SGD,completed,Watsons,applepay,2026-08-05T19:15:02Z
txn_da03952b58a9,acc_00477,676.85,MYR,pending,Starbucks,grabpay,2026-08-05T19:15:28Z
txn_8d326e3a153d,acc_00310,272.76,MYR,completed,Lazada,applepay,2026-08-05T19:15:48Z
txn_4c938df30d4d,acc_00062,556.71,SGD,pending,Shopee,grabpay,2026-08-05T19:15:57Z
txn_fd2d756f5b92,acc_00427,389.70,SGD,completed,Shopee,googlepay,2026-08-05T19:16:17Z
txn_cccbd07f9a07,acc_00073,256.89,SGD,pending,NTUC FairPrice,applepay,2026-08-05T19:16:54Z
txn_3213a3c6aa34,acc_00185,379.01,SGD,completed,Cold Storage,grabpay,2026-08-05T19:16:57Z
txn_d9b96d687e6b,acc_00269,688.13,SGD,completed,Shopee,applepay,2026-08-05T19:17:40Z
txn_52c98704dd74,acc_00260,549.04,SGD,completed,Shopee,googlepay,2026-08-05T19:18:34Z
txn_b40005f80c18,acc_00194,278.68,SGD,completed,Watsons,googlepay,2026-08-05T19:18:34Z
txn_5431a6b3cd76,acc_00235,593.46,SGD,completed,McDonald's,card,2026-08-05T19:18:35Z
txn_c4fcc886f2f7,acc_00391,210.54,SGD,denied,Cold Storage,grabpay,2026-08-05T19:18:40Z
txn_9c8cebfbe800,acc_00315,343.81,MYR,completed,7-Eleven,applepay,2026-08-05T19:18:48Z
txn_87922b514cbc,acc_00452,271.08,SGD,completed,Shopee,card,2026-08-05T19:18:54Z
txn_b4e66f450e97,acc_00488,685.12,SGD,completed,Watsons,googlepay,2026-08-05T19:19:05Z
txn_190c0e52e06a,acc_00446,629.22,SGD,completed,Guardian,card,2026-08-05T19:19:10Z
txn_cbb10f623c70,acc_00230,513.60,SGD,pending,NTUC FairPrice,card,2026-08-05T19:19:35Z
txn_2ad4be5a9a7a,acc_00109,643.88,SGD,pending,Grab,grabpay,2026-08-05T19:19:50Z
txn_0bc7a76b4549,acc_00003,36.36,SGD,completed,NTUC FairPrice,grabpay,2026-08-05T19:20:03Z
txn_eb906214c084,acc_00056,555.06,MYR,completed,Lazada,card,2026-08-05T19:20:04Z
txn_af501de1792d,acc_00383,283.96,SGD,denied,McDonald's,googlepay,2026-08-05T19:20:15Z
txn_83e248efec85,acc_00023,38.45,SGD,denied,NTUC FairPrice,applepay,2026-08-05T19:20:15Z
txn_172cd7f69a81,acc_00463,680.09,SGD,completed,Shopee,applepay,2026-08-05T19:20:32Z
txn_821dff58b3a3,acc_00305,499.80,SGD,completed,Guardian,card,2026-08-05T19:20:37Z
txn_304dfe66723b,acc_00125,750.21,SGD,completed,Grab,card,2026-08-05T19:21:14Z
txn_7e43d870e38c,acc_00484,196.27,SGD,completed,Grab,paynow,2026-08-05T19:21:25Z
txn_b345e50b2927,acc_00354,59.91,SGD,completed,Guardian,grabpay,2026-08-05T19:21:56Z
txn_59df0b9f96a9,acc_00293,221.17,SGD,denied,Starbucks,applepay,2026-08-05T19:22:07Z
txn_17427c5fe96a,acc_00028,805.81,MYR,completed,Lazada,card,2026-08-05T19:22:27Z
txn_e74b0b3ce53d,acc_00301,518.66,SGD,completed,Grab,card,2026-08-05T19:22:45Z
txn_248bbaa06dbe,acc_00457,190.83,SGD,completed,Cold Storage,grabpay,2026-08-05T19:22:46Z
txn_8827d3ea2134,acc_00219,64.11,SGD,completed,NTUC FairPrice,grabpay,2026-08-05T19:22:56Z
txn_ed459a752ca2,acc_00251,146.23,SGD,pending,7-Eleven,card,2026-08-05T19:23:17Z
txn_3f821321fa6f,acc_00004,448.90,SGD,completed,Shopee,applepay,2026-08-05T19:23:26Z
txn_8658006ec095,acc_00469,789.54,SGD,completed,Shopee,grabpay,2026-08-05T19:23:58Z
txn_9365b5208b46,acc_00478,509.44,SGD,completed,Grab,googlepay,2026-08-05T19:24:16Z
txn_13278b9cf806,acc_00308,702.49,MYR,denied,Watsons,card,2026-08-05T19:24:41Z
txn_42779006a50a,acc_00449,382.09,SGD,completed,Cold Storage,googlepay,2026-08-05T19:24:47Z
txn_0d96321b7058,acc_00285,145.22,SGD,completed,NTUC FairPrice,card,2026-08-05T19:24:58Z
txn_7bf3c0fe4a68,acc_00396,135.58,SGD,completed,Grab,card,2026-08-05T19:25:16Z
txn_8b1f7e5236c3,acc_00035,692.77,SGD,completed,Starbucks,googlepay,2026-08-05T19:25:31Z
txn_510963c716c7,acc_00009,752.11,SGD,denied,Lazada,applepay,2026-08-05T19:25:44Z
txn_0e0810e0dcee,acc_00469,217.30,SGD,completed,Starbucks,applepay,2026-08-05T19:25:46Z
txn_d9a66f7aafc9,acc_00472,223.20,SGD,denied,McDonald's,googlepay,2026-08-05T19:26:02Z
txn_87a14168559f,acc_00307,38.49,MYR,completed,Starbucks,applepay,2026-08-05T19:26:03Z
txn_99f48a3ef256,acc_00390,318.63,SGD,denied,Guardian,applepay,2026-08-05T19:26:19Z
txn_f2afc7e85653,acc_00413,11.24,SGD,pending,Shopee,googlepay,2026-08-05T19:26:30Z
txn_f25227eb6019,acc_00205,696.49,SGD,pending,Guardian,applepay,2026-08-05T19:26:47Z
txn_53d5220fd36d,acc_00493,166.64,SGD,pending,Starbucks,grabpay,2026-08-05T19:26:49Z
txn_1460a292f40e,acc_00337,693.85,SGD,completed,NTUC FairPrice,card,2026-08-05T19:26:53Z
txn_462138157249,acc_00002,782.34,SGD,pending,7-Eleven,card,2026-08-05T19:27:28Z
txn_009c9a6a5019,acc_00171,614.44,SGD,completed,Grab,grabpay,2026-08-05T19:27:54Z
txn_11e200b1f869,acc_00195,620.66,SGD,denied,Shopee,grabpay,2026-08-05T19:28:16Z
txn_f9132c1b8747,acc_00323,365.49,SGD,completed,Starbucks,card,2026-08-05T19:28:21Z
txn_062bffa4bc3a,acc_00094,385.84,SGD,denied,McDonald's,googlepay,2026-08-05T19:28:36Z
txn_b87f1556c7dc,acc_00277,718.79,SGD,denied,NTUC FairPrice,grabpay,2026-08-05T19:28:47Z
txn_935f5c47daf7,acc_00418,683.06,SGD,completed,Cold Storage,applepay,2026-08-05T19:28:56Z
txn_b76e89fca9d9,acc_00385,238.52,SGD,pending,Lazada,googlepay,2026-08-05T19:28:58Z
txn_744ed9c90e15,acc_00108,39.96,SGD,denied,7-Eleven,applepay,2026-08-05T19:29:06Z
txn_8ed8002523f3,acc_00123,358.79,SGD,completed,Grab,grabpay,2026-08-05T19:29:17Z
txn_400dc3d88105,acc_00300,308.06,SGD,denied,Grab,grabpay,2026-08-05T19:29:52Z
txn_99b59436264e,acc_00489,343.72,SGD,completed,NTUC FairPrice,googlepay,2026-08-05T19:30:02Z
txn_cb8db6c8c6f8,acc_00105,298.91,SGD,pending,7-Eleven,card,2026-08-05T19:30:06Z
txn_c4d5088d609a,acc_00380,230.91,SGD,completed,Guardian,card,2026-08-05T19:30:48Z
txn_8c8e3ea61904,acc_00076,164.93,SGD,completed,Cold Storage,card,2026-08-05T19:31:01Z
txn_701fd68f7f65,acc_00151,515.76,SGD,pending,7-Eleven,paynow,2026-08-05T19:31:14Z
txn_58034ba61d9f,acc_00184,763.12,MYR,completed,NTUC FairPrice,applepay,2026-08-05T19:31:24Z
txn_3819d304904a,acc_00307,55.45,SGD,completed,McDonald's,paynow,2026-08-05T19:31:33Z
txn_ec815b8c4f25,acc_00034,430.15,SGD,completed,NTUC FairPrice,grabpay,2026-08-05T19:31:35Z
txn_2ffb2c88555d,acc_00209,617.14,SGD,completed,Cold Storage,card,2026-08-05T19:31:56Z
txn_9e539c644239,acc_00091,690.64,SGD,denied,Grab,googlepay,2026-08-05T19:32:01Z
txn_3b5a0e99b330,acc_00371,60.63,SGD,completed,Guardian,applepay,2026-08-05T19:32:44Z
txn_90c3719bfc1a,acc_00274,457.18,SGD,denied,NTUC FairPrice,grabpay,2026-08-05T19:32:53Z
txn_44bf88a89bd9,acc_00327,105.16,SGD,pending,Grab,paynow,2026-08-05T19:32:57Z
txn_71f8704d1281,acc_00135,584.65,SGD,completed,Lazada,applepay,2026-08-05T19:33:11Z
txn_f3a332612496,acc_00228,754.15,SGD,denied,Cold Storage,card,2026-08-05T19:33:13Z
txn_add3e302bb88,acc_00011,686.32,SGD,completed,Cold Storage,googlepay,2026-08-05T19:33:31Z
txn_1832b2d25f98,acc_00391,525.60,SGD,completed,Cold Storage,googlepay,2026-08-05T19:33:36Z
txn_26c34d9ab2dd,acc_00316,725.12,SGD,completed,Grab,card,2026-08-05T19:33:52Z
txn_f659a57a574b,acc_00202,827.42,MYR,pending,Shopee,card,2026-08-05T19:33:58Z
txn_61ec1ef8d096,acc_00447,289.61,SGD,completed,Lazada,grabpay,2026-08-05T19:34:29Z
txn_9f03c68f9c1e,acc_00344,567.48,SGD,pending,Grab,paynow,2026-08-05T19:34:44Z
txn_5b558a32e69a,acc_00481,672.44,SGD,completed,Lazada,googlepay,2026-08-05T19:35:00Z
txn_b71e18b8f5b5,acc_00038,454.09,SGD,completed,Watsons,grabpay,2026-08-05T19:35:04Z
txn_890aae55648b,acc_00249,748.37,SGD,denied,Watsons,card,2026-08-05T19:35:09Z
txn_5b8c0c14850e,acc_00274,733.70,SGD,completed,Guardian,googlepay,2026-08-05T19:35:12Z
txn_e11ac660ce59,acc_00433,451.10,SGD,completed,7-Eleven,googlepay,2026-08-05T19:35:47Z
txn_0ef8385922f8,acc_00298,281.20,SGD,denied,Cold Storage,googlepay,2026-08-05T19:35:50Z
txn_8f456d55d37b,acc_00340,542.45,SGD,completed,Starbucks,card,2026-08-05T19:35:55Z
txn_22ff40b1b4f7,acc_00056,160.25,MYR,completed,Cold Storage,paynow,2026-08-05T19:36:37Z
txn_91e07bbbb5c5,acc_00378,247.42,SGD,completed,Shopee,googlepay,2026-08-05T19:36:49Z
txn_3cc20332f881,acc_00256,289.37,SGD,completed,McDonald's,applepay,2026-08-05T19:37:30Z
txn_bce8bca36167,acc_00466,585.56,SGD,completed,Watsons,paynow,2026-08-05T19:37:31Z
txn_bab357cc3bf7,acc_00146,94.99,SGD,completed,Lazada,googlepay,2026-08-05T19:37:47Z
txn_8382497f676b,acc_00118,762.62,SGD,completed,Lazada,paynow,2026-08-05T19:38:08Z
txn_88ffc8af840a,acc_00121,174.73,SGD,completed,Guardian,grabpay,2026-08-05T19:39:02Z
txn_3a3d80d181d1,acc_00040,642.90,SGD,completed,7-Eleven,grabpay,2026-08-05T19:39:58Z
txn_56552930b7d5,acc_00464,212.47,SGD,completed,Grab,card,2026-08-05T19:40:18Z
txn_0c56c120c90a,acc_00284,360.90,SGD,completed,McDonald's,googlepay,2026-08-05T19:40:42Z
txn_ca745de4e9f8,acc_00153,93.07,SGD,completed,NTUC FairPrice,googlepay,2026-08-05T19:40:49Z
txn_5523e02f200a,acc_00082,187.37,SGD,completed,Guardian,card,2026-08-05T19:41:29Z
txn_d72b503c7a2f,acc_00098,787.74,SGD,completed,McDonald's,grabpay,2026-08-05T19:41:31Z
txn_331564e0587a,acc_00400,497.38,SGD,denied,Cold Storage,grabpay,2026-08-05T19:42:44Z
txn_03e291786c7c,acc_00326,454.35,SGD,denied,Watsons,paynow,2026-08-05T19:42:53Z
txn_1c4f1bec50e6,acc_00399,727.70,SGD,completed,Starbucks,applepay,2026-08-05T19:42:54Z
txn_e132221ff133,acc_00331,113.59,SGD,completed,Lazada,googlepay,2026-08-05T19:43:39Z
txn_70950d2fac6b,acc_00230,176.39,SGD,completed,Cold Storage,grabpay,2026-08-05T19:43:53Z
txn_e072b6626ba4,acc_00260,8.17,SGD,completed,Cold Storage,paynow,2026-08-05T19:44:00Z
txn_b1bc2812d8a1,acc_00433,705.66,SGD,pending,Shopee,card,2026-08-05T19:44:28Z
txn_ff6aaa84af26,acc_00104,265.97,SGD,pending,Watsons,grabpay,2026-08-05T19:44:58Z
txn_2e1d12db9c8c,acc_00333,899.14,SGD,pending,7-Eleven,grabpay,2026-08-05T19:45:02Z
txn_5075c890bd8c,acc_00462,368.68,SGD,completed,NTUC FairPrice,applepay,2026-08-05T19:45:39Z
txn_269c1d406a6c,acc_00459,882.06,SGD,completed,NTUC FairPrice,grabpay,2026-08-05T19:45:51Z
txn_bdd2cefa208b,acc_00184,785.66,SGD,completed,7-Eleven,applepay,2026-08-05T19:45:59Z
txn_d7bacb948409,acc_00150,454.28,SGD,completed,Starbucks,grabpay,2026-08-05T19:46:30Z
txn_e991bf403bea,acc_00246,315.55,SGD,completed,Grab,googlepay,2026-08-05T19:46:37Z
txn_32dc2b1df949,acc_00403,220.27,SGD,completed,Shopee,googlepay,2026-08-05T19:46:47Z
txn_22d44cf4423d,acc_00391,468.36,SGD,completed,Starbucks,card,2026-08-05T19:46:53Z
txn_699b94f63bde,acc_00375,516.77,SGD,pending,Starbucks,card,2026-08-05T19:47:12Z
txn_9f7c8a60399d,acc_00448,740.73,SGD,completed,Watsons,paynow,2026-08-05T19:47:19Z
txn_b6ad2aa32799,acc_00151,489.60,SGD,completed,Guardian,paynow,2026-08-05T19:47:33Z
txn_14a181c76281,acc_00204,432.13,SGD,completed,Grab,grabpay,2026-08-05T19:47:36Z
txn_ec6a1605b6af,acc_00195,37.21,SGD,completed,McDonald's,grabpay,2026-08-05T19:47:48Z
txn_8228b4bbb9a3,acc_00356,590.21,SGD,completed,Shopee,paynow,2026-08-05T19:48:19Z
txn_a0f79ce185e1,acc_00480,179.04,SGD,denied,7-Eleven,paynow,2026-08-05T19:48:19Z
txn_4ce5073522cf,acc_00202,692.62,SGD,completed,Watsons,grabpay,2026-08-05T19:48:21Z
txn_68dc8b6b7e0c,acc_00376,213.13,SGD,completed,NTUC FairPrice,card,2026-08-05T19:48:59Z
txn_3688982bca1a,acc_00246,502.52,SGD,denied,Watsons,applepay,2026-08-05T19:49:09Z
txn_c7b3527c1e92,acc_00191,328.70,SGD,pending,Grab,paynow,2026-08-05T19:49:24Z
txn_72d6a4b9fe6f,acc_00016,495.45,SGD,pending,Guardian,grabpay,2026-08-05T19:49:28Z
txn_697de671deee,acc_00417,625.41,SGD,pending,Guardian,grabpay,2026-08-05T19:49:32Z
txn_07a7df6841f9,acc_00181,219.69,MYR,completed,NTUC FairPrice,grabpay,2026-08-05T19:49:35Z
txn_a5ead86def96,acc_00147,329.22,MYR,completed,McDonald's,applepay,2026-08-05T19:49:40Z
txn_a2e223dfcb20,acc_00321,288.02,SGD,pending,Starbucks,applepay,2026-08-05T19:50:49Z
txn_17609b56bcf3,acc_00073,778.68,MYR,completed,Lazada,grabpay,2026-08-05T19:51:05Z
txn_1b1131bb7ed9,acc_00362,386.34,SGD,completed,Grab,paynow,2026-08-05T19:51:51Z
txn_aad1ac2eb604,acc_00431,685.16,SGD,completed,Watsons,googlepay,2026-08-05T19:52:53Z
txn_b367daadcf5e,acc_00004,848.60,SGD,pending,Starbucks,googlepay,2026-08-05T19:53:02Z
txn_00ab7a9133bc,acc_00104,559.45,SGD,completed,7-Eleven,googlepay,2026-08-05T19:54:05Z
txn_1bceb50eb1ba,acc_00010,359.51,SGD,denied,NTUC FairPrice,card,2026-08-05T19:54:21Z
txn_82d4b9dbdad3,acc_00480,569.35,MYR,completed,7-Eleven,card,2026-08-05T19:55:20Z
txn_bb29d149e9b4,acc_00402,519.00,SGD,completed,7-Eleven,applepay,2026-08-05T19:55:54Z
txn_40e21bfa9c44,acc_00064,39.99,MYR,denied,Starbucks,googlepay,2026-08-05T19:56:05Z
txn_2cd7d437bb20,acc_00103,374.34,SGD,denied,Watsons,applepay,2026-08-05T19:56:10Z
txn_2d8e246951e6,acc_00005,488.74,SGD,completed,Watsons,card,2026-08-05T19:56:16Z
txn_a726d7330651,acc_00416,190.50,SGD,completed,Starbucks,applepay,2026-08-05T19:56:26Z
txn_f4c5f00a13e5,acc_00305,287.27,SGD,denied,Watsons,applepay,2026-08-05T19:56:50Z
txn_10de9e501a57,acc_00498,76.28,SGD,pending,NTUC FairPrice,paynow,2026-08-05T19:57:05Z
txn_3b3385061c3f,acc_00206,491.73,SGD,pending,Starbucks,paynow,2026-08-05T19:57:20Z
txn_36d3e0d8752c,acc_00108,152.30,SGD,completed,Grab,applepay,2026-08-05T19:58:04Z
txn_43d793a84996,acc_00336,582.32,SGD,pending,Guardian,googlepay,2026-08-05T19:58:08Z
txn_b7d24fb524b0,acc_00374,149.61,SGD,completed,Cold Storage,googlepay,2026-08-05T19:58:36Z
txn_fa7ba5085fcc,acc_00003,815.50,SGD,completed,Lazada,paynow,2026-08-05T19:58:52Z
txn_2c3e015a6424,acc_00113,230.81,SGD,completed,Starbucks,applepay,2026-08-05T19:59:14Z
txn_27473cd0ec56,acc_00441,20.10,SGD,pending,7-Eleven,grabpay,2026-08-05T19:59:21Z
txn_8e1d74fbce15,acc_00461,812.88,SGD,completed,Watsons,card,2026-08-05T19:59:23Z
txn_d8357e384a76,acc_00319,681.40,SGD,completed,Lazada,grabpay,2026-08-05T19:59:47Z
txn_54edcafca276,acc_00001,584.65,MYR,completed,7-Eleven,card,2026-08-05T19:59:54Z
txn_a70f792073b9,acc_00176,59.53,SGD,completed,Cold Storage,grabpay,2026-08-05T20:00:01Z
txn_08ae584a4e53,acc_00303,324.76,SGD,denied,Starbucks,card,2026-08-05T20:01:09Z
txn_23bef1050a6e,acc_00118,738.53,SGD,completed,Grab,googlepay,2026-08-05T20:01:22Z
txn_beb9e09a7d4e,acc_00117,159.61,SGD,pending,7-Eleven,card,2026-08-05T20:01:28Z
txn_9fa4a4215671,acc_00337,144.46,MYR,pending,7-Eleven,grabpay,2026-08-05T20:01:40Z
txn_f96cda90450c,acc_00027,696.85,MYR,completed,McDonald's,googlepay,2026-08-05T20:01:50Z
txn_ada4b7824fea,acc_00082,363.39,SGD,completed,Guardian,applepay,2026-08-05T20:02:04Z
txn_cc96b6507eda,acc_00052,604.34,MYR,pending,Lazada,googlepay,2026-08-05T20:02:26Z
txn_39799d419288,acc_00391,533.74,MYR,completed,Cold Storage,paynow,2026-08-05T20:02:32Z
txn_e371838cb3c6,acc_00202,5.43,SGD,completed,McDonald's,applepay,2026-08-05T20:02:54Z
txn_262780358ace,acc_00075,231.11,SGD,completed,Grab,applepay,2026-08-05T20:02:59Z
txn_241318332d25,acc_00204,350.62,SGD,completed,Lazada,googlepay,2026-08-05T20:03:05Z
txn_1b7c0090246c,acc_00496,486.21,SGD,completed,Watsons,applepay,2026-08-05T20:04:41Z
txn_7eb600006b27,acc_00416,614.60,SGD,completed,7-Eleven,googlepay,2026-08-05T20:05:00Z
txn_7f4c9fce9725,acc_00450,433.25,SGD,completed,Cold Storage,applepay,2026-08-05T20:05:08Z
txn_81ef92138ee7,acc_00163,851.98,SGD,completed,7-Eleven,googlepay,2026-08-05T20:05:08Z
txn_8cacdabb59a2,acc_00002,301.86,SGD,completed,Shopee,applepay,2026-08-05T20:05:09Z
txn_b80fc4a2f269,acc_00404,383.47,SGD,completed,McDonald's,paynow,2026-08-05T20:05:26Z
txn_03866702d5f3,acc_00444,135.86,SGD,pending,7-Eleven,grabpay,2026-08-05T20:05:40Z
txn_66db47f246d9,acc_00242,616.71,SGD,completed,Guardian,applepay,2026-08-05T20:05:59Z
txn_e78a395502c7,acc_00290,330.66,SGD,pending,Lazada,applepay,2026-08-05T20:06:05Z
txn_d5935e0fb22d,acc_00063,317.68,SGD,completed,Lazada,paynow,2026-08-05T20:06:19Z
txn_dc710dee6ce0,acc_00347,540.32,SGD,pending,Starbucks,googlepay,2026-08-05T20:06:19Z
txn_70af4cae9e16,acc_00312,719.88,SGD,completed,Watsons,card,2026-08-05T20:06:24Z
txn_f93ff739185b,acc_00061,480.24,MYR,pending,Shopee,googlepay,2026-08-05T20:06:33Z
txn_9efbd312ff20,acc_00406,856.33,SGD,completed,Lazada,grabpay,2026-08-05T20:07:42Z
txn_d6311cbf189a,acc_00149,721.65,SGD,completed,Starbucks,paynow,2026-08-05T20:07:56Z
txn_929154d6d960,acc_00041,185.19,SGD,denied,Lazada,grabpay,2026-08-05T20:07:58Z
txn_76d4b86e3879,acc_00232,357.13,SGD,completed,McDonald's,paynow,2026-08-05T20:07:58Z
txn_6468c1f65313,acc_00325,247.81,SGD,pending,Lazada,grabpay,2026-08-05T20:08:07Z
txn_ca26739a49b1,acc_00294,557.81,SGD,completed,Watsons,card,2026-08-05T20:08:35Z
txn_eb5e277cd77c,acc_00426,785.72,SGD,completed,Cold Storage,card,2026-08-05T20:08:41Z
txn_6de07edcfc0c,acc_00212,43.53,SGD,completed,NTUC FairPrice,grabpay,2026-08-05T20:08:43Z
txn_cfcb0c96e0d7,acc_00283,215.17,MYR,pending,Cold Storage,card,2026-08-05T20:08:46Z
txn_476ddeb69692,acc_00162,712.48,SGD,completed,Grab,paynow,2026-08-05T20:08:54Z
txn_539c34342132,acc_00396,93.60,SGD,denied,Grab,applepay,2026-08-05T20:09:00Z
txn_0402a8e265ad,acc_00309,630.76,SGD,completed,Watsons,grabpay,2026-08-05T20:09:19Z
txn_8cdb5b634ce8,acc_00302,490.93,SGD,completed,McDonald's,applepay,2026-08-05T20:09:38Z
txn_4da259982f9f,acc_00178,627.54,SGD,denied,NTUC FairPrice,applepay,2026-08-05T20:10:27Z
txn_f9ede3f1ea14,acc_00260,280.08,SGD,completed,Starbucks,grabpay,2026-08-05T20:11:07Z
txn_d51cb0cac284,acc_00398,582.46,SGD,completed,Watsons,applepay,2026-08-05T20:12:18Z
txn_764df7d8e388,acc_00265,853.38,SGD,completed,Starbucks,applepay,2026-08-05T20:12:48Z
txn_dab9ae835c40,acc_00041,381.67,SGD,completed,Guardian,googlepay,2026-08-05T20:12:56Z
txn_863750bf23a6,acc_00156,274.38,SGD,completed,Shopee,grabpay,2026-08-05T20:13:07Z
txn_d07e477c6ea8,acc_00121,772.33,SGD,completed,Lazada,paynow,2026-08-05T20:13:10Z
txn_768091be706b,acc_00201,173.31,MYR,completed,McDonald's,card,2026-08-05T20:13:14Z
txn_d6df9277f660,acc_00054,693.72,SGD,denied,Watsons,googlepay,2026-08-05T20:13:36Z
txn_23e4d7287bb6,acc_00084,740.81,SGD,completed,Lazada,paynow,2026-08-05T20:14:11Z
txn_3f321b4f4a83,acc_00347,270.71,SGD,completed,Starbucks,applepay,2026-08-05T20:14:29Z
txn_fa6d4c9811ee,acc_00125,868.21,MYR,pending,McDonald's,applepay,2026-08-05T20:15:18Z
txn_da218a4b09b9,acc_00320,318.08,SGD,pending,NTUC FairPrice,grabpay,2026-08-05T20:15:33Z
txn_30ce7e1b3f46,acc_00170,656.51,SGD,pending,McDonald's,card,2026-08-05T20:15:53Z
txn_37230733fbb7,acc_00059,385.83,SGD,completed,Shopee,googlepay,2026-08-05T20:16:08Z
txn_9ba95f37919b,acc_00322,34.08,MYR,pending,7-Eleven,applepay,2026-08-05T20:16:21Z
txn_e4346c9551be,acc_00052,714.64,SGD,completed,Lazada,paynow,2026-08-05T20:16:24Z
txn_d27873520077,acc_00471,350.83,SGD,completed,Shopee,applepay,2026-08-05T20:16:39Z
txn_1013f715d7fc,acc_00108,885.10,SGD,denied,NTUC FairPrice,googlepay,2026-08-05T20:16:53Z
txn_cafa88cb1759,acc_00279,97.93,SGD,completed,Cold Storage,applepay,2026-08-05T20:17:24Z
txn_2c004fcc58fd,acc_00045,514.45,SGD,pending,Watsons,grabpay,2026-08-05T20:17:35Z
txn_d08a34bb36c2,acc_00327,436.37,MYR,completed,Lazada,applepay,2026-08-05T20:17:47Z
txn_d1616fd93853,acc_00073,815.01,SGD,completed,Lazada,paynow,2026-08-05T20:18:00Z
txn_898a598355b4,acc_00487,81.50,SGD,completed,Starbucks,card,2026-08-05T20:18:20Z
txn_ef092d8bb67a,acc_00181,525.90,SGD,pending,Guardian,card,2026-08-05T20:18:35Z
txn_e0b48e5859c2,acc_00295,654.09,MYR,pending,Shopee,card,2026-08-05T20:18:35Z
txn_27ad55763cc8,acc_00406,892.22,SGD,completed,Watsons,applepay,2026-08-05T20:18:49Z
txn_e8f948dd3381,acc_00105,18.02,SGD,pending,Cold Storage,card,2026-08-05T20:18:52Z
txn_295ba20dc430,acc_00077,730.49,SGD,completed,Lazada,card,2026-08-05T20:19:07Z
txn_4555e3344e8c,acc_00272,151.17,SGD,completed,McDonald's,paynow,2026-08-05T20:19:12Z
txn_8ceb1c1d807f,acc_00198,172.54,SGD,completed,Guardian,paynow,2026-08-05T20:19:53Z
txn_da5b33fdc71e,acc_00449,341.14,MYR,completed,NTUC FairPrice,card,2026-08-05T20:20:07Z
txn_0420f1633af1,acc_00295,6.67,SGD,pending,Watsons,card,2026-08-05T20:20:20Z
txn_830585e7515e,acc_00463,436.02,SGD,completed,Starbucks,googlepay,2026-08-05T20:20:34Z
txn_9cbb66fb1a35,acc_00322,757.29,SGD,completed,Lazada,googlepay,2026-08-05T20:20:51Z
txn_864d0f9e7c23,acc_00182,386.33,SGD,pending,McDonald's,card,2026-08-05T20:20:57Z
txn_9e584a0ca467,acc_00470,763.87,SGD,completed,McDonald's,googlepay,2026-08-05T20:20:59Z
txn_f0845efcda0c,acc_00303,393.97,SGD,completed,Watsons,applepay,2026-08-05T20:21:08Z
txn_32ca2648fe3b,acc_00184,652.64,SGD,completed,McDonald's,applepay,2026-08-05T20:21:12Z
txn_6fe64444de30,acc_00221,793.35,SGD,pending,Watsons,googlepay,2026-08-05T20:21:18Z
txn_02bdd9e102c8,acc_00080,207.47,SGD,completed,Shopee,paynow,2026-08-05T20:21:20Z
txn_92b22b4a1d02,acc_00155,550.63,SGD,completed,Grab,card,2026-08-05T20:21:43Z
txn_5a59adf96d33,acc_00284,442.80,SGD,denied,Cold Storage,applepay,2026-08-05T20:21:46Z
txn_039355f7c73d,acc_00396,483.61,SGD,pending,Shopee,applepay,2026-08-05T20:22:03Z
txn_cda3a631edc7,acc_00135,431.39,SGD,denied,Starbucks,card,2026-08-05T20:22:36Z
txn_ea113e7276f8,acc_00401,618.57,SGD,completed,Watsons,card,2026-08-05T20:23:11Z
txn_a55b99645b7e,acc_00228,422.53,SGD,completed,7-Eleven,paynow,2026-08-05T20:23:56Z
txn_6cb8aa2e7ebf,acc_00089,271.55,SGD,completed,Shopee,grabpay,2026-08-05T20:24:07Z
txn_53cb5997811e,acc_00355,218.84,SGD,completed,Grab,grabpay,2026-08-05T20:24:20Z
txn_172a670e1442,acc_00432,194.47,SGD,completed,Shopee,applepay,2026-08-05T20:24:24Z
txn_fb09b298525b,acc_00260,406.45,SGD,denied,NTUC FairPrice,paynow,2026-08-05T20:25:05Z
txn_9947345bf7fb,acc_00447,763.91,SGD,completed,Watsons,paynow,2026-08-05T20:25:16Z
txn_962150979680,acc_00331,81.95,SGD,completed,Guardian,grabpay,2026-08-05T20:25:37Z
txn_f08257d88ed4,acc_00095,237.54,MYR,completed,Watsons,applepay,2026-08-05T20:25:54Z
txn_ece142599686,acc_00016,86.59,SGD,denied,Guardian,card,2026-08-05T20:26:03Z
txn_03de8b7e0afb,acc_00492,104.32,SGD,pending,Watsons,applepay,2026-08-05T20:26:59Z
txn_4dc5e7666e63,acc_00025,763.95,SGD,completed,Shopee,googlepay,2026-08-05T20:27:19Z
txn_505c150197a0,acc_00338,499.52,SGD,denied,McDonald's,applepay,2026-08-05T20:28:15Z
txn_861d85eb205e,acc_00074,811.60,SGD,completed,Starbucks,card,2026-08-05T20:29:15Z
txn_232480df0c31,acc_00207,293.69,SGD,completed,Shopee,googlepay,2026-08-05T20:29:23Z
txn_fd0221e69f56,acc_00373,320.15,SGD,pending,Cold Storage,applepay,2026-08-05T20:30:31Z
txn_f66b7a3d43dd,acc_00030,732.79,MYR,completed,Lazada,card,2026-08-05T20:31:17Z
txn_386d44594b50,acc_00304,139.30,SGD,completed,Shopee,grabpay,2026-08-05T20:31:20Z
txn_3a511d0c05f1,acc_00096,545.33,SGD,completed,Shopee,applepay,2026-08-05T20:31:22Z
txn_a6e154e9c1be,acc_00452,85.94,SGD,pending,Lazada,card,2026-08-05T20:32:56Z
txn_4ce3f3cb598f,acc_00033,412.80,SGD,completed,McDonald's,paynow,2026-08-05T20:33:08Z
txn_ffae87be691b,acc_00479,321.36,SGD,pending,Guardian,paynow,2026-08-05T20:33:17Z
txn_fb6f06c128e6,acc_00223,700.76,SGD,completed,7-Eleven,paynow,2026-08-05T20:33:59Z
txn_41346194620b,acc_00054,459.36,SGD,completed,NTUC FairPrice,paynow,2026-08-05T20:34:07Z
txn_86e586246ec5,acc_00225,537.53,SGD,completed,Lazada,googlepay,2026-08-05T20:34:15Z
txn_7a5a34d4886c,acc_00011,53.30,SGD,denied,Cold Storage,card,2026-08-05T20:34:19Z
txn_65586ecefbcd,acc_00028,342.93,SGD,completed,Cold Storage,paynow,2026-08-05T20:34:20Z
txn_8e98c293f5bd,acc_00117,389.16,SGD,completed,Grab,card,2026-08-05T20:34:36Z
txn_49e5e404e376,acc_00297,536.07,MYR,completed,Starbucks,googlepay,2026-08-05T20:34:45Z
txn_a008c5deb6f7,acc_00197,574.00,MYR,completed,Shopee,grabpay,2026-08-05T20:35:00Z
txn_2f7f5bcfacdd,acc_00325,415.62,SGD,completed,NTUC FairPrice,card,2026-08-05T20:35:20Z
txn_2f667f44cc8a,acc_00294,663.82,SGD,completed,Lazada,googlepay,2026-08-05T20:35:33Z
txn_599c6548981a,acc_00001,418.76,MYR,denied,Lazada,grabpay,2026-08-05T20:35:34Z
txn_56cc90d3bfed,acc_00212,877.52,SGD,denied,Cold Storage,googlepay,2026-08-05T20:35:37Z
txn_0d215d688ac9,acc_00401,642.74,SGD,denied,McDonald's,grabpay,2026-08-05T20:35:41Z
txn_79668289f018,acc_00226,477.62,SGD,completed,NTUC FairPrice,card,2026-08-05T20:35:50Z
txn_b61f42578d9a,acc_00488,533.69,MYR,completed,Watsons,applepay,2026-08-05T20:36:08Z
txn_db732e54b7b2,acc_00458,76.72,SGD,completed,McDonald's,grabpay,2026-08-05T20:36:12Z
txn_e45c117a662e,acc_00356,623.42,SGD,denied,7-Eleven,googlepay,2026-08-05T20:36:39Z
txn_77c458f44b45,acc_00075,775.41,SGD,pending,Watsons,card,2026-08-05T20:36:47Z
txn_be89bab68696,acc_00288,317.24,SGD,pending,Guardian,card,2026-08-05T20:36:51Z
txn_2a7c3a19b0db,acc_00096,519.38,SGD,pending,Guardian,applepay,2026-08-05T20:37:24Z
txn_b408741ab4b7,acc_00331,594.42,SGD,completed,Starbucks,paynow,2026-08-05T20:37:42Z
txn_99fede6d16f3,acc_00360,310.59,MYR,completed,Starbucks,applepay,2026-08-05T20:37:53Z
txn_33d66beae319,acc_00284,865.58,SGD,completed,NTUC FairPrice,applepay,2026-08-05T20:37:58Z
txn_ac3dd27f4a91,acc_00027,413.45,SGD,completed,Guardian,paynow,2026-08-05T20:38:56Z
txn_6e076e6a5854,acc_00333,30.83,SGD,completed,Cold Storage,card,2026-08-05T20:39:06Z
txn_b8625161a5f1,acc_00018,115.79,SGD,completed,7-Eleven,applepay,2026-08-05T20:39:09Z
txn_7a3a9ba068ce,acc_00450,886.82,SGD,completed,NTUC FairPrice,paynow,2026-08-05T20:39:24Z
txn_ce072f3ce867,acc_00222,164.33,SGD,completed,Lazada,applepay,2026-08-05T20:39:29Z
txn_b322623703cd,acc_00201,881.77,SGD,denied,Lazada,paynow,2026-08-05T20:39:50Z
txn_e35e093a5fe0,acc_00005,618.77,SGD,completed,Shopee,applepay,2026-08-05T20:39:51Z
txn_9a6dd3b192a5,acc_00215,409.64,SGD,completed,Cold Storage,grabpay,2026-08-05T20:39:55Z
txn_4e213d29c1c9,acc_00413,664.94,SGD,denied,NTUC FairPrice,grabpay,2026-08-05T20:40:03Z
txn_be9c446d3507,acc_00183,282.91,SGD,denied,Grab,applepay,2026-08-05T20:40:21Z
txn_4dd16718d59f,acc_00369,285.86,SGD,completed,Cold Storage,googlepay,2026-08-05T20:40:27Z
txn_e5b0cafab8dd,acc_00096,843.10,SGD,completed,NTUC FairPrice,grabpay,2026-08-05T20:40:43Z
txn_1ac9890cb468,acc_00263,151.83,SGD,denied,Watsons,paynow,2026-08-05T20:40:47Z
txn_db814b76d8f4,acc_00382,648.62,MYR,denied,Watsons,paynow,2026-08-05T20:40:52Z
txn_9c0f6a796774,acc_00485,248.62,SGD,completed,McDonald's,applepay,2026-08-05T20:41:03Z
txn_09477c37941b,acc_00012,511.90,SGD,completed,Shopee,grabpay,2026-08-05T20:41:13Z
txn_15246bf9eeff,acc_00112,716.76,SGD,completed,McDonald's,googlepay,2026-08-05T20:41:35Z
txn_1be1434c0553,acc_00456,879.97,SGD,completed,Shopee,applepay,2026-08-05T20:41:38Z
txn_6800509212d6,acc_00314,752.87,SGD,completed,7-Eleven,googlepay,2026-08-05T20:41:58Z
txn_898f887aa785,acc_00231,817.87,SGD,denied,Starbucks,grabpay,2026-08-05T20:42:11Z
txn_b42720b7776f,acc_00439,726.30,SGD,completed,Shopee,applepay,2026-08-05T20:42:12Z
txn_60467b483b99,acc_00184,878.05,SGD,completed,Shopee,card,2026-08-05T20:42:16Z
txn_686f0729cfdc,acc_00133,887.55,SGD,pending,Shopee,card,2026-08-05T20:42:25Z
txn_b8dba510b819,acc_00311,730.21,SGD,denied,Watsons,googlepay,2026-08-05T20:42:49Z
txn_c62c1b374784,acc_00458,249.04,SGD,denied,Lazada,googlepay,2026-08-05T20:43:08Z
txn_72053bc527e7,acc_00182,358.59,SGD,completed,Cold Storage,googlepay,2026-08-05T20:45:25Z
txn_c42f10c76b1f,acc_00283,183.55,SGD,completed,Cold Storage,card,2026-08-05T20:45:27Z
txn_1acc6f23f53e,acc_00005,141.22,SGD,completed,Starbucks,paynow,2026-08-05T20:45:28Z
txn_d7041d7e014f,acc_00120,481.77,SGD,pending,Lazada,grabpay,2026-08-05T20:46:06Z
txn_2963f5aa2ce9,acc_00165,100.76,SGD,completed,Shopee,paynow,2026-08-05T20:46:18Z
txn_8a85490d633d,acc_00439,285.12,SGD,denied,Watsons,googlepay,2026-08-05T20:46:38Z
txn_0e53b08c732e,acc_00487,672.72,SGD,pending,Grab,paynow,2026-08-05T20:47:08Z
txn_238ff8eb37bd,acc_00206,595.83,SGD,completed,Starbucks,paynow,2026-08-05T20:47:10Z
txn_e5166821a268,acc_00077,196.61,SGD,completed,McDonald's,applepay,2026-08-05T20:47:24Z
txn_46cc0fa7f25b,acc_00310,742.81,MYR,pending,NTUC FairPrice,paynow,2026-08-05T20:47:27Z
txn_01ef87900a46,acc_00041,356.83,SGD,denied,Guardian,googlepay,2026-08-05T20:48:25Z
txn_b44fcfbd11c2,acc_00415,384.79,SGD,completed,Watsons,grabpay,2026-08-05T20:48:28Z
txn_47ceb8757c26,acc_00324,861.03,SGD,completed,Starbucks,googlepay,2026-08-05T20:48:45Z
txn_bc448044d90b,acc_00304,102.33,SGD,completed,Watsons,googlepay,2026-08-05T20:48:58Z
txn_b6a3c383460c,acc_00339,255.16,SGD,completed,NTUC FairPrice,applepay,2026-08-05T20:49:03Z
txn_374e927b9279,acc_00391,490.22,SGD,completed,Lazada,paynow,2026-08-05T20:49:06Z
txn_2affa2337454,acc_00088,691.00,MYR,completed,McDonald's,googlepay,2026-08-05T20:49:21Z
txn_5457beed8549,acc_00398,40.04,SGD,completed,Starbucks,googlepay,2026-08-05T20:49:24Z
txn_1aea936fa5d5,acc_00242,161.87,SGD,completed,7-Eleven,grabpay,2026-08-05T20:49:32Z
txn_c0df10de1710,acc_00302,739.65,SGD,completed,Watsons,grabpay,2026-08-05T20:49:53Z
txn_736bca35929c,acc_00431,735.49,MYR,completed,7-Eleven,paynow,2026-08-05T20:49:57Z
txn_ee76ec0a691e,acc_00279,599.67,SGD,pending,Starbucks,grabpay,2026-08-05T20:50:25Z
txn_21dae16d5eb1,acc_00349,896.32,SGD,completed,7-Eleven,paynow,2026-08-05T20:50:28Z
txn_c9b5b4ac07ae,acc_00205,434.29,SGD,denied,Watsons,paynow,2026-08-05T20:51:00Z
txn_70d1b50c157b,acc_00470,508.84,SGD,denied,Watsons,paynow,2026-08-05T20:51:05Z
txn_3324c0a99ab5,acc_00388,539.06,MYR,denied,Starbucks,googlepay,2026-08-05T20:51:06Z
txn_3a8f9f36c0f5,acc_00194,277.87,SGD,completed,Shopee,card,2026-08-05T20:51:22Z
txn_11ea58ad7961,acc_00347,134.08,SGD,completed,Watsons,applepay,2026-08-05T20:51:32Z
txn_eb4457a0befc,acc_00251,578.16,SGD,completed,NTUC FairPrice,googlepay,2026-08-05T20:51:41Z
txn_4c73ac0747da,acc_00485,522.39,SGD,completed,Lazada,applepay,2026-08-05T20:52:11Z
txn_beea2ef2a98a,acc_00224,19.32,SGD,completed,Guardian,applepay,2026-08-05T20:52:36Z
txn_d9d611213c8f,acc_00143,880.24,SGD,pending,Grab,googlepay,2026-08-05T20:53:35Z
txn_ecfdcfd955e9,acc_00350,50.14,SGD,completed,7-Eleven,googlepay,2026-08-05T20:53:38Z
txn_fbc45d0420d3,acc_00270,197.67,SGD,completed,Guardian,card,2026-08-05T20:53:48Z
txn_dc531d1cb4a4,acc_00278,316.91,SGD,completed,Shopee,grabpay,2026-08-05T20:54:06Z
txn_f03b5da4bfde,acc_00434,99.62,SGD,completed,Grab,grabpay,2026-08-05T20:54:08Z
txn_1c7536cab8f7,acc_00288,46.77,SGD,completed,Watsons,applepay,2026-08-05T20:54:35Z
txn_ccb1f53d66c4,acc_00054,471.63,SGD,denied,Guardian,applepay,2026-08-05T20:54:36Z
txn_a4bad72fe15b,acc_00485,514.88,MYR,completed,Cold Storage,paynow,2026-08-05T20:55:09Z
txn_8051f19554f5,acc_00295,307.48,SGD,pending,NTUC FairPrice,applepay,2026-08-05T20:55:32Z
txn_33742befcfa3,acc_00017,863.90,SGD,denied,McDonald's,grabpay,2026-08-05T20:55:42Z
txn_01dfb817d09d,acc_00310,665.08,SGD,completed,7-Eleven,grabpay,2026-08-05T20:55:44Z
txn_beb75b645a27,acc_00445,233.97,SGD,completed,7-Eleven,googlepay,2026-08-05T20:56:40Z
txn_15e8ed9bac72,acc_00159,203.97,SGD,completed,Guardian,googlepay,2026-08-05T20:57:23Z
txn_3f2602b79d69,acc_00053,116.22,SGD,denied,Starbucks,grabpay,2026-08-05T20:57:32Z
txn_7947b36eda7e,acc_00455,299.34,SGD,denied,Guardian,paynow,2026-08-05T20:57:34Z
txn_7a2a3bf7d278,acc_00133,357.18,SGD,denied,McDonald's,googlepay,2026-08-05T20:57:44Z
txn_a0ac02282a49,acc_00161,161.93,SGD,completed,Cold Storage,applepay,2026-08-05T20:58:01Z
txn_2ea316c16e7f,acc_00034,881.93,SGD,completed,NTUC FairPrice,googlepay,2026-08-05T20:58:11Z
txn_6605d8b2da5b,acc_00161,108.37,SGD,pending,Watsons,paynow,2026-08-05T20:58:19Z
txn_eb8b6fd9ed38,acc_00014,84.46,MYR,denied,NTUC FairPrice,grabpay,2026-08-05T20:58:49Z
txn_a012e82e6657,acc_00500,239.62,SGD,completed,Grab,paynow,2026-08-05T20:59:11Z
txn_a82d42fb3d83,acc_00200,671.94,MYR,denied,7-Eleven,paynow,2026-08-05T20:59:33Z
txn_dd1fe061099a,acc_00077,461.78,SGD,completed,Shopee,applepay,2026-08-05T20:59:38Z
txn_680538f6ffc1,acc_00252,166.63,SGD,completed,Starbucks,paynow,2026-08-05T20:59:44Z
txn_52fcabe26bd7,acc_00473,253.30,MYR,completed,McDonald's,card,2026-08-05T21:01:23Z
txn_65b2549efbd8,acc_00338,894.68,SGD,pending,NTUC FairPrice,paynow,2026-08-05T21:01:45Z
txn_c53ee95bdd6f,acc_00127,847.84,MYR,completed,Cold Storage,grabpay,2026-08-05T21:01:48Z
txn_16c81d427f26,acc_00360,673.87,SGD,denied,Watsons,paynow,2026-08-05T21:02:24Z
txn_509506a7acb0,acc_00258,309.19,SGD,denied,Grab,card,2026-08-05T21:02:55Z
txn_406fc0b8cb29,acc_00384,275.40,MYR,completed,NTUC FairPrice,applepay,2026-08-05T21:02:58Z
txn_b4b9d2b98436,acc_00302,222.02,MYR,completed,Cold Storage,grabpay,2026-08-05T21:03:21Z
txn_3c3463c69e95,acc_00234,849.97,SGD,completed,Lazada,googlepay,2026-08-05T21:03:24Z
txn_fccf5b0a6cd2,acc_00016,884.84,SGD,completed,Lazada,grabpay,2026-08-05T21:03:30Z
txn_237af8e65fdc,acc_00148,479.70,SGD,completed,Grab,card,2026-08-05T21:04:05Z
txn_d0858cdaaa50,acc_00133,628.55,SGD,completed,McDonald's,grabpay,2026-08-05T21:04:10Z
txn_1cab9501352b,acc_00491,610.58,SGD,completed,NTUC FairPrice,paynow,2026-08-05T21:04:47Z
txn_1179d40ac307,acc_00207,389.64,SGD,completed,Shopee,paynow,2026-08-05T21:05:05Z
txn_7cee255a84dc,acc_00046,800.50,SGD,completed,Watsons,grabpay,2026-08-05T21:05:27Z
txn_6cdb55a23120,acc_00339,231.77,SGD,pending,Guardian,googlepay,2026-08-05T21:05:27Z
txn_d318f17e8ea4,acc_00414,589.32,SGD,pending,Watsons,paynow,2026-08-05T21:05:36Z
txn_12ae2dd24383,acc_00379,333.19,MYR,completed,NTUC FairPrice,applepay,2026-08-05T21:05:38Z
txn_1f8a0fa9c743,acc_00339,765.96,SGD,completed,Watsons,googlepay,2026-08-05T21:05:50Z
txn_7542f4d79db2,acc_00374,386.72,SGD,completed,7-Eleven,applepay,2026-08-05T21:05:51Z
txn_e5412c9bf8b4,acc_00471,454.09,SGD,completed,Guardian,applepay,2026-08-05T21:06:03Z
txn_628ee2d00af5,acc_00322,89.70,SGD,completed,McDonald's,card,2026-08-05T21:06:05Z
txn_9bfdcae43071,acc_00333,397.44,SGD,completed,Shopee,grabpay,2026-08-05T21:06:37Z
txn_bd0635ab7ab7,acc_00108,268.20,SGD,completed,NTUC FairPrice,paynow,2026-08-05T21:06:57Z
txn_4be185693f70,acc_00288,305.87,SGD,completed,Shopee,grabpay,2026-08-05T21:07:01Z
txn_ff31e61d46b2,acc_00142,341.72,SGD,completed,McDonald's,grabpay,2026-08-05T21:07:35Z
txn_54f93a42a44d,acc_00300,266.41,SGD,pending,NTUC FairPrice,googlepay,2026-08-05T21:07:42Z
txn_764698fc5890,acc_00006,91.00,SGD,denied,Watsons,googlepay,2026-08-05T21:08:09Z
txn_2ae78df95c64,acc_00282,68.15,SGD,completed,Grab,paynow,2026-08-05T21:08:19Z
txn_373b9c5bf72d,acc_00254,581.37,SGD,completed,Lazada,paynow,2026-08-05T21:08:42Z
txn_9116dd2a8a34,acc_00283,898.53,SGD,pending,Shopee,googlepay,2026-08-05T21:08:59Z
txn_bc3421b7389d,acc_00271,522.95,SGD,completed,Starbucks,grabpay,2026-08-05T21:09:02Z
txn_597c366748e8,acc_00327,404.59,SGD,completed,McDonald's,applepay,2026-08-05T21:09:02Z
txn_ad9f98794b7f,acc_00023,530.98,SGD,completed,Cold Storage,card,2026-08-05T21:09:09Z
txn_863adb812be7,acc_00296,838.00,SGD,pending,Lazada,googlepay,2026-08-05T21:09:59Z
txn_cdcae9a72325,acc_00264,675.44,SGD,pending,McDonald's,grabpay,2026-08-05T21:11:18Z
txn_b5ae3471488c,acc_00078,738.80,SGD,pending,Lazada,applepay,2026-08-05T21:11:20Z
txn_1ad20ea161e1,acc_00140,397.37,SGD,completed,Starbucks,grabpay,2026-08-05T21:12:09Z
txn_afcb22a66c83,acc_00161,640.40,SGD,denied,Cold Storage,applepay,2026-08-05T21:12:38Z
txn_84aa422172cf,acc_00457,852.62,SGD,completed,McDonald's,googlepay,2026-08-05T21:12:57Z
txn_744f87ce60b9,acc_00154,514.32,SGD,pending,7-Eleven,card,2026-08-05T21:12:59Z
txn_ee652d95869d,acc_00045,38.79,SGD,completed,Grab,card,2026-08-05T21:13:17Z
txn_8259a01499ea,acc_00378,620.77,SGD,denied,Guardian,grabpay,2026-08-05T21:13:17Z
txn_4eba6ef6c721,acc_00041,549.51,SGD,denied,Lazada,applepay,2026-08-05T21:13:55Z
txn_38e5ff921b04,acc_00169,619.90,SGD,completed,Shopee,paynow,2026-08-05T21:14:34Z
txn_1826ab7241c0,acc_00243,240.81,MYR,denied,Lazada,card,2026-08-05T21:14:43Z
txn_f1149f1ad1e8,acc_00063,839.97,SGD,completed,Cold Storage,googlepay,2026-08-05T21:14:43Z
txn_9165eea2e955,acc_00375,671.43,SGD,completed,7-Eleven,applepay,2026-08-05T21:14:43Z
txn_b4b173b53953,acc_00286,728.66,SGD,pending,NTUC FairPrice,grabpay,2026-08-05T21:14:49Z
txn_7bd4bc3c24ed,acc_00066,282.22,SGD,denied,7-Eleven,grabpay,2026-08-05T21:15:02Z
txn_fa156a781440,acc_00433,262.33,SGD,completed,McDonald's,googlepay,2026-08-05T21:15:03Z
txn_e61240aaa3a0,acc_00385,77.91,SGD,denied,7-Eleven,paynow,2026-08-05T21:15:41Z
txn_c4973703588d,acc_00376,524.41,SGD,completed,Starbucks,grabpay,2026-08-05T21:16:22Z
txn_61b30f51db19,acc_00369,502.57,SGD,completed,7-Eleven,grabpay,2026-08-05T21:16:31Z
txn_2ffcb12377a4,acc_00365,608.40,SGD,completed,Shopee,paynow,2026-08-05T21:16:45Z
txn_3d2a2370d97a,acc_00130,198.34,SGD,denied,Guardian,applepay,2026-08-05T21:16:49Z
txn_e285a3341ba7,acc_00090,846.14,SGD,denied,NTUC FairPrice,paynow,2026-08-05T21:16:53Z
txn_bbfed874342c,acc_00121,570.53,SGD,completed,Shopee,grabpay,2026-08-05T21:17:17Z
txn_8ceb4e065880,acc_00285,736.16,SGD,pending,Grab,googlepay,2026-08-05T21:17:20Z
txn_64efe40de305,acc_00341,223.56,SGD,pending,Starbucks,paynow,2026-08-05T21:17:28Z
txn_ce0551686e2f,acc_00056,296.54,SGD,completed,McDonald's,grabpay,2026-08-05T21:17:51Z
txn_fdf354d014f7,acc_00467,450.05,SGD,completed,McDonald's,googlepay,2026-08-05T21:18:24Z
txn_53427e21d70c,acc_00187,315.60,SGD,pending,Shopee,card,2026-08-05T21:18:26Z
txn_f28572aa4b7d,acc_00294,755.66,SGD,denied,Guardian,googlepay,2026-08-05T21:18:29Z
txn_38ad30dc0649,acc_00191,56.34,SGD,completed,Watsons,grabpay,2026-08-05T21:19:12Z
txn_248da4cb4069,acc_00445,257.49,SGD,denied,Cold Storage,googlepay,2026-08-05T21:19:25Z
txn_32dfec6e20f7,acc_00070,138.17,SGD,completed,Watsons,grabpay,2026-08-05T21:19:38Z
txn_f07fb920bf89,acc_00048,510.80,SGD,completed,Guardian,card,2026-08-05T21:20:02Z
txn_2f09a3fb362d,acc_00431,503.45,SGD,completed,Lazada,paynow,2026-08-05T21:20:53Z
txn_dfd01b2e4a93,acc_00065,708.80,SGD,completed,Watsons,paynow,2026-08-05T21:20:58Z
txn_282f359afc20,acc_00165,211.23,SGD,pending,Watsons,card,2026-08-05T21:20:58Z
txn_4a5b602b9707,acc_00368,161.77,SGD,completed,NTUC FairPrice,paynow,2026-08-05T21:21:28Z
txn_2e9d2c067e71,acc_00364,306.75,SGD,completed,Starbucks,card,2026-08-05T21:21:39Z
txn_510c2790ac55,acc_00124,336.79,MYR,pending,Shopee,applepay,2026-08-05T21:22:03Z
txn_4e0488e7b992,acc_00215,384.58,SGD,denied,Cold Storage,grabpay,2026-08-05T21:22:13Z
txn_0a815393705c,acc_00497,689.12,SGD,completed,Watsons,grabpay,2026-08-05T21:22:35Z
txn_e9aebf3e13f9,acc_00460,667.95,SGD,denied,Shopee,card,2026-08-05T21:22:42Z
txn_8aeb4d9fd571,acc_00154,687.66,SGD,denied,Lazada,paynow,2026-08-05T21:22:49Z
txn_5822b7c9623e,acc_00216,330.45,SGD,pending,Grab,card,2026-08-05T21:23:06Z
txn_05ca48be390f,acc_00089,180.09,SGD,pending,Grab,googlepay,2026-08-05T21:23:35Z
txn_373bc35cea88,acc_00091,148.54,MYR,pending,7-Eleven,googlepay,2026-08-05T21:23:42Z
txn_25c866737986,acc_00297,491.05,SGD,pending,Starbucks,grabpay,2026-08-05T21:23:48Z
txn_bb11e0f26563,acc_00332,359.08,SGD,completed,Shopee,paynow,2026-08-05T21:23:52Z
txn_520cf8ffaec5,acc_00481,609.00,SGD,pending,Watsons,grabpay,2026-08-05T21:24:05Z
txn_533c3e371635,acc_00107,338.99,SGD,completed,Watsons,card,2026-08-05T21:24:38Z
txn_bbd6d2858a33,acc_00346,688.57,SGD,completed,Grab,grabpay,2026-08-05T21:24:48Z
txn_45ebaf9472b9,acc_00425,180.18,SGD,completed,Grab,grabpay,2026-08-05T21:25:17Z
txn_0d763cea7c14,acc_00353,518.77,SGD,completed,Starbucks,applepay,2026-08-05T21:25:47Z
txn_9ae0352ed30a,acc_00100,310.45,SGD,completed,Lazada,card,2026-08-05T21:25:51Z
txn_0119299f5c81,acc_00390,814.22,SGD,completed,Grab,applepay,2026-08-05T21:26:16Z
txn_98d02d04281b,acc_00246,35.41,SGD,completed,Cold Storage,grabpay,2026-08-05T21:26:18Z
txn_a135c0c9730c,acc_00358,478.01,SGD,pending,Starbucks,grabpay,2026-08-05T21:26:47Z
txn_7616f50795ae,acc_00206,601.09,SGD,pending,Starbucks,applepay,2026-08-05T21:26:47Z
txn_a8ec6aeddce3,acc_00287,153.72,MYR,completed,Cold Storage,card,2026-08-05T21:26:57Z
txn_f0749dd54661,acc_00500,705.72,SGD,pending,Shopee,card,2026-08-05T21:27:01Z
txn_6cff2579951f,acc_00102,645.12,SGD,pending,Lazada,applepay,2026-08-05T21:27:16Z
txn_ba52748e43c5,acc_00060,399.10,SGD,completed,Grab,googlepay,2026-08-05T21:27:30Z
txn_61ced8b5e701,acc_00055,159.70,SGD,pending,Starbucks,grabpay,2026-08-05T21:27:44Z
txn_dc3171534345,acc_00025,410.57,SGD,completed,McDonald's,paynow,2026-08-05T21:27:44Z
txn_acfdfe47a237,acc_00471,279.05,SGD,denied,McDonald's,applepay,2026-08-05T21:27:54Z
txn_7c958aec932a,acc_00192,274.67,SGD,completed,Shopee,paynow,2026-08-05T21:28:03Z
txn_29becc5b454a,acc_00176,350.50,SGD,completed,Starbucks,googlepay,2026-08-05T21:28:11Z
txn_1f817e750147,acc_00296,503.81,SGD,completed,Watsons,paynow,2026-08-05T21:28:23Z
txn_7d2dc9864e25,acc_00024,628.00,SGD,completed,McDonald's,paynow,2026-08-05T21:29:30Z
txn_69b00b06a6c9,acc_00311,468.27,SGD,completed,Guardian,card,2026-08-05T21:29:37Z
txn_ae6333a010ed,acc_00047,688.73,SGD,completed,Watsons,applepay,2026-08-05T21:29:48Z
txn_24ca04a57736,acc_00338,460.94,SGD,completed,McDonald's,googlepay,2026-08-05T21:30:10Z
txn_64de911bc9b8,acc_00291,359.64,SGD,denied,NTUC FairPrice,googlepay,2026-08-05T21:30:15Z
txn_8535675fb5c2,acc_00280,214.55,SGD,completed,Watsons,card,2026-08-05T21:30:24Z
txn_42b78339a360,acc_00067,163.37,SGD,completed,Lazada,paynow,2026-08-05T21:30:28Z
txn_af060ca65fc9,acc_00476,418.53,MYR,denied,Lazada,grabpay,2026-08-05T21:30:49Z
txn_017588b3e11a,acc_00278,687.28,SGD,denied,7-Eleven,grabpay,2026-08-05T21:30:58Z
txn_e168d5ecc6d4,acc_00071,193.14,SGD,pending,Grab,googlepay,2026-08-05T21:31:02Z
txn_3bbc9ef92297,acc_00438,142.79,SGD,pending,Cold Storage,applepay,2026-08-05T21:31:09Z
txn_552da34c2c40,acc_00249,703.97,SGD,completed,NTUC FairPrice,grabpay,2026-08-05T21:31:50Z
txn_c4f0b66d773f,acc_00060,66.52,SGD,completed,NTUC FairPrice,paynow,2026-08-05T21:31:57Z
txn_406d774f4ed8,acc_00165,139.19,SGD,pending,Shopee,card,2026-08-05T21:32:00Z
txn_947ec2bbce68,acc_00200,593.95,SGD,pending,Shopee,paynow,2026-08-05T21:32:19Z
txn_a834dc04ba14,acc_00039,384.35,SGD,denied,Grab,applepay,2026-08-05T21:32:32Z
txn_ee80778ef865,acc_00295,610.41,SGD,pending,Lazada,card,2026-08-05T21:33:27Z
txn_31f521731ece,acc_00140,188.21,SGD,completed,Guardian,paynow,2026-08-05T21:33:29Z
txn_b34d5b6b9fb0,acc_00374,590.12,SGD,pending,Starbucks,paynow,2026-08-05T21:33:30Z
txn_241f4bebab60,acc_00356,214.45,SGD,denied,McDonald's,card,2026-08-05T21:33:36Z
txn_5a294b492dfd,acc_00133,106.33,SGD,completed,Grab,grabpay,2026-08-05T21:33:40Z
txn_c19a55f65eec,acc_00280,530.02,SGD,completed,Guardian,card,2026-08-05T21:34:02Z
txn_b2bfae85094e,acc_00383,226.73,SGD,completed,Starbucks,applepay,2026-08-05T21:34:05Z
txn_da1841773212,acc_00467,6.91,SGD,pending,Grab,paynow,2026-08-05T21:36:29Z
txn_b1e0fc19a87d,acc_00371,689.94,SGD,completed,Shopee,card,2026-08-05T21:36:38Z
txn_26d5e06b53ca,acc_00439,510.11,SGD,completed,Shopee,googlepay,2026-08-05T21:36:43Z
txn_a6ad22d280e0,acc_00421,307.54,SGD,pending,Guardian,googlepay,2026-08-05T21:37:00Z
txn_ae5e1cc47e67,acc_00191,51.04,SGD,denied,Grab,applepay,2026-08-05T21:37:27Z
txn_01444d6724db,acc_00084,720.80,SGD,completed,Grab,card,2026-08-05T21:37:36Z
txn_710f04329b34,acc_00052,612.06,SGD,completed,Watsons,applepay,2026-08-05T21:37:52Z
txn_61e95472c557,acc_00242,438.82,SGD,completed,Shopee,googlepay,2026-08-05T21:38:42Z
txn_95af1d1e7ed1,acc_00376,777.73,SGD,pending,7-Eleven,googlepay,2026-08-05T21:39:35Z
txn_74ba51d310ac,acc_00056,376.71,SGD,completed,Cold Storage,googlepay,2026-08-05T21:39:43Z
txn_4029950a90b8,acc_00081,53.55,SGD,completed,Shopee,card,2026-08-05T21:39:52Z
txn_33ab7572f37f,acc_00235,14.67,SGD,completed,7-Eleven,googlepay,2026-08-05T21:41:25Z
txn_f8b857cf26f0,acc_00360,495.43,SGD,denied,Lazada,paynow,2026-08-05T21:41:34Z
txn_b8c4a8907f73,acc_00005,94.64,SGD,pending,McDonald's,googlepay,2026-08-05T21:41:37Z
txn_19223a22b8f1,acc_00012,575.45,MYR,completed,Grab,applepay,2026-08-05T21:41:45Z
txn_87f422fd55e0,acc_00090,397.52,SGD,completed,7-Eleven,paynow,2026-08-05T21:41:45Z
txn_31cf7654f0b7,acc_00372,814.64,SGD,completed,Lazada,applepay,2026-08-05T21:42:33Z
txn_6e38f1ee02dd,acc_00007,526.53,SGD,completed,Guardian,applepay,2026-08-05T21:42:48Z
txn_30b9532ef108,acc_00170,421.03,SGD,completed,Shopee,grabpay,2026-08-05T21:43:54Z
txn_fbd93acd9506,acc_00170,607.23,SGD,denied,Cold Storage,card,2026-08-05T21:43:58Z
txn_e6529b4b31b1,acc_00209,95.20,SGD,completed,Watsons,card,2026-08-05T21:44:00Z
txn_459930552943,acc_00389,216.43,SGD,completed,Shopee,googlepay,2026-08-05T21:44:19Z
txn_88f833116bd2,acc_00257,14.75,SGD,completed,7-Eleven,applepay,2026-08-05T21:44:21Z
txn_a2cd893b845e,acc_00258,291.14,SGD,completed,NTUC FairPrice,grabpay,2026-08-05T21:44:25Z
txn_b812542853bb,acc_00187,256.49,SGD,pending,Guardian,googlepay,2026-08-05T21:44:37Z
txn_d68d38297400,acc_00371,347.43,SGD,denied,Watsons,grabpay,2026-08-05T21:45:11Z
txn_2dd752895f55,acc_00216,319.24,SGD,completed,Shopee,card,2026-08-05T21:45:33Z
txn_366bd4ba6294,acc_00034,859.36,SGD,denied,Cold Storage,card,2026-08-05T21:45:46Z
txn_af89d2b417c0,acc_00349,254.93,MYR,completed,Starbucks,googlepay,2026-08-05T21:45:48Z
txn_32e3678b3bbf,acc_00092,359.68,SGD,completed,Grab,card,2026-08-05T21:46:17Z
txn_b58744ba4c54,acc_00298,469.30,SGD,completed,Lazada,paynow,2026-08-05T21:46:38Z
txn_5ffa9c12511d,acc_00301,874.52,MYR,completed,7-Eleven,paynow,2026-08-05T21:46:44Z
txn_02569a5dc6ef,acc_00073,88.64,SGD,denied,Shopee,card,2026-08-05T21:47:12Z
txn_535c51298cbd,acc_00091,578.06,SGD,pending,Guardian,applepay,2026-08-05T21:47:51Z
txn_ce2e8a8fd299,acc_00430,488.66,SGD,denied,Grab,grabpay,2026-08-05T21:47:58Z
txn_96c37ef106cd,acc_00328,842.84,SGD,completed,Shopee,card,2026-08-05T21:48:00Z
txn_1dd246d6fae5,acc_00149,108.10,SGD,pending,Watsons,card,2026-08-05T21:48:05Z
txn_192ba8fa543a,acc_00397,510.10,SGD,pending,NTUC FairPrice,applepay,2026-08-05T21:48:07Z
txn_3f640228cf24,acc_00103,845.68,SGD,completed,McDonald's,card,2026-08-05T21:48:42Z
txn_a9edef4533ea,acc_00276,643.08,SGD,completed,Grab,paynow,2026-08-05T21:48:45Z
txn_0adb0c60472c,acc_00065,92.26,MYR,completed,7-Eleven,grabpay,2026-08-05T21:49:36Z
txn_7c2020e8a9d4,acc_00436,592.05,SGD,completed,Lazada,card,2026-08-05T21:49:39Z
txn_0b6f412cfc05,acc_00126,596.89,SGD,completed,Lazada,applepay,2026-08-05T21:49:39Z
txn_d63d42834396,acc_00188,237.37,SGD,completed,Lazada,applepay,2026-08-05T21:49:50Z
txn_a864894ce582,acc_00243,114.81,SGD,pending,7-Eleven,applepay,2026-08-05T21:49:56Z
txn_3a2aedd9e34f,acc_00110,898.83,SGD,denied,Lazada,grabpay,2026-08-05T21:50:02Z
txn_cfb5f9cd3534,acc_00457,171.77,SGD,pending,McDonald's,card,2026-08-05T21:50:14Z
txn_4b4aa3e75918,acc_00039,378.50,SGD,pending,Guardian,card,2026-08-05T21:50:22Z
txn_d08cf24c6680,acc_00053,641.99,MYR,completed,Cold Storage,card,2026-08-05T21:50:25Z
txn_000925b19807,acc_00300,890.66,SGD,pending,Grab,card,2026-08-05T21:50:44Z
txn_79ebd8c4b605,acc_00276,509.89,SGD,pending,Lazada,applepay,2026-08-05T21:51:13Z
txn_d6dd291059d9,acc_00417,809.79,SGD,completed,Watsons,grabpay,2026-08-05T21:51:15Z
txn_f251ea021808,acc_00158,101.77,SGD,completed,Lazada,applepay,2026-08-05T21:51:29Z
txn_f50e81882900,acc_00360,767.01,SGD,pending,Guardian,applepay,2026-08-05T21:51:34Z
txn_e53221812d1c,acc_00380,337.14,SGD,completed,Starbucks,grabpay,2026-08-05T21:51:35Z
txn_7b12d8e07193,acc_00216,77.12,SGD,completed,Lazada,googlepay,2026-08-05T21:52:37Z
txn_7af947f39117,acc_00112,671.77,SGD,pending,Watsons,paynow,2026-08-05T21:52:46Z
txn_4f991c72d7f1,acc_00448,864.24,SGD,completed,Lazada,grabpay,2026-08-05T21:52:46Z
txn_47f84609f557,acc_00436,688.30,SGD,denied,Guardian,applepay,2026-08-05T21:53:05Z
txn_5e58678d45fa,acc_00302,594.37,SGD,pending,McDonald's,card,2026-08-05T21:53:22Z
txn_508800c1812e,acc_00432,191.88,MYR,pending,Grab,grabpay,2026-08-05T21:54:05Z
txn_6cfe967a216f,acc_00388,892.79,SGD,pending,Guardian,grabpay,2026-08-05T21:54:06Z
txn_55344ce8206f,acc_00423,428.04,SGD,completed,Shopee,googlepay,2026-08-05T21:54:38Z
txn_e2129edba91d,acc_00330,254.52,SGD,completed,Shopee,grabpay,2026-08-05T21:55:08Z
txn_ebd2b2f2c537,acc_00149,636.19,SGD,pending,Cold Storage,applepay,2026-08-05T21:55:21Z
txn_a5d02c8bca15,acc_00411,580.16,SGD,completed,Grab,googlepay,2026-08-05T21:55:43Z
txn_296a5392b09e,acc_00045,617.68,SGD,completed,NTUC FairPrice,googlepay,2026-08-05T21:56:18Z
txn_a9b82f16cd35,acc_00423,479.73,SGD,completed,Grab,applepay,2026-08-05T21:56:45Z
txn_5e3143bfabff,acc_00371,746.88,SGD,completed,Starbucks,googlepay,2026-08-05T21:57:06Z
txn_88bdb7af09a2,acc_00194,550.21,MYR,denied,Shopee,googlepay,2026-08-05T21:57:42Z
txn_b13722e7340b,acc_00458,30.22,MYR,pending,McDonald's,paynow,2026-08-05T21:57:49Z
txn_d63a65c73977,acc_00454,488.17,SGD,completed,McDonald's,grabpay,2026-08-05T21:57:59Z
txn_72e5df98f310,acc_00047,353.25,SGD,completed,7-Eleven,googlepay,2026-08-05T21:58:09Z
txn_e33620abc67d,acc_00270,387.10,SGD,completed,NTUC FairPrice,card,2026-08-05T21:58:17Z
txn_0c0d49708110,acc_00406,807.27,MYR,completed,Starbucks,googlepay,2026-08-05T21:58:19Z
txn_81351b5ac707,acc_00319,839.78,SGD,denied,Lazada,card,2026-08-05T21:58:22Z
txn_5db595e98bbf,acc_00150,309.64,SGD,completed,Starbucks,card,2026-08-05T21:58:38Z
txn_b2f7d14123db,acc_00320,619.77,SGD,completed,NTUC FairPrice,paynow,2026-08-05T21:59:00Z
txn_f1fb37f11672,acc_00385,893.18,SGD,completed,McDonald's,googlepay,2026-08-05T21:59:10Z
txn_51f78b5448e4,acc_00228,890.76,SGD,pending,Watsons,card,2026-08-05T21:59:28Z
txn_9d5eb69e2d45,acc_00079,516.39,SGD,completed,Grab,grabpay,2026-08-05T21:59:29Z
txn_3ac5973e3d6a,acc_00495,826.50,SGD,completed,Shopee,card,2026-08-05T21:59:34Z
txn_b467ee0735ac,acc_00330,221.06,SGD,denied,Lazada,applepay,2026-08-05T21:59:53Z
txn_e45d1a259490,acc_00348,344.13,MYR,completed,Cold Storage,card,2026-08-05T22:00:04Z
txn_168fbcbe694b,acc_00193,543.67,SGD,pending,McDonald's,grabpay,2026-08-05T22:00:16Z
txn_c6f6a5179ae8,acc_00458,826.92,SGD,pending,Lazada,grabpay,2026-08-05T22:00:20Z
txn_8d5b160d342c,acc_00458,752.32,MYR,completed,Grab,card,2026-08-05T22:00:57Z
txn_fbbaeceafd50,acc_00352,25.91,SGD,pending,Shopee,googlepay,2026-08-05T22:01:00Z
txn_6e34bf4657c4,acc_00288,133.64,SGD,completed,McDonald's,grabpay,2026-08-05T22:01:08Z
txn_9a18290f2d93,acc_00456,98.56,SGD,completed,Cold Storage,grabpay,2026-08-05T22:01:16Z
txn_4906b1b3d4fe,acc_00370,633.87,SGD,completed,NTUC FairPrice,googlepay,2026-08-05T22:01:21Z
txn_8d4b2d46ec68,acc_00376,244.28,SGD,completed,Guardian,googlepay,2026-08-05T22:01:31Z
txn_289538495a62,acc_00041,243.01,SGD,completed,Cold Storage,card,2026-08-05T22:01:40Z
txn_db3680edef17,acc_00432,569.31,SGD,completed,Guardian,applepay,2026-08-05T22:01:45Z
txn_3a3d5acbdbcb,acc_00461,50.45,SGD,pending,NTUC FairPrice,googlepay,2026-08-05T22:01:54Z
txn_41f88966023b,acc_00182,282.30,SGD,completed,Watsons,card,2026-08-05T22:02:28Z
txn_e6c15f89f47a,acc_00196,895.17,SGD,completed,McDonald's,googlepay,2026-08-05T22:02:34Z
txn_b4dcf73bb2ed,acc_00245,33.47,SGD,completed,Shopee,grabpay,2026-08-05T22:02:35Z
txn_f03e508964d5,acc_00165,563.84,SGD,pending,Lazada,applepay,2026-08-05T22:02:38Z
txn_cc70a434b82f,acc_00276,283.56,SGD,denied,Guardian,googlepay,2026-08-05T22:02:38Z
txn_5328b08bc645,acc_00249,825.79,SGD,completed,Cold Storage,applepay,2026-08-05T22:02:39Z
txn_35f86c0ca2e2,acc_00431,30.48,SGD,denied,Shopee,googlepay,2026-08-05T22:03:08Z
txn_e9156593d0fe,acc_00294,280.45,SGD,completed,Starbucks,applepay,2026-08-05T22:03:11Z
txn_9c96cfc1b7c4,acc_00143,425.26,SGD,denied,Lazada,grabpay,2026-08-05T22:03:49Z
txn_b7bbffc0ebf6,acc_00023,284.42,MYR,completed,Cold Storage,paynow,2026-08-05T22:04:05Z
txn_b4d14b428a2e,acc_00355,521.75,SGD,completed,Starbucks,googlepay,2026-08-05T22:04:10Z
txn_c842231fb6ee,acc_00218,156.99,SGD,completed,7-Eleven,grabpay,2026-08-05T22:04:26Z
txn_677ace1b15fa,acc_00311,767.52,SGD,denied,Grab,applepay,2026-08-05T22:04:53Z
txn_388ae1d86653,acc_00338,429.06,SGD,completed,Cold Storage,googlepay,2026-08-05T22:05:07Z
txn_2f6c3cb4f908,acc_00081,397.04,SGD,pending,Lazada,grabpay,2026-08-05T22:05:16Z
txn_91b9355bf9c2,acc_00390,69.82,SGD,completed,McDonald's,applepay,2026-08-05T22:05:27Z
txn_1ae84579abfe,acc_00325,325.78,SGD,completed,McDonald's,paynow,2026-08-05T22:05:29Z
txn_736ebbd9a9de,acc_00169,86.96,SGD,completed,Watsons,card,2026-08-05T22:05:31Z
txn_42e3018bb049,acc_00126,747.14,MYR,pending,Grab,googlepay,2026-08-05T22:05:41Z
txn_2325d86da522,acc_00449,210.54,SGD,completed,NTUC FairPrice,googlepay,2026-08-05T22:05:47Z
txn_20e58a2af33a,acc_00434,272.14,SGD,completed,McDonald's,applepay,2026-08-05T22:05:59Z
txn_a81da68bb866,acc_00283,878.56,SGD,denied,Shopee,applepay,2026-08-05T22:06:18Z
txn_5489715ab90f,acc_00225,676.27,SGD,denied,Starbucks,applepay,2026-08-05T22:06:29Z
txn_59811b1925ce,acc_00327,46.33,SGD,completed,Shopee,googlepay,2026-08-05T22:07:37Z
txn_125afe60a7a5,acc_00332,255.63,SGD,completed,Shopee,applepay,2026-08-05T22:07:48Z
txn_1ca0997fde43,acc_00023,47.69,MYR,denied,Lazada,applepay,2026-08-05T22:08:02Z
txn_01f7e60e6323,acc_00207,851.58,SGD,completed,7-Eleven,googlepay,2026-08-05T22:08:03Z
txn_7c2d958261f7,acc_00127,231.19,SGD,completed,Watsons,grabpay,2026-08-05T22:08:12Z
txn_e550f982f90b,acc_00350,795.40,SGD,pending,Cold Storage,applepay,2026-08-05T22:08:27Z
txn_718fe493c2e0,acc_00066,633.95,SGD,completed,Shopee,card,2026-08-05T22:08:46Z
txn_c2ffc3114ffd,acc_00352,99.39,SGD,completed,Grab,grabpay,2026-08-05T22:08:50Z
txn_77e3745352bf,acc_00374,241.80,SGD,pending,NTUC FairPrice,grabpay,2026-08-05T22:09:21Z
txn_63a455483149,acc_00124,641.50,SGD,completed,7-Eleven,googlepay,2026-08-05T22:09:51Z
txn_23ce4268080d,acc_00126,79.88,SGD,completed,McDonald's,googlepay,2026-08-05T22:10:00Z
txn_a206e128fc67,acc_00048,512.89,SGD,completed,Watsons,paynow,2026-08-05T22:10:00Z
txn_c0efaa981871,acc_00274,695.87,SGD,completed,Starbucks,googlepay,2026-08-05T22:10:17Z
txn_018c0164eb58,acc_00162,839.35,SGD,completed,Shopee,card,2026-08-05T22:10:21Z
txn_a16c99a05c5a,acc_00419,294.06,SGD,denied,Guardian,googlepay,2026-08-05T22:10:48Z
txn_8a045bf74ff7,acc_00235,38.97,SGD,completed,NTUC FairPrice,paynow,2026-08-05T22:11:09Z
txn_763cd1aab7f0,acc_00079,500.82,SGD,completed,7-Eleven,applepay,2026-08-05T22:11:14Z
txn_4f027463287d,acc_00207,693.27,SGD,completed,NTUC FairPrice,googlepay,2026-08-05T22:11:15Z
txn_03ab348d96e1,acc_00242,527.61,SGD,pending,Shopee,paynow,2026-08-05T22:11:19Z
txn_0e551ffb13ed,acc_00485,367.91,SGD,denied,7-Eleven,card,2026-08-05T22:11:40Z
txn_7d58090e2803,acc_00132,800.06,SGD,completed,7-Eleven,card,2026-08-05T22:11:40Z
txn_8c9a3a55fc53,acc_00049,223.46,SGD,completed,Lazada,applepay,2026-08-05T22:11:42Z
txn_4e92962d5445,acc_00252,23.89,SGD,completed,Watsons,applepay,2026-08-05T22:11:49Z
txn_e7362ebfa90b,acc_00349,151.16,MYR,completed,Shopee,googlepay,2026-08-05T22:11:50Z
txn_0825110ea325,acc_00143,530.44,SGD,completed,NTUC FairPrice,grabpay,2026-08-05T22:12:00Z
txn_0ef711a7066f,acc_00273,144.50,SGD,completed,Guardian,applepay,2026-08-05T22:12:38Z
txn_cc126766be6a,acc_00236,821.12,SGD,denied,7-Eleven,grabpay,2026-08-05T22:12:43Z
txn_d0a6e5cc41c9,acc_00346,212.35,SGD,denied,Watsons,grabpay,2026-08-05T22:12:44Z
txn_b15c26e68265,acc_00394,213.55,SGD,completed,Watsons,card,2026-08-05T22:13:48Z
txn_350de8e02ff7,acc_00378,823.18,SGD,denied,Starbucks,grabpay,2026-08-05T22:14:11Z
txn_b528b6c2bacc,acc_00294,788.36,SGD,completed,Grab,googlepay,2026-08-05T22:14:12Z
txn_52ef65249220,acc_00378,305.05,SGD,denied,Lazada,paynow,2026-08-05T22:14:39Z
txn_1520f03cf9d6,acc_00357,858.11,SGD,denied,Starbucks,paynow,2026-08-05T22:16:08Z
txn_68d890e8ed06,acc_00185,499.73,SGD,pending,Watsons,paynow,2026-08-05T22:16:49Z
txn_1819edb2a244,acc_00481,159.16,SGD,denied,Shopee,applepay,2026-08-05T22:17:02Z
txn_66aa3b013556,acc_00195,198.32,MYR,denied,7-Eleven,applepay,2026-08-05T22:17:40Z
txn_c4e4315eb4dc,acc_00133,395.02,MYR,denied,Starbucks,applepay,2026-08-05T22:18:15Z
txn_9c1a35ac9dd3,acc_00208,436.63,SGD,completed,Watsons,grabpay,2026-08-05T22:18:35Z
txn_483f0b29971d,acc_00460,35.44,SGD,completed,7-Eleven,grabpay,2026-08-05T22:18:35Z
txn_6776933b39cc,acc_00132,554.24,SGD,completed,Grab,googlepay,2026-08-05T22:18:50Z
txn_33f6cc962022,acc_00323,470.17,SGD,pending,Starbucks,grabpay,2026-08-05T22:18:57Z
txn_99c3385c1102,acc_00079,743.27,SGD,denied,Guardian,googlepay,2026-08-05T22:19:02Z
txn_df6057f53d99,acc_00378,84.26,SGD,completed,Cold Storage,applepay,2026-08-05T22:19:10Z
txn_10b5899299ed,acc_00092,44.64,SGD,pending,Cold Storage,googlepay,2026-08-05T22:19:58Z
txn_4778d91e486d,acc_00354,151.52,SGD,completed,Cold Storage,googlepay,2026-08-05T22:20:18Z
txn_23ce2bde6425,acc_00278,569.87,MYR,pending,7-Eleven,grabpay,2026-08-05T22:20:32Z
txn_73d05bcc2c44,acc_00175,530.54,SGD,completed,Grab,card,2026-08-05T22:20:38Z
txn_ec8939b399a6,acc_00069,714.60,SGD,completed,Lazada,grabpay,2026-08-05T22:20:41Z
txn_d1fd1d0f32b3,acc_00011,462.04,SGD,pending,Starbucks,googlepay,2026-08-05T22:20:49Z
txn_2054b30186ec,acc_00028,641.61,SGD,denied,Grab,card,2026-08-05T22:20:58Z
txn_263cc530189e,acc_00007,245.69,SGD,completed,NTUC FairPrice,grabpay,2026-08-05T22:20:58Z
txn_c4c7adc2b344,acc_00138,507.84,SGD,completed,Starbucks,grabpay,2026-08-05T22:21:00Z
txn_f60757ac1a0d,acc_00365,444.24,MYR,completed,7-Eleven,card,2026-08-05T22:21:03Z
txn_c39c34406c21,acc_00262,83.77,SGD,denied,NTUC FairPrice,paynow,2026-08-05T22:21:22Z
txn_bff5ea4684f9,acc_00216,370.75,SGD,denied,Cold Storage,card,2026-08-05T22:21:58Z
txn_61ef6ed75785,acc_00286,326.95,SGD,pending,NTUC FairPrice,grabpay,2026-08-05T22:22:05Z
txn_ff3d7d7ab87b,acc_00452,471.96,SGD,completed,NTUC FairPrice,googlepay,2026-08-05T22:22:18Z
txn_89544315a2b1,acc_00486,840.91,MYR,completed,Lazada,googlepay,2026-08-05T22:22:26Z
txn_46d9daf641ca,acc_00264,518.60,SGD,completed,Starbucks,card,2026-08-05T22:23:04Z
txn_e545ff6b4756,acc_00086,621.56,SGD,pending,NTUC FairPrice,grabpay,2026-08-05T22:23:09Z
txn_6906c672ae29,acc_00496,526.71,SGD,completed,Grab,applepay,2026-08-05T22:23:14Z
txn_0e41ec8bb2ff,acc_00151,352.40,SGD,denied,Cold Storage,googlepay,2026-08-05T22:23:38Z
txn_2d100f8050a7,acc_00409,494.78,SGD,pending,Grab,card,2026-08-05T22:23:47Z
txn_dee0fa74f953,acc_00147,825.85,SGD,completed,McDonald's,applepay,2026-08-05T22:24:14Z
txn_1b39f4a8cf84,acc_00439,437.46,SGD,completed,Shopee,grabpay,2026-08-05T22:24:17Z
txn_1a9faa4a87e3,acc_00231,225.00,SGD,completed,Cold Storage,applepay,2026-08-05T22:24:18Z
txn_1d54da4878a7,acc_00422,894.14,SGD,completed,Guardian,grabpay,2026-08-05T22:24:26Z
txn_1c9f43dea217,acc_00428,532.95,SGD,completed,McDonald's,googlepay,2026-08-05T22:24:51Z
txn_697b689cc07c,acc_00301,668.68,SGD,pending,Grab,applepay,2026-08-05T22:24:54Z
txn_82ef9d73465c,acc_00016,44.35,SGD,completed,Watsons,grabpay,2026-08-05T22:24:59Z
txn_8346ae6376ee,acc_00043,116.32,SGD,completed,Cold Storage,paynow,2026-08-05T22:25:13Z
txn_b97a008d4d22,acc_00368,494.37,SGD,completed,Grab,grabpay,2026-08-05T22:25:29Z
txn_b07658f26b14,acc_00280,68.85,SGD,denied,Starbucks,grabpay,2026-08-05T22:25:46Z
txn_d8f653821256,acc_00177,535.50,SGD,completed,Shopee,grabpay,2026-08-05T22:26:09Z
txn_cbe4e60f3a5e,acc_00351,898.15,SGD,completed,Starbucks,card,2026-08-05T22:26:17Z
txn_876e088e99fc,acc_00045,385.25,SGD,denied,Guardian,applepay,2026-08-05T22:26:21Z
txn_d5585d409153,acc_00173,84.16,SGD,completed,Watsons,googlepay,2026-08-05T22:26:28Z
txn_c1d8784be8ed,acc_00020,248.29,SGD,completed,Starbucks,card,2026-08-05T22:26:41Z
txn_10db85710277,acc_00422,11.41,MYR,completed,Grab,googlepay,2026-08-05T22:26:47Z
txn_1b32c68f37f5,acc_00444,153.17,SGD,completed,Grab,applepay,2026-08-05T22:26:49Z
txn_887e5aff5d2d,acc_00321,553.05,SGD,completed,7-Eleven,googlepay,2026-08-05T22:26:58Z
txn_56630d560758,acc_00401,71.54,SGD,completed,McDonald's,googlepay,2026-08-05T22:27:08Z
txn_b9a1c667f325,acc_00024,703.15,SGD,pending,Shopee,grabpay,2026-08-05T22:27:30Z
txn_51717184877e,acc_00364,690.42,SGD,completed,Lazada,paynow,2026-08-05T22:27:43Z
txn_20469b509b25,acc_00399,171.17,SGD,completed,NTUC FairPrice,googlepay,2026-08-05T22:27:44Z
txn_1a13be8bcfc6,acc_00373,212.64,SGD,completed,NTUC FairPrice,grabpay,2026-08-05T22:28:16Z
txn_a0394c0ea931,acc_00313,354.80,SGD,completed,7-Eleven,applepay,2026-08-05T22:28:38Z
txn_8312216adcbb,acc_00193,852.59,SGD,pending,Guardian,googlepay,2026-08-05T22:28:44Z
txn_69ae05a223e3,acc_00405,345.71,SGD,denied,Lazada,paynow,2026-08-05T22:29:04Z
txn_b50ac6a95443,acc_00391,37.49,MYR,completed,Cold Storage,grabpay,2026-08-05T22:29:04Z
txn_564e1a99adbe,acc_00139,561.45,SGD,pending,Grab,googlepay,2026-08-05T22:29:22Z
txn_4988d08d8b98,acc_00422,729.45,SGD,pending,Lazada,paynow,2026-08-05T22:29:27Z
txn_4e397813b6be,acc_00292,355.77,SGD,denied,NTUC FairPrice,applepay,2026-08-05T22:29:29Z
txn_78505928ed2a,acc_00415,338.38,SGD,completed,NTUC FairPrice,card,2026-08-05T22:30:27Z
txn_617b0c218bbe,acc_00252,14.14,SGD,completed,7-Eleven,grabpay,2026-08-05T22:31:05Z
txn_dd39115053d1,acc_00278,293.22,SGD,denied,Guardian,grabpay,2026-08-05T22:31:22Z
txn_69617394cf93,acc_00482,339.44,SGD,denied,Starbucks,card,2026-08-05T22:31:23Z
txn_2e982008a8b1,acc_00437,467.18,MYR,denied,Cold Storage,applepay,2026-08-05T22:31:27Z
txn_fb79aeda575f,acc_00300,441.58,SGD,denied,Shopee,grabpay,2026-08-05T22:31:33Z
txn_26ef208c930e,acc_00419,173.41,SGD,completed,Grab,googlepay,2026-08-05T22:32:14Z
txn_2e35cb21f8bf,acc_00119,502.88,SGD,completed,Shopee,googlepay,2026-08-05T22:33:09Z
txn_4aef21eddfb7,acc_00085,169.59,SGD,completed,Cold Storage,paynow,2026-08-05T22:33:44Z
txn_241fb0edb7da,acc_00233,3.15,SGD,pending,Shopee,card,2026-08-05T22:33:49Z
txn_1efb34d64b05,acc_00400,150.78,SGD,completed,Starbucks,grabpay,2026-08-05T22:34:13Z
txn_d6dbad391bef,acc_00220,548.74,SGD,denied,Cold Storage,googlepay,2026-08-05T22:35:22Z
txn_cc1d18d3184b,acc_00286,527.70,SGD,completed,Grab,paynow,2026-08-05T22:35:38Z
txn_2e4c7607489b,acc_00121,888.72,SGD,denied,Cold Storage,googlepay,2026-08-05T22:36:04Z
txn_6ccb46035aef,acc_00122,719.42,SGD,completed,NTUC FairPrice,card,2026-08-05T22:36:05Z
txn_0d8607508440,acc_00185,727.36,SGD,pending,McDonald's,grabpay,2026-08-05T22:36:13Z
txn_1ed42ee65697,acc_00249,70.24,SGD,completed,Watsons,card,2026-08-05T22:36:30Z
txn_8f4162c65d54,acc_00350,351.68,SGD,completed,NTUC FairPrice,applepay,2026-08-05T22:36:33Z
txn_4ad5234dc755,acc_00054,727.02,SGD,completed,Shopee,paynow,2026-08-05T22:36:45Z
txn_52c8f12fe3cc,acc_00005,105.46,SGD,pending,Lazada,googlepay,2026-08-05T22:36:52Z
txn_1146adb697d8,acc_00249,564.67,SGD,pending,Watsons,paynow,2026-08-05T22:36:59Z
txn_bb9db64573a8,acc_00087,112.30,SGD,pending,NTUC FairPrice,card,2026-08-05T22:37:32Z
txn_0f26a5a28807,acc_00279,792.99,MYR,completed,Guardian,card,2026-08-05T22:37:59Z
txn_5c4b318d2a00,acc_00469,833.56,SGD,pending,Guardian,googlepay,2026-08-05T22:39:30Z
txn_11f4a4c50c04,acc_00166,807.75,SGD,denied,Shopee,googlepay,2026-08-05T22:40:12Z
txn_154d385b87b2,acc_00358,183.47,MYR,pending,Watsons,googlepay,2026-08-05T22:40:44Z
txn_87137b77de54,acc_00289,822.99,SGD,completed,Starbucks,grabpay,2026-08-05T22:40:45Z
txn_c178084bb3b4,acc_00365,586.35,SGD,pending,Cold Storage,googlepay,2026-08-05T22:41:15Z
txn_2468dda70684,acc_00113,747.74,MYR,completed,Guardian,paynow,2026-08-05T22:41:25Z
txn_08928a746118,acc_00104,669.86,SGD,completed,Grab,grabpay,2026-08-05T22:41:28Z
txn_98c4c4c8356b,acc_00219,548.93,SGD,completed,Watsons,googlepay,2026-08-05T22:41:29Z
txn_3e037b829901,acc_00044,125.65,SGD,pending,Guardian,applepay,2026-08-05T22:41:30Z
txn_e646ca036143,acc_00295,585.21,SGD,pending,NTUC FairPrice,card,2026-08-05T22:41:34Z
txn_89c0797fd746,acc_00330,275.09,SGD,denied,McDonald's,grabpay,2026-08-05T22:41:54Z
txn_fad6eec6cecb,acc_00419,635.05,SGD,completed,NTUC FairPrice,card,2026-08-05T22:41:57Z
txn_d325cd7dfffd,acc_00013,678.34,SGD,denied,Starbucks,applepay,2026-08-05T22:42:07Z
txn_95123bdecb22,acc_00456,19.91,SGD,completed,Starbucks,paynow,2026-08-05T22:42:17Z
txn_5245482ac5c2,acc_00475,617.75,SGD,completed,Watsons,grabpay,2026-08-05T22:42:42Z
txn_bb0e673eeb02,acc_00375,478.98,SGD,pending,Cold Storage,card,2026-08-05T22:42:48Z
txn_06b94a871a5b,acc_00070,45.65,SGD,completed,Starbucks,grabpay,2026-08-05T22:43:15Z
txn_6dd5321c1930,acc_00161,184.26,SGD,completed,Watsons,googlepay,2026-08-05T22:43:50Z
txn_1c6de81a0d7f,acc_00235,289.44,SGD,completed,Lazada,card,2026-08-05T22:44:09Z
txn_e160a3358796,acc_00146,739.12,SGD,denied,Cold Storage,grabpay,2026-08-05T22:44:14Z
txn_a99e4ff604f7,acc_00213,462.46,SGD,completed,Watsons,paynow,2026-08-05T22:44:37Z
txn_d189ab88c9bf,acc_00119,386.52,SGD,pending,McDonald's,googlepay,2026-08-05T22:45:10Z
txn_dca1dc4cc18e,acc_00362,256.24,SGD,completed,Lazada,grabpay,2026-08-05T22:45:27Z
txn_62a6267a8c01,acc_00303,42.99,SGD,completed,Guardian,card,2026-08-05T22:45:40Z
txn_148c173a452e,acc_00200,746.00,SGD,completed,Grab,applepay,2026-08-05T22:46:02Z
txn_9a1501a923eb,acc_00484,67.94,MYR,denied,McDonald's,card,2026-08-05T22:46:05Z
txn_bcb75df46ccf,acc_00306,125.63,SGD,denied,Grab,applepay,2026-08-05T22:46:11Z
txn_ffd5b7285405,acc_00485,22.99,MYR,completed,Shopee,googlepay,2026-08-05T22:46:24Z
txn_5604059359b8,acc_00278,136.18,MYR,completed,Watsons,grabpay,2026-08-05T22:47:36Z
txn_9d0e9aebcd72,acc_00378,726.76,MYR,completed,Shopee,googlepay,2026-08-05T22:47:47Z
txn_732ca787b7ea,acc_00498,16.54,MYR,completed,Starbucks,grabpay,2026-08-05T22:48:01Z
txn_eeb262f8679f,acc_00404,205.76,SGD,denied,Shopee,applepay,2026-08-05T22:48:48Z
txn_2c258dbd8808,acc_00384,166.50,SGD,completed,Starbucks,applepay,2026-08-05T22:49:20Z
txn_70d86c04e82d,acc_00449,246.71,SGD,pending,Cold Storage,card,2026-08-05T22:49:28Z
txn_cd3a7f81f037,acc_00442,567.50,SGD,denied,McDonald's,applepay,2026-08-05T22:49:39Z
txn_eda8e05d8278,acc_00381,569.88,SGD,denied,Cold Storage,card,2026-08-05T22:49:56Z
txn_e7b1ee285ec3,acc_00045,29.09,SGD,completed,Shopee,googlepay,2026-08-05T22:50:01Z
txn_92bae702a874,acc_00058,628.12,SGD,completed,Lazada,googlepay,2026-08-05T22:50:18Z
txn_58e50380e619,acc_00440,893.82,SGD,completed,Cold Storage,googlepay,2026-08-05T22:50:32Z
txn_8aceec028230,acc_00395,236.28,SGD,completed,Grab,paynow,2026-08-05T22:50:39Z
txn_a6d835d6fe9f,acc_00029,34.73,SGD,completed,Cold Storage,googlepay,2026-08-05T22:51:12Z
txn_ebd20e701b1f,acc_00409,4.88,MYR,completed,Starbucks,googlepay,2026-08-05T22:51:23Z
txn_6768d835980b,acc_00107,897.31,MYR,completed,Shopee,googlepay,2026-08-05T22:51:25Z
txn_42ea3988291e,acc_00289,10.11,SGD,pending,7-Eleven,paynow,2026-08-05T22:52:03Z
txn_664a38aed8a1,acc_00064,875.86,SGD,completed,Watsons,grabpay,2026-08-05T22:53:17Z
txn_e5b2e13eb569,acc_00480,301.64,SGD,completed,NTUC FairPrice,applepay,2026-08-05T22:53:56Z
txn_906468be3036,acc_00266,508.56,SGD,completed,Grab,googlepay,2026-08-05T22:54:08Z
txn_d6a90805ed20,acc_00417,476.85,SGD,completed,Guardian,card,2026-08-05T22:54:19Z
txn_e6dd54f1e965,acc_00425,740.52,SGD,completed,Starbucks,googlepay,2026-08-05T22:54:39Z
txn_832975b56174,acc_00427,541.17,SGD,completed,Watsons,card,2026-08-05T22:54:50Z
txn_1488f3fba50e,acc_00125,41.22,MYR,denied,Shopee,paynow,2026-08-05T22:55:15Z
txn_8aa8de4c4d81,acc_00499,418.51,SGD,completed,McDonald's,googlepay,2026-08-05T22:55:17Z
txn_09261b483c49,acc_00347,384.24,SGD,denied,Lazada,card,2026-08-05T22:55:18Z
txn_ad98c13be05b,acc_00193,476.21,MYR,completed,Grab,grabpay,2026-08-05T22:55:57Z
txn_4d78c6d435a8,acc_00068,835.08,SGD,pending,Grab,card,2026-08-05T22:56:18Z
txn_2530b4de6c11,acc_00393,708.59,SGD,pending,Shopee,paynow,2026-08-05T22:56:59Z
txn_7928d605aa89,acc_00065,630.92,MYR,denied,Guardian,googlepay,2026-08-05T22:57:19Z
txn_beef611b9d66,acc_00488,725.31,SGD,denied,7-Eleven,card,2026-08-05T22:58:06Z
txn_924ede75057b,acc_00279,45.88,SGD,completed,Guardian,card,2026-08-05T22:58:09Z
txn_cffe8967750b,acc_00049,682.25,SGD,completed,Guardian,googlepay,2026-08-05T22:58:12Z
txn_1f3ee6f532c1,acc_00258,891.32,SGD,completed,Guardian,applepay,2026-08-05T22:58:36Z
txn_811f91cadbd3,acc_00418,436.57,SGD,denied,7-Eleven,card,2026-08-05T22:58:40Z
txn_9b0fd7bd5de3,acc_00001,228.44,SGD,denied,Cold Storage,applepay,2026-08-05T22:58:43Z
txn_31598bbb9b7e,acc_00398,353.21,SGD,denied,Shopee,googlepay,2026-08-05T22:58:48Z
txn_bd337dd2ca1f,acc_00149,271.01,SGD,completed,Lazada,card,2026-08-05T22:58:49Z
txn_380c7a0adba4,acc_00037,398.39,MYR,pending,Watsons,googlepay,2026-08-05T22:58:52Z
txn_fbcbb0846d67,acc_00059,36.08,SGD,pending,7-Eleven,googlepay,2026-08-05T22:59:04Z
txn_1b61f3725b02,acc_00130,897.42,SGD,denied,Guardian,paynow,2026-08-05T22:59:10Z
txn_9f6ce9a3e0bf,acc_00237,391.98,SGD,completed,NTUC FairPrice,googlepay,2026-08-05T22:59:16Z
txn_db6da8b1a9a5,acc_00101,238.75,SGD,completed,NTUC FairPrice,googlepay,2026-08-05T22:59:48Z
txn_19277a17de57,acc_00182,834.57,MYR,denied,McDonald's,googlepay,2026-08-05T23:00:18Z
txn_b4ce898247db,acc_00057,753.42,SGD,denied,Watsons,card,2026-08-05T23:00:31Z
txn_4a4b108e3c2d,acc_00046,262.17,SGD,completed,Watsons,applepay,2026-08-05T23:00:37Z
txn_1d0b4079b8b2,acc_00233,162.31,SGD,completed,McDonald's,paynow,2026-08-05T23:00:40Z
txn_0e080e54770f,acc_00182,581.21,SGD,completed,Watsons,googlepay,2026-08-05T23:00:53Z
txn_966a03323f3f,acc_00141,563.67,MYR,completed,McDonald's,googlepay,2026-08-05T23:01:08Z
txn_65994e9d2f6d,acc_00382,339.39,SGD,pending,Starbucks,grabpay,2026-08-05T23:01:21Z
txn_905f3fd9f334,acc_00390,759.58,SGD,pending,Shopee,googlepay,2026-08-05T23:01:30Z
txn_76d31cafe978,acc_00176,456.95,SGD,denied,7-Eleven,googlepay,2026-08-05T23:02:08Z
txn_333b03196a73,acc_00262,427.18,SGD,completed,Cold Storage,googlepay,2026-08-05T23:02:40Z
txn_96ebd2b3272a,acc_00388,591.24,SGD,completed,NTUC FairPrice,paynow,2026-08-05T23:02:48Z
txn_217a28d373ce,acc_00256,85.90,SGD,completed,Starbucks,card,2026-08-05T23:03:26Z
txn_29f1998fb9ee,acc_00396,126.91,SGD,completed,7-Eleven,applepay,2026-08-05T23:03:41Z
txn_5ea7cc63846b,acc_00421,749.99,MYR,completed,Shopee,googlepay,2026-08-05T23:04:07Z
txn_07b62106d9a9,acc_00268,801.19,SGD,completed,McDonald's,card,2026-08-05T23:04:18Z
txn_dac119c8a2e6,acc_00500,751.72,SGD,completed,Guardian,googlepay,2026-08-05T23:04:25Z
txn_566c5cb7e101,acc_00181,744.25,MYR,completed,Shopee,paynow,2026-08-05T23:04:52Z
txn_b556feb4f4c4,acc_00117,766.25,SGD,denied,Lazada,card,2026-08-05T23:04:58Z
txn_808974d2aa47,acc_00336,161.99,SGD,pending,Starbucks,paynow,2026-08-05T23:05:01Z
txn_68489ade94ee,acc_00081,481.28,SGD,pending,Watsons,grabpay,2026-08-05T23:05:05Z
txn_5d41f1ec2412,acc_00359,11.66,SGD,completed,Shopee,card,2026-08-05T23:05:05Z
txn_2c08e4fe75cd,acc_00495,308.60,MYR,completed,Cold Storage,card,2026-08-05T23:06:13Z
txn_9c679d173391,acc_00249,732.94,SGD,completed,Shopee,paynow,2026-08-05T23:06:40Z
txn_490e0a0a9b1b,acc_00023,381.68,SGD,denied,Shopee,card,2026-08-05T23:06:45Z
txn_f75367804dcb,acc_00357,416.99,SGD,completed,7-Eleven,googlepay,2026-08-05T23:06:46Z
txn_79f58be2af18,acc_00188,715.41,SGD,completed,Watsons,grabpay,2026-08-05T23:06:48Z
txn_c94c77fb50bf,acc_00066,440.29,SGD,completed,Cold Storage,applepay,2026-08-05T23:06:55Z
txn_fbe8603cadb4,acc_00391,394.07,SGD,completed,Watsons,applepay,2026-08-05T23:07:08Z
txn_c5e649e8b7a9,acc_00301,809.27,SGD,completed,7-Eleven,paynow,2026-08-05T23:07:13Z
txn_ae248e4c8ac3,acc_00199,253.63,SGD,completed,Guardian,applepay,2026-08-05T23:07:13Z
txn_b30caf107913,acc_00486,846.95,SGD,completed,Cold Storage,paynow,2026-08-05T23:07:18Z
txn_b6005ef0d0e2,acc_00167,883.31,SGD,completed,7-Eleven,paynow,2026-08-05T23:07:57Z
txn_27b9facb81c5,acc_00243,778.15,MYR,completed,7-Eleven,paynow,2026-08-05T23:08:37Z
txn_1f0321e162b8,acc_00403,115.20,MYR,pending,McDonald's,card,2026-08-05T23:08:55Z
txn_99ce0a6408e3,acc_00151,322.80,SGD,pending,7-Eleven,grabpay,2026-08-05T23:09:19Z
txn_2641709e1e92,acc_00251,248.90,SGD,completed,Grab,card,2026-08-05T23:09:36Z
txn_d2402f1383a3,acc_00273,341.93,SGD,completed,Guardian,applepay,2026-08-05T23:09:40Z
txn_5e3031cdebfc,acc_00349,396.61,MYR,completed,Starbucks,paynow,2026-08-05T23:09:47Z
txn_8d40cc5e5065,acc_00385,406.05,SGD,pending,Guardian,googlepay,2026-08-05T23:10:47Z
txn_71f3ba633797,acc_00236,110.11,SGD,completed,Guardian,applepay,2026-08-05T23:11:20Z
txn_96183b41055e,acc_00303,729.79,SGD,denied,Starbucks,grabpay,2026-08-05T23:11:22Z
txn_f032f1683b98,acc_00326,603.84,SGD,completed,Guardian,googlepay,2026-08-05T23:11:29Z
txn_4ba035e248cf,acc_00097,545.66,SGD,denied,Grab,card,2026-08-05T23:11:52Z
txn_b2058c550b2e,acc_00348,285.83,SGD,completed,Grab,googlepay,2026-08-05T23:12:28Z
txn_23e1b0c31684,acc_00338,527.08,SGD,completed,Cold Storage,paynow,2026-08-05T23:12:57Z
txn_bb91fd318329,acc_00229,807.74,SGD,pending,Cold Storage,paynow,2026-08-05T23:12:59Z
txn_df6d05c56b58,acc_00009,397.31,SGD,completed,7-Eleven,applepay,2026-08-05T23:13:10Z
txn_3adb27a107ae,acc_00141,43.35,SGD,denied,Cold Storage,paynow,2026-08-05T23:13:26Z
txn_1a942f2f8afd,acc_00163,533.05,SGD,completed,NTUC FairPrice,paynow,2026-08-05T23:13:36Z
txn_c902c2aa8e93,acc_00007,432.55,SGD,pending,Shopee,card,2026-08-05T23:14:25Z
txn_374ddc5f95eb,acc_00019,254.48,MYR,completed,NTUC FairPrice,paynow,2026-08-05T23:14:41Z
txn_fdc386244246,acc_00233,788.80,SGD,pending,Lazada,card,2026-08-05T23:15:24Z
txn_1b47601a6ea6,acc_00267,690.14,SGD,completed,Guardian,grabpay,2026-08-05T23:15:35Z
txn_ba295f42b0b6,acc_00375,485.71,SGD,denied,McDonald's,googlepay,2026-08-05T23:15:43Z
txn_b978781489bd,acc_00288,16.57,SGD,completed,NTUC FairPrice,applepay,2026-08-05T23:15:46Z
txn_0899d4692469,acc_00498,451.77,SGD,denied,Grab,grabpay,2026-08-05T23:15:48Z
txn_11faa7f572f4,acc_00239,550.05,SGD,completed,NTUC FairPrice,grabpay,2026-08-05T23:16:05Z
txn_58f12764345b,acc_00487,619.29,SGD,denied,Starbucks,paynow,2026-08-05T23:16:56Z
txn_ee4871cab3d7,acc_00038,406.35,SGD,completed,Shopee,googlepay,2026-08-05T23:17:39Z
txn_a1232f591364,acc_00397,315.82,SGD,completed,Cold Storage,googlepay,2026-08-05T23:18:17Z
txn_1a89fae349e9,acc_00066,593.42,SGD,completed,McDonald's,paynow,2026-08-05T23:18:18Z
txn_d4de24028cfa,acc_00237,223.09,SGD,completed,Lazada,paynow,2026-08-05T23:18:23Z
txn_57f205a85092,acc_00143,410.48,SGD,completed,McDonald's,paynow,2026-08-05T23:18:34Z
txn_b482346d6aba,acc_00490,92.98,SGD,completed,Guardian,card,2026-08-05T23:18:52Z
txn_562e6a0cef83,acc_00153,616.75,SGD,completed,7-Eleven,grabpay,2026-08-05T23:19:24Z
txn_f24b7d77e160,acc_00212,43.33,SGD,denied,Lazada,card,2026-08-05T23:19:27Z
txn_32e9f0a76aa2,acc_00286,500.98,MYR,completed,McDonald's,googlepay,2026-08-05T23:19:56Z
txn_0feb728c3006,acc_00034,816.00,SGD,completed,Guardian,grabpay,2026-08-05T23:20:06Z
txn_46e7acf2ef1f,acc_00485,82.54,MYR,denied,Watsons,paynow,2026-08-05T23:20:08Z
txn_af13aaa64bb2,acc_00078,269.78,SGD,pending,Grab,paynow,2026-08-05T23:20:11Z
txn_f62a813becc9,acc_00498,499.01,SGD,completed,Watsons,grabpay,2026-08-05T23:20:12Z
txn_212e8265d065,acc_00458,608.35,SGD,pending,NTUC FairPrice,googlepay,2026-08-05T23:20:18Z
txn_17e1c29d0bf1,acc_00480,32.46,SGD,completed,7-Eleven,googlepay,2026-08-05T23:20:28Z
txn_eb2df4767952,acc_00253,552.05,SGD,completed,McDonald's,applepay,2026-08-05T23:20:29Z
txn_50c0d043c568,acc_00238,112.45,SGD,completed,McDonald's,googlepay,2026-08-05T23:20:45Z
txn_af5945bd2497,acc_00003,741.85,SGD,pending,Shopee,card,2026-08-05T23:22:09Z
txn_7c26e40258d3,acc_00144,244.22,SGD,denied,Starbucks,paynow,2026-08-05T23:22:18Z
txn_b068b64957de,acc_00397,368.70,SGD,completed,7-Eleven,paynow,2026-08-05T23:22:58Z
txn_7aead71aed1b,acc_00217,103.46,SGD,completed,McDonald's,googlepay,2026-08-05T23:23:11Z
txn_2f6b334937ee,acc_00394,369.96,MYR,completed,Shopee,grabpay,2026-08-05T23:23:12Z
txn_57515a184331,acc_00411,658.60,SGD,completed,Lazada,card,2026-08-05T23:23:19Z
txn_ec7f250270ce,acc_00428,800.36,SGD,pending,NTUC FairPrice,paynow,2026-08-05T23:23:41Z
txn_31968967e71a,acc_00046,220.09,SGD,pending,Shopee,googlepay,2026-08-05T23:23:59Z
txn_e89d66c365a9,acc_00171,77.94,MYR,completed,NTUC FairPrice,grabpay,2026-08-05T23:24:00Z
txn_2f3186ae2a3f,acc_00126,582.91,SGD,completed,Starbucks,card,2026-08-05T23:24:16Z
txn_ade09a083932,acc_00468,848.75,SGD,completed,McDonald's,applepay,2026-08-05T23:24:19Z
txn_b2593a61f602,acc_00028,289.08,SGD,completed,Guardian,card,2026-08-05T23:24:37Z
txn_13e89c68fd47,acc_00028,354.28,SGD,completed,Grab,paynow,2026-08-05T23:24:39Z
txn_d17ef5ef5d40,acc_00252,99.82,SGD,pending,Lazada,googlepay,2026-08-05T23:25:23Z
txn_cc0a69099f9c,acc_00398,189.14,MYR,denied,NTUC FairPrice,card,2026-08-05T23:25:25Z
txn_aed48807559c,acc_00305,638.67,SGD,completed,Watsons,applepay,2026-08-05T23:25:43Z
txn_32cfcce4ad7b,acc_00064,801.45,SGD,completed,Cold Storage,grabpay,2026-08-05T23:26:21Z
txn_c44cbc7c5cda,acc_00238,536.47,SGD,completed,Guardian,grabpay,2026-08-05T23:26:39Z
txn_790989b4fdc3,acc_00367,50.67,SGD,denied,Shopee,grabpay,2026-08-05T23:26:45Z
txn_5591527901ea,acc_00408,623.37,SGD,denied,Guardian,card,2026-08-05T23:26:48Z
txn_beb4c06cef8c,acc_00018,55.74,SGD,denied,Guardian,card,2026-08-05T23:27:06Z
txn_db88be1c59aa,acc_00487,83.35,SGD,completed,Grab,grabpay,2026-08-05T23:27:34Z
txn_05e0107c40a6,acc_00488,597.18,SGD,completed,Grab,card,2026-08-05T23:27:42Z
txn_0dd508509e8f,acc_00068,85.89,SGD,completed,McDonald's,grabpay,2026-08-05T23:27:45Z
txn_f3d71266775e,acc_00047,618.13,SGD,completed,NTUC FairPrice,grabpay,2026-08-05T23:28:05Z
txn_f6ef6704e6c7,acc_00285,845.87,SGD,pending,Grab,applepay,2026-08-05T23:28:09Z
txn_6e587b1039d2,acc_00100,105.37,MYR,completed,Watsons,applepay,2026-08-05T23:28:18Z
txn_785c2fbbe5f5,acc_00228,855.61,SGD,completed,7-Eleven,googlepay,2026-08-05T23:28:38Z
txn_e0b887563a8d,acc_00390,611.74,SGD,denied,Guardian,grabpay,2026-08-05T23:29:07Z
txn_d7c5d405b1bb,acc_00261,854.70,SGD,completed,Cold Storage,googlepay,2026-08-05T23:29:08Z
txn_868899bbceba,acc_00225,811.29,SGD,completed,Lazada,grabpay,2026-08-05T23:29:09Z
txn_cafe88299af1,acc_00285,613.36,SGD,completed,Lazada,applepay,2026-08-05T23:29:15Z
txn_ca6b1ae010d5,acc_00097,64.83,SGD,pending,Lazada,applepay,2026-08-05T23:29:17Z
txn_b978f2098ca0,acc_00402,820.76,MYR,completed,Guardian,applepay,2026-08-05T23:29:24Z
txn_7b02c51b3014,acc_00198,571.52,SGD,completed,Grab,grabpay,2026-08-05T23:29:27Z
txn_bcc87bbb511b,acc_00252,881.52,SGD,denied,Starbucks,paynow,2026-08-05T23:30:04Z
txn_8ea4af695437,acc_00268,794.43,SGD,completed,Guardian,googlepay,2026-08-05T23:30:41Z
txn_0b4433965fa2,acc_00485,78.90,SGD,completed,Lazada,applepay,2026-08-05T23:31:03Z
txn_0ef5e78cdaad,acc_00211,794.23,SGD,pending,Lazada,paynow,2026-08-05T23:31:11Z
txn_4f2a4b92b7e9,acc_00198,142.24,MYR,completed,Starbucks,grabpay,2026-08-05T23:31:13Z
txn_633c478d0702,acc_00384,816.98,SGD,denied,Watsons,applepay,2026-08-05T23:31:17Z
txn_60a79cb4aa03,acc_00058,339.67,SGD,completed,Cold Storage,googlepay,2026-08-05T23:31:18Z
txn_fb8b3645b7ad,acc_00072,131.55,SGD,completed,Starbucks,paynow,2026-08-05T23:31:23Z
txn_336fb251ef03,acc_00264,893.45,SGD,pending,Lazada,googlepay,2026-08-05T23:33:00Z
txn_462e0af1050a,acc_00280,591.35,SGD,pending,Grab,grabpay,2026-08-05T23:33:03Z
txn_06cf5be31a2b,acc_00204,890.23,SGD,pending,Cold Storage,card,2026-08-05T23:33:10Z
txn_4413cb1dd091,acc_00095,177.72,SGD,denied,Starbucks,grabpay,2026-08-05T23:33:27Z
txn_f6a086cafeaf,acc_00401,376.83,SGD,denied,Grab,googlepay,2026-08-05T23:33:35Z
txn_6799ff218056,acc_00184,733.08,SGD,denied,Watsons,paynow,2026-08-05T23:33:39Z
txn_83dd37630d73,acc_00080,66.77,SGD,pending,Watsons,grabpay,2026-08-05T23:33:39Z
txn_90775dc3f1ab,acc_00136,690.16,SGD,completed,Watsons,paynow,2026-08-05T23:33:41Z
txn_87bfd62d13e5,acc_00011,767.47,SGD,pending,Starbucks,grabpay,2026-08-05T23:33:45Z
txn_ff4a8b9d7fca,acc_00452,546.02,MYR,denied,Watsons,card,2026-08-05T23:33:59Z
txn_a4167c95a258,acc_00315,824.41,SGD,completed,Cold Storage,googlepay,2026-08-05T23:33:59Z
txn_462d13accca3,acc_00022,142.46,SGD,completed,Lazada,googlepay,2026-08-05T23:34:08Z
txn_70de0b606ea8,acc_00040,237.51,SGD,completed,Cold Storage,applepay,2026-08-05T23:34:34Z
txn_1ef1c810d051,acc_00414,356.91,SGD,completed,Lazada,applepay,2026-08-05T23:34:44Z
txn_d74447d30d08,acc_00456,792.78,SGD,completed,Grab,paynow,2026-08-05T23:35:13Z
txn_abe6b1860874,acc_00212,98.49,SGD,pending,Shopee,paynow,2026-08-05T23:35:29Z
txn_f1bbaafbebc8,acc_00385,891.58,SGD,completed,Grab,googlepay,2026-08-05T23:35:36Z
txn_abdefe2b5a67,acc_00476,821.53,MYR,denied,McDonald's,paynow,2026-08-05T23:35:38Z
txn_345a6c1fded1,acc_00455,436.34,SGD,completed,Shopee,paynow,2026-08-05T23:35:57Z
txn_720d249231de,acc_00472,248.82,SGD,completed,Starbucks,googlepay,2026-08-05T23:36:11Z
txn_c4b8bbfdefb3,acc_00010,381.24,SGD,denied,Grab,grabpay,2026-08-05T23:36:14Z
txn_9e5cd7c435fd,acc_00097,64.10,SGD,completed,Cold Storage,googlepay,2026-08-05T23:36:24Z
txn_6b6ea1379248,acc_00232,171.30,MYR,completed,NTUC FairPrice,grabpay,2026-08-05T23:37:08Z
txn_3292e886375b,acc_00330,349.80,SGD,denied,Shopee,card,2026-08-05T23:37:26Z
txn_f5fa0b4c2599,acc_00112,855.39,MYR,denied,McDonald's,googlepay,2026-08-05T23:38:25Z
txn_7e0eb85ff8ca,acc_00180,780.95,MYR,completed,Guardian,googlepay,2026-08-05T23:39:39Z
txn_d1e3a0f254e9,acc_00217,868.01,SGD,completed,Cold Storage,applepay,2026-08-05T23:39:40Z
txn_6a8d9910d58b,acc_00148,57.89,SGD,denied,Cold Storage,grabpay,2026-08-05T23:39:40Z
txn_5833be524618,acc_00108,112.67,SGD,completed,Lazada,applepay,2026-08-05T23:39:44Z
txn_dbb5c3ead535,acc_00006,758.95,SGD,denied,Guardian,paynow,2026-08-05T23:39:50Z
txn_377273d6ae94,acc_00013,604.93,SGD,completed,McDonald's,card,2026-08-05T23:40:20Z
txn_ae3b39f00c15,acc_00491,37.03,SGD,completed,Grab,grabpay,2026-08-05T23:40:24Z
txn_1144fb5fc41b,acc_00371,39.96,SGD,pending,Watsons,paynow,2026-08-05T23:40:40Z
txn_6d890de4cb5c,acc_00003,832.06,MYR,completed,Lazada,paynow,2026-08-05T23:40:55Z
txn_591dd46f1dfd,acc_00305,370.11,SGD,completed,Cold Storage,paynow,2026-08-05T23:41:09Z
txn_64021e4f29ba,acc_00208,857.51,SGD,pending,Starbucks,card,2026-08-05T23:41:21Z
txn_3c0c05295315,acc_00343,2.55,SGD,denied,Starbucks,applepay,2026-08-05T23:41:54Z
txn_affa98e9118b,acc_00408,386.72,MYR,denied,Grab,grabpay,2026-08-05T23:41:57Z
txn_02a81baaee04,acc_00431,559.12,SGD,pending,7-Eleven,applepay,2026-08-05T23:42:12Z
txn_7d5385834296,acc_00203,703.83,SGD,completed,NTUC FairPrice,googlepay,2026-08-05T23:42:24Z
txn_12b626cebf52,acc_00101,20.28,SGD,completed,Shopee,applepay,2026-08-05T23:42:35Z
txn_11bf7c7cacee,acc_00138,499.78,MYR,completed,Lazada,googlepay,2026-08-05T23:43:20Z
txn_0cc0f22c9029,acc_00480,474.75,MYR,completed,McDonald's,paynow,2026-08-05T23:43:31Z
txn_e6f08d30e9ad,acc_00103,269.99,SGD,completed,McDonald's,paynow,2026-08-05T23:43:44Z
txn_9e3742cb09b5,acc_00387,507.26,SGD,denied,McDonald's,grabpay,2026-08-05T23:44:20Z
txn_5f64c5346322,acc_00227,442.35,SGD,completed,Watsons,applepay,2026-08-05T23:44:31Z
txn_487ab5be648d,acc_00336,763.02,SGD,completed,Guardian,card,2026-08-05T23:45:07Z
txn_b3393fec794e,acc_00016,6.47,SGD,completed,Cold Storage,card,2026-08-05T23:45:07Z
txn_d63ea3ba9a4d,acc_00418,356.81,SGD,pending,Guardian,googlepay,2026-08-05T23:45:56Z
txn_9c06b337beb2,acc_00061,218.67,SGD,completed,Guardian,paynow,2026-08-05T23:46:03Z
txn_54ac85bada01,acc_00293,655.46,SGD,completed,McDonald's,paynow,2026-08-05T23:46:12Z
txn_62c840043753,acc_00391,418.95,SGD,completed,Starbucks,googlepay,2026-08-05T23:46:43Z
txn_ca9f4f81629b,acc_00265,833.29,SGD,completed,Shopee,grabpay,2026-08-05T23:46:47Z
txn_81b4c1270d84,acc_00249,602.92,SGD,denied,Cold Storage,card,2026-08-05T23:46:56Z
txn_ead02690b016,acc_00030,492.48,SGD,denied,McDonald's,grabpay,2026-08-05T23:47:00Z
txn_e3b6415294f7,acc_00390,647.78,SGD,completed,Starbucks,card,2026-08-05T23:47:58Z
txn_6673e7fa0fc1,acc_00448,9.68,SGD,completed,Grab,grabpay,2026-08-05T23:48:29Z
txn_e6931938f56c,acc_00218,434.45,SGD,denied,7-Eleven,paynow,2026-08-05T23:48:35Z
txn_211cbde0a34e,acc_00023,192.08,SGD,completed,7-Eleven,applepay,2026-08-05T23:48:46Z
txn_47268ddaca15,acc_00059,391.74,SGD,denied,7-Eleven,card,2026-08-05T23:49:08Z
txn_a750977f591b,acc_00299,319.22,SGD,completed,McDonald's,googlepay,2026-08-05T23:49:15Z
txn_ec8c8afd8166,acc_00067,567.52,MYR,completed,NTUC FairPrice,googlepay,2026-08-05T23:49:27Z
txn_125fb5cd24df,acc_00090,134.34,MYR,completed,Lazada,card,2026-08-05T23:49:59Z
txn_6a3bb2f70e4d,acc_00267,62.43,SGD,denied,NTUC FairPrice,googlepay,2026-08-05T23:50:02Z
txn_1bfa952dca26,acc_00166,677.65,MYR,completed,Cold Storage,applepay,2026-08-05T23:50:04Z
txn_c0d194411c44,acc_00041,289.25,SGD,completed,Shopee,grabpay,2026-08-05T23:50:09Z
txn_c8d4a549e211,acc_00260,180.47,SGD,denied,Lazada,grabpay,2026-08-05T23:50:40Z
txn_c30373f8d77a,acc_00292,517.12,MYR,completed,NTUC FairPrice,googlepay,2026-08-05T23:51:08Z
txn_403f303f8aa8,acc_00464,418.87,SGD,completed,Watsons,googlepay,2026-08-05T23:51:18Z
txn_192dc0dc1d60,acc_00029,342.63,SGD,completed,NTUC FairPrice,googlepay,2026-08-05T23:53:11Z
txn_ec066053bfd7,acc_00322,859.78,MYR,completed,7-Eleven,card,2026-08-05T23:53:25Z
txn_179aaaa0daad,acc_00353,635.35,SGD,completed,Starbucks,paynow,2026-08-05T23:53:33Z
txn_3987264425af,acc_00273,394.51,SGD,denied,7-Eleven,card,2026-08-05T23:53:43Z
txn_43f577460dee,acc_00099,33.05,MYR,completed,NTUC FairPrice,googlepay,2026-08-05T23:54:22Z
txn_3d90b16c52cb,acc_00426,420.46,SGD,completed,Guardian,card,2026-08-05T23:54:23Z
txn_a078f35be1b6,acc_00461,140.45,SGD,pending,NTUC FairPrice,paynow,2026-08-05T23:54:26Z
txn_4611abe6d55b,acc_00252,233.72,SGD,completed,Lazada,card,2026-08-05T23:54:28Z
txn_18ea2cfba963,acc_00393,526.62,SGD,completed,Grab,paynow,2026-08-05T23:54:56Z
txn_45636c7d1fbe,acc_00251,107.44,SGD,denied,Starbucks,googlepay,2026-08-05T23:55:00Z
txn_1a6584d1ab19,acc_00225,210.81,SGD,denied,7-Eleven,googlepay,2026-08-05T23:55:08Z
txn_991abe482199,acc_00433,410.37,SGD,denied,Guardian,applepay,2026-08-05T23:55:36Z
txn_f0b89091766b,acc_00344,597.13,SGD,completed,Watsons,paynow,2026-08-05T23:55:48Z
txn_6ba2403f0d9c,acc_00105,406.60,SGD,pending,NTUC FairPrice,grabpay,2026-08-05T23:55:48Z
txn_df257899da84,acc_00472,307.49,SGD,completed,Shopee,googlepay,2026-08-05T23:55:59Z
txn_63d72e0429f9,acc_00160,411.92,SGD,denied,Lazada,applepay,2026-08-05T23:56:00Z
txn_c813199da2a4,acc_00211,317.55,SGD,completed,Watsons,applepay,2026-08-05T23:56:02Z
txn_5ae78b93f74c,acc_00006,662.86,SGD,completed,Cold Storage,paynow,2026-08-05T23:56:36Z
txn_4df28742676f,acc_00162,229.03,SGD,pending,Watsons,card,2026-08-05T23:56:40Z
txn_4a464f2038c1,acc_00203,107.22,SGD,pending,McDonald's,applepay,2026-08-05T23:56:48Z
txn_0eb04fe9dea3,acc_00418,523.19,MYR,completed,7-Eleven,applepay,2026-08-05T23:56:56Z
txn_11488fb50571,acc_00055,438.11,SGD,completed,Guardian,applepay,2026-08-05T23:57:15Z
txn_1f685574e3b6,acc_00020,609.73,SGD,completed,7-Eleven,card,2026-08-05T23:57:16Z
txn_007004636153,acc_00155,210.71,SGD,denied,Starbucks,googlepay,2026-08-05T23:57:29Z
txn_174c589979ce,acc_00478,484.46,SGD,completed,7-Eleven,googlepay,2026-08-05T23:58:02Z
txn_17a6575a03c7,acc_00439,329.25,MYR,completed,7-Eleven,card,2026-08-05T23:58:03Z
txn_d20452290114,acc_00072,421.85,SGD,completed,Guardian,applepay,2026-08-05T23:58:05Z
txn_ebc2a9632bba,acc_00346,443.75,SGD,pending,McDonald's,googlepay,2026-08-05T23:58:37Z
txn_0d8f2136f484,acc_00411,313.12,SGD,completed,McDonald's,card,2026-08-05T23:58:45Z
txn_1015c4e840e2,acc_00258,577.78,MYR,denied,Shopee,paynow,2026-08-05T23:59:01Z
txn_f2b7a5468c6e,acc_00193,772.39,SGD,denied,Shopee,applepay,2026-08-05T23:59:17Z
txn_e16e2d0ec103,acc_00144,856.07,SGD,completed,McDonald's,googlepay,2026-08-05T23:59:20Z
txn_48966c580039,acc_00304,100.37,SGD,completed,Guardian,card,2026-08-05T23:59:23Z
txn_e078e3d113ce,acc_00187,688.66,SGD,denied,Shopee,card,2026-08-05T23:59:24Z
txn_98ec9abb8636,acc_00470,755.79,SGD,pending,McDonald's,googlepay,2026-08-05T23:59:32Z
